ISO-10303-21;
HEADER;
FILE_DESCRIPTION(('KiCad electronic assembly'),'2;1');
FILE_NAME('v1_backleds.step','2026-05-18T21:13:14',('Pcbnew'),('Kicad'),
  'Open CASCADE STEP processor 7.9','KiCad to STEP converter','Unknown'
  );
FILE_SCHEMA(('AUTOMOTIVE_DESIGN { 1 0 10303 214 1 1 1 1 }'));
ENDSEC;
DATA;
#1 = APPLICATION_PROTOCOL_DEFINITION('international standard',
  'automotive_design',2000,#2);
#2 = APPLICATION_CONTEXT(
  'core data for automotive mechanical design processes');
#3 = SHAPE_DEFINITION_REPRESENTATION(#4,#10);
#4 = PRODUCT_DEFINITION_SHAPE('','',#5);
#5 = PRODUCT_DEFINITION('design','',#6,#9);
#6 = PRODUCT_DEFINITION_FORMATION('','',#7);
#7 = PRODUCT('v1_backleds 1','v1_backleds 1','',(#8));
#8 = PRODUCT_CONTEXT('',#2,'mechanical');
#9 = PRODUCT_DEFINITION_CONTEXT('part definition',#2,'design');
#10 = SHAPE_REPRESENTATION('',(#11,#15,#19,#23,#27,#31,#35,#39),#43);
#11 = AXIS2_PLACEMENT_3D('',#12,#13,#14);
#12 = CARTESIAN_POINT('',(0.,0.,0.));
#13 = DIRECTION('',(0.,0.,1.));
#14 = DIRECTION('',(1.,0.,-0.));
#15 = AXIS2_PLACEMENT_3D('',#16,#17,#18);
#16 = CARTESIAN_POINT('',(123.711221,-106.408779,1.595));
#17 = DIRECTION('',(0.,-0.,1.));
#18 = DIRECTION('',(1.110223024625E-16,1.,0.));
#19 = AXIS2_PLACEMENT_3D('',#20,#21,#22);
#20 = CARTESIAN_POINT('',(126.771221,-85.148779,-8.5E-02));
#21 = DIRECTION('',(1.499759782662E-32,1.224646799147E-16,-1.));
#22 = DIRECTION('',(-1.,1.224646799147E-16,0.));
#23 = AXIS2_PLACEMENT_3D('',#24,#25,#26);
#24 = CARTESIAN_POINT('',(113.101221,-95.438779,-8.5E-02));
#25 = DIRECTION('',(-1.224646799147E-16,-1.359631073447E-32,-1.));
#26 = DIRECTION('',(1.110223024625E-16,-1.,0.));
#27 = AXIS2_PLACEMENT_3D('',#28,#29,#30);
#28 = CARTESIAN_POINT('',(140.921221,-95.808779,-8.5E-02));
#29 = DIRECTION('',(1.224646799147E-16,-1.359631073447E-32,-1.));
#30 = DIRECTION('',(1.110223024625E-16,1.,0.));
#31 = AXIS2_PLACEMENT_3D('',#32,#33,#34);
#32 = CARTESIAN_POINT('',(118.041221,-112.388779,-8.5E-02));
#33 = DIRECTION('',(0.,-1.224646799147E-16,-1.));
#34 = DIRECTION('',(1.,0.,0.));
#35 = AXIS2_PLACEMENT_3D('',#36,#37,#38);
#36 = CARTESIAN_POINT('',(135.,-112.6,-8.5E-02));
#37 = DIRECTION('',(0.,-1.224646799147E-16,-1.));
#38 = DIRECTION('',(1.,0.,0.));
#39 = AXIS2_PLACEMENT_3D('',#40,#41,#42);
#40 = CARTESIAN_POINT('',(0.,0.,0.));
#41 = DIRECTION('',(0.,0.,1.));
#42 = DIRECTION('',(1.,0.,-0.));
#43 = ( GEOMETRIC_REPRESENTATION_CONTEXT(3) 
GLOBAL_UNCERTAINTY_ASSIGNED_CONTEXT((#47)) GLOBAL_UNIT_ASSIGNED_CONTEXT(
(#44,#45,#46)) REPRESENTATION_CONTEXT('Context #1',
  '3D Context with UNIT and UNCERTAINTY') );
#44 = ( LENGTH_UNIT() NAMED_UNIT(*) SI_UNIT(.MILLI.,.METRE.) );
#45 = ( NAMED_UNIT(*) PLANE_ANGLE_UNIT() SI_UNIT($,.RADIAN.) );
#46 = ( NAMED_UNIT(*) SI_UNIT($,.STERADIAN.) SOLID_ANGLE_UNIT() );
#47 = UNCERTAINTY_MEASURE_WITH_UNIT(LENGTH_MEASURE(1.E-06),#44,
  'distance_accuracy_value','confusion accuracy');
#48 = PRODUCT_RELATED_PRODUCT_CATEGORY('part',$,(#7));
#49 = SHAPE_DEFINITION_REPRESENTATION(#50,#56);
#50 = PRODUCT_DEFINITION_SHAPE('','',#51);
#51 = PRODUCT_DEFINITION('design','',#52,#55);
#52 = PRODUCT_DEFINITION_FORMATION('','',#53);
#53 = PRODUCT('PinHeader_1x03_P2.54mm_Vertical',
  'PinHeader_1x03_P2.54mm_Vertical','',(#54));
#54 = PRODUCT_CONTEXT('',#2,'mechanical');
#55 = PRODUCT_DEFINITION_CONTEXT('part definition',#2,'design');
#56 = ADVANCED_BREP_SHAPE_REPRESENTATION('',(#11,#57),#2163);
#57 = MANIFOLD_SOLID_BREP('',#58);
#58 = CLOSED_SHELL('',(#59,#99,#130,#161,#408,#655,#672,#689,#706,#723,
    #740,#757,#774,#791,#808,#825,#842,#859,#876,#893,#910,#927,#939,
    #970,#994,#1018,#1035,#1066,#1090,#1114,#1131,#1162,#1186,#1210,
    #1227,#1258,#1282,#1306,#1323,#1354,#1378,#1402,#1419,#1450,#1474,
    #1498,#1515,#1546,#1570,#1594,#1611,#1642,#1666,#1690,#1707,#1738,
    #1762,#1786,#1803,#1834,#1858,#1882,#1899,#1930,#1954,#1978,#1995,
    #2026,#2050,#2074,#2091,#2103,#2115,#2127,#2139,#2151));
#59 = ADVANCED_FACE('',(#60),#94,.F.);
#60 = FACE_BOUND('',#61,.F.);
#61 = EDGE_LOOP('',(#62,#72,#80,#88));
#62 = ORIENTED_EDGE('',*,*,#63,.T.);
#63 = EDGE_CURVE('',#64,#66,#68,.T.);
#64 = VERTEX_POINT('',#65);
#65 = CARTESIAN_POINT('',(-1.016,1.27,0.));
#66 = VERTEX_POINT('',#67);
#67 = CARTESIAN_POINT('',(-1.016,1.27,2.54));
#68 = LINE('',#69,#70);
#69 = CARTESIAN_POINT('',(-1.016,1.27,0.));
#70 = VECTOR('',#71,1.);
#71 = DIRECTION('',(0.,0.,1.));
#72 = ORIENTED_EDGE('',*,*,#73,.T.);
#73 = EDGE_CURVE('',#66,#74,#76,.T.);
#74 = VERTEX_POINT('',#75);
#75 = CARTESIAN_POINT('',(-1.27,1.016,2.54));
#76 = LINE('',#77,#78);
#77 = CARTESIAN_POINT('',(-1.016,1.27,2.54));
#78 = VECTOR('',#79,1.);
#79 = DIRECTION('',(-0.707106781187,-0.707106781187,0.));
#80 = ORIENTED_EDGE('',*,*,#81,.F.);
#81 = EDGE_CURVE('',#82,#74,#84,.T.);
#82 = VERTEX_POINT('',#83);
#83 = CARTESIAN_POINT('',(-1.27,1.016,0.));
#84 = LINE('',#85,#86);
#85 = CARTESIAN_POINT('',(-1.27,1.016,0.));
#86 = VECTOR('',#87,1.);
#87 = DIRECTION('',(0.,0.,1.));
#88 = ORIENTED_EDGE('',*,*,#89,.F.);
#89 = EDGE_CURVE('',#64,#82,#90,.T.);
#90 = LINE('',#91,#92);
#91 = CARTESIAN_POINT('',(-1.016,1.27,0.));
#92 = VECTOR('',#93,1.);
#93 = DIRECTION('',(-0.707106781187,-0.707106781187,0.));
#94 = PLANE('',#95);
#95 = AXIS2_PLACEMENT_3D('',#96,#97,#98);
#96 = CARTESIAN_POINT('',(-1.016,1.27,0.));
#97 = DIRECTION('',(0.707106781187,-0.707106781187,0.));
#98 = DIRECTION('',(-0.707106781187,-0.707106781187,0.));
#99 = ADVANCED_FACE('',(#100),#125,.F.);
#100 = FACE_BOUND('',#101,.F.);
#101 = EDGE_LOOP('',(#102,#112,#118,#119));
#102 = ORIENTED_EDGE('',*,*,#103,.T.);
#103 = EDGE_CURVE('',#104,#106,#108,.T.);
#104 = VERTEX_POINT('',#105);
#105 = CARTESIAN_POINT('',(1.016,1.27,0.));
#106 = VERTEX_POINT('',#107);
#107 = CARTESIAN_POINT('',(1.016,1.27,2.54));
#108 = LINE('',#109,#110);
#109 = CARTESIAN_POINT('',(1.016,1.27,0.));
#110 = VECTOR('',#111,1.);
#111 = DIRECTION('',(0.,0.,1.));
#112 = ORIENTED_EDGE('',*,*,#113,.T.);
#113 = EDGE_CURVE('',#106,#66,#114,.T.);
#114 = LINE('',#115,#116);
#115 = CARTESIAN_POINT('',(1.016,1.27,2.54));
#116 = VECTOR('',#117,1.);
#117 = DIRECTION('',(-1.,0.,0.));
#118 = ORIENTED_EDGE('',*,*,#63,.F.);
#119 = ORIENTED_EDGE('',*,*,#120,.F.);
#120 = EDGE_CURVE('',#104,#64,#121,.T.);
#121 = LINE('',#122,#123);
#122 = CARTESIAN_POINT('',(1.016,1.27,0.));
#123 = VECTOR('',#124,1.);
#124 = DIRECTION('',(-1.,0.,0.));
#125 = PLANE('',#126);
#126 = AXIS2_PLACEMENT_3D('',#127,#128,#129);
#127 = CARTESIAN_POINT('',(1.016,1.27,0.));
#128 = DIRECTION('',(0.,-1.,0.));
#129 = DIRECTION('',(-1.,0.,0.));
#130 = ADVANCED_FACE('',(#131),#156,.F.);
#131 = FACE_BOUND('',#132,.F.);
#132 = EDGE_LOOP('',(#133,#134,#142,#150));
#133 = ORIENTED_EDGE('',*,*,#81,.T.);
#134 = ORIENTED_EDGE('',*,*,#135,.T.);
#135 = EDGE_CURVE('',#74,#136,#138,.T.);
#136 = VERTEX_POINT('',#137);
#137 = CARTESIAN_POINT('',(-1.27,-1.016,2.54));
#138 = LINE('',#139,#140);
#139 = CARTESIAN_POINT('',(-1.27,1.016,2.54));
#140 = VECTOR('',#141,1.);
#141 = DIRECTION('',(0.,-1.,0.));
#142 = ORIENTED_EDGE('',*,*,#143,.F.);
#143 = EDGE_CURVE('',#144,#136,#146,.T.);
#144 = VERTEX_POINT('',#145);
#145 = CARTESIAN_POINT('',(-1.27,-1.016,0.));
#146 = LINE('',#147,#148);
#147 = CARTESIAN_POINT('',(-1.27,-1.016,0.));
#148 = VECTOR('',#149,1.);
#149 = DIRECTION('',(0.,0.,1.));
#150 = ORIENTED_EDGE('',*,*,#151,.F.);
#151 = EDGE_CURVE('',#82,#144,#152,.T.);
#152 = LINE('',#153,#154);
#153 = CARTESIAN_POINT('',(-1.27,1.016,0.));
#154 = VECTOR('',#155,1.);
#155 = DIRECTION('',(0.,-1.,0.));
#156 = PLANE('',#157);
#157 = AXIS2_PLACEMENT_3D('',#158,#159,#160);
#158 = CARTESIAN_POINT('',(-1.27,1.016,0.));
#159 = DIRECTION('',(1.,0.,0.));
#160 = DIRECTION('',(0.,-1.,0.));
#161 = ADVANCED_FACE('',(#162,#301,#335,#369),#403,.F.);
#162 = FACE_BOUND('',#163,.F.);
#163 = EDGE_LOOP('',(#164,#165,#166,#174,#182,#190,#198,#206,#214,#222,
    #230,#238,#246,#254,#262,#270,#278,#286,#294,#300));
#164 = ORIENTED_EDGE('',*,*,#89,.T.);
#165 = ORIENTED_EDGE('',*,*,#151,.T.);
#166 = ORIENTED_EDGE('',*,*,#167,.T.);
#167 = EDGE_CURVE('',#144,#168,#170,.T.);
#168 = VERTEX_POINT('',#169);
#169 = CARTESIAN_POINT('',(-1.016,-1.27,0.));
#170 = LINE('',#171,#172);
#171 = CARTESIAN_POINT('',(-1.27,-1.016,0.));
#172 = VECTOR('',#173,1.);
#173 = DIRECTION('',(0.707106781187,-0.707106781187,0.));
#174 = ORIENTED_EDGE('',*,*,#175,.T.);
#175 = EDGE_CURVE('',#168,#176,#178,.T.);
#176 = VERTEX_POINT('',#177);
#177 = CARTESIAN_POINT('',(-1.27,-1.524,0.));
#178 = LINE('',#179,#180);
#179 = CARTESIAN_POINT('',(-1.016,-1.27,0.));
#180 = VECTOR('',#181,1.);
#181 = DIRECTION('',(-0.707106781187,-0.707106781187,0.));
#182 = ORIENTED_EDGE('',*,*,#183,.T.);
#183 = EDGE_CURVE('',#176,#184,#186,.T.);
#184 = VERTEX_POINT('',#185);
#185 = CARTESIAN_POINT('',(-1.27,-3.556,0.));
#186 = LINE('',#187,#188);
#187 = CARTESIAN_POINT('',(-1.27,-1.524,0.));
#188 = VECTOR('',#189,1.);
#189 = DIRECTION('',(0.,-1.,0.));
#190 = ORIENTED_EDGE('',*,*,#191,.T.);
#191 = EDGE_CURVE('',#184,#192,#194,.T.);
#192 = VERTEX_POINT('',#193);
#193 = CARTESIAN_POINT('',(-1.016,-3.81,0.));
#194 = LINE('',#195,#196);
#195 = CARTESIAN_POINT('',(-1.27,-3.556,0.));
#196 = VECTOR('',#197,1.);
#197 = DIRECTION('',(0.707106781187,-0.707106781187,0.));
#198 = ORIENTED_EDGE('',*,*,#199,.T.);
#199 = EDGE_CURVE('',#192,#200,#202,.T.);
#200 = VERTEX_POINT('',#201);
#201 = CARTESIAN_POINT('',(-1.27,-4.064,0.));
#202 = LINE('',#203,#204);
#203 = CARTESIAN_POINT('',(-1.016,-3.81,0.));
#204 = VECTOR('',#205,1.);
#205 = DIRECTION('',(-0.707106781187,-0.707106781187,0.));
#206 = ORIENTED_EDGE('',*,*,#207,.T.);
#207 = EDGE_CURVE('',#200,#208,#210,.T.);
#208 = VERTEX_POINT('',#209);
#209 = CARTESIAN_POINT('',(-1.27,-6.096,0.));
#210 = LINE('',#211,#212);
#211 = CARTESIAN_POINT('',(-1.27,-4.064,0.));
#212 = VECTOR('',#213,1.);
#213 = DIRECTION('',(0.,-1.,0.));
#214 = ORIENTED_EDGE('',*,*,#215,.T.);
#215 = EDGE_CURVE('',#208,#216,#218,.T.);
#216 = VERTEX_POINT('',#217);
#217 = CARTESIAN_POINT('',(-1.016,-6.35,0.));
#218 = LINE('',#219,#220);
#219 = CARTESIAN_POINT('',(-1.27,-6.096,0.));
#220 = VECTOR('',#221,1.);
#221 = DIRECTION('',(0.707106781187,-0.707106781187,0.));
#222 = ORIENTED_EDGE('',*,*,#223,.T.);
#223 = EDGE_CURVE('',#216,#224,#226,.T.);
#224 = VERTEX_POINT('',#225);
#225 = CARTESIAN_POINT('',(1.016,-6.35,0.));
#226 = LINE('',#227,#228);
#227 = CARTESIAN_POINT('',(-1.016,-6.35,0.));
#228 = VECTOR('',#229,1.);
#229 = DIRECTION('',(1.,0.,0.));
#230 = ORIENTED_EDGE('',*,*,#231,.T.);
#231 = EDGE_CURVE('',#224,#232,#234,.T.);
#232 = VERTEX_POINT('',#233);
#233 = CARTESIAN_POINT('',(1.27,-6.096,0.));
#234 = LINE('',#235,#236);
#235 = CARTESIAN_POINT('',(1.016,-6.35,0.));
#236 = VECTOR('',#237,1.);
#237 = DIRECTION('',(0.707106781187,0.707106781187,0.));
#238 = ORIENTED_EDGE('',*,*,#239,.T.);
#239 = EDGE_CURVE('',#232,#240,#242,.T.);
#240 = VERTEX_POINT('',#241);
#241 = CARTESIAN_POINT('',(1.27,-4.064,0.));
#242 = LINE('',#243,#244);
#243 = CARTESIAN_POINT('',(1.27,-6.096,0.));
#244 = VECTOR('',#245,1.);
#245 = DIRECTION('',(0.,1.,0.));
#246 = ORIENTED_EDGE('',*,*,#247,.T.);
#247 = EDGE_CURVE('',#240,#248,#250,.T.);
#248 = VERTEX_POINT('',#249);
#249 = CARTESIAN_POINT('',(1.016,-3.81,0.));
#250 = LINE('',#251,#252);
#251 = CARTESIAN_POINT('',(1.27,-4.064,0.));
#252 = VECTOR('',#253,1.);
#253 = DIRECTION('',(-0.707106781187,0.707106781187,0.));
#254 = ORIENTED_EDGE('',*,*,#255,.T.);
#255 = EDGE_CURVE('',#248,#256,#258,.T.);
#256 = VERTEX_POINT('',#257);
#257 = CARTESIAN_POINT('',(1.27,-3.556,0.));
#258 = LINE('',#259,#260);
#259 = CARTESIAN_POINT('',(1.016,-3.81,0.));
#260 = VECTOR('',#261,1.);
#261 = DIRECTION('',(0.707106781187,0.707106781187,0.));
#262 = ORIENTED_EDGE('',*,*,#263,.T.);
#263 = EDGE_CURVE('',#256,#264,#266,.T.);
#264 = VERTEX_POINT('',#265);
#265 = CARTESIAN_POINT('',(1.27,-1.524,0.));
#266 = LINE('',#267,#268);
#267 = CARTESIAN_POINT('',(1.27,-3.556,0.));
#268 = VECTOR('',#269,1.);
#269 = DIRECTION('',(0.,1.,0.));
#270 = ORIENTED_EDGE('',*,*,#271,.T.);
#271 = EDGE_CURVE('',#264,#272,#274,.T.);
#272 = VERTEX_POINT('',#273);
#273 = CARTESIAN_POINT('',(1.016,-1.27,0.));
#274 = LINE('',#275,#276);
#275 = CARTESIAN_POINT('',(1.27,-1.524,0.));
#276 = VECTOR('',#277,1.);
#277 = DIRECTION('',(-0.707106781187,0.707106781187,0.));
#278 = ORIENTED_EDGE('',*,*,#279,.T.);
#279 = EDGE_CURVE('',#272,#280,#282,.T.);
#280 = VERTEX_POINT('',#281);
#281 = CARTESIAN_POINT('',(1.27,-1.016,0.));
#282 = LINE('',#283,#284);
#283 = CARTESIAN_POINT('',(1.016,-1.27,0.));
#284 = VECTOR('',#285,1.);
#285 = DIRECTION('',(0.707106781187,0.707106781187,0.));
#286 = ORIENTED_EDGE('',*,*,#287,.T.);
#287 = EDGE_CURVE('',#280,#288,#290,.T.);
#288 = VERTEX_POINT('',#289);
#289 = CARTESIAN_POINT('',(1.27,1.016,0.));
#290 = LINE('',#291,#292);
#291 = CARTESIAN_POINT('',(1.27,-1.016,0.));
#292 = VECTOR('',#293,1.);
#293 = DIRECTION('',(0.,1.,0.));
#294 = ORIENTED_EDGE('',*,*,#295,.T.);
#295 = EDGE_CURVE('',#288,#104,#296,.T.);
#296 = LINE('',#297,#298);
#297 = CARTESIAN_POINT('',(1.27,1.016,0.));
#298 = VECTOR('',#299,1.);
#299 = DIRECTION('',(-0.707106781187,0.707106781187,0.));
#300 = ORIENTED_EDGE('',*,*,#120,.T.);
#301 = FACE_BOUND('',#302,.F.);
#302 = EDGE_LOOP('',(#303,#313,#321,#329));
#303 = ORIENTED_EDGE('',*,*,#304,.F.);
#304 = EDGE_CURVE('',#305,#307,#309,.T.);
#305 = VERTEX_POINT('',#306);
#306 = CARTESIAN_POINT('',(0.32,-0.32,0.));
#307 = VERTEX_POINT('',#308);
#308 = CARTESIAN_POINT('',(0.32,0.32,0.));
#309 = LINE('',#310,#311);
#310 = CARTESIAN_POINT('',(0.32,-1.43,0.));
#311 = VECTOR('',#312,1.);
#312 = DIRECTION('',(0.,1.,0.));
#313 = ORIENTED_EDGE('',*,*,#314,.T.);
#314 = EDGE_CURVE('',#305,#315,#317,.T.);
#315 = VERTEX_POINT('',#316);
#316 = CARTESIAN_POINT('',(-0.32,-0.32,0.));
#317 = LINE('',#318,#319);
#318 = CARTESIAN_POINT('',(-0.16,-0.32,0.));
#319 = VECTOR('',#320,1.);
#320 = DIRECTION('',(-1.,0.,0.));
#321 = ORIENTED_EDGE('',*,*,#322,.T.);
#322 = EDGE_CURVE('',#315,#323,#325,.T.);
#323 = VERTEX_POINT('',#324);
#324 = CARTESIAN_POINT('',(-0.32,0.32,0.));
#325 = LINE('',#326,#327);
#326 = CARTESIAN_POINT('',(-0.32,-1.43,0.));
#327 = VECTOR('',#328,1.);
#328 = DIRECTION('',(0.,1.,0.));
#329 = ORIENTED_EDGE('',*,*,#330,.F.);
#330 = EDGE_CURVE('',#307,#323,#331,.T.);
#331 = LINE('',#332,#333);
#332 = CARTESIAN_POINT('',(-0.16,0.32,0.));
#333 = VECTOR('',#334,1.);
#334 = DIRECTION('',(-1.,0.,0.));
#335 = FACE_BOUND('',#336,.F.);
#336 = EDGE_LOOP('',(#337,#347,#355,#363));
#337 = ORIENTED_EDGE('',*,*,#338,.T.);
#338 = EDGE_CURVE('',#339,#341,#343,.T.);
#339 = VERTEX_POINT('',#340);
#340 = CARTESIAN_POINT('',(0.32,-2.86,0.));
#341 = VERTEX_POINT('',#342);
#342 = CARTESIAN_POINT('',(-0.32,-2.86,0.));
#343 = LINE('',#344,#345);
#344 = CARTESIAN_POINT('',(-0.16,-2.86,0.));
#345 = VECTOR('',#346,1.);
#346 = DIRECTION('',(-1.,0.,0.));
#347 = ORIENTED_EDGE('',*,*,#348,.T.);
#348 = EDGE_CURVE('',#341,#349,#351,.T.);
#349 = VERTEX_POINT('',#350);
#350 = CARTESIAN_POINT('',(-0.32,-2.22,0.));
#351 = LINE('',#352,#353);
#352 = CARTESIAN_POINT('',(-0.32,-2.7,0.));
#353 = VECTOR('',#354,1.);
#354 = DIRECTION('',(0.,1.,0.));
#355 = ORIENTED_EDGE('',*,*,#356,.F.);
#356 = EDGE_CURVE('',#357,#349,#359,.T.);
#357 = VERTEX_POINT('',#358);
#358 = CARTESIAN_POINT('',(0.32,-2.22,0.));
#359 = LINE('',#360,#361);
#360 = CARTESIAN_POINT('',(-0.16,-2.22,0.));
#361 = VECTOR('',#362,1.);
#362 = DIRECTION('',(-1.,0.,0.));
#363 = ORIENTED_EDGE('',*,*,#364,.F.);
#364 = EDGE_CURVE('',#339,#357,#365,.T.);
#365 = LINE('',#366,#367);
#366 = CARTESIAN_POINT('',(0.32,-2.7,0.));
#367 = VECTOR('',#368,1.);
#368 = DIRECTION('',(0.,1.,0.));
#369 = FACE_BOUND('',#370,.F.);
#370 = EDGE_LOOP('',(#371,#381,#389,#397));
#371 = ORIENTED_EDGE('',*,*,#372,.F.);
#372 = EDGE_CURVE('',#373,#375,#377,.T.);
#373 = VERTEX_POINT('',#374);
#374 = CARTESIAN_POINT('',(0.32,-4.76,0.));
#375 = VERTEX_POINT('',#376);
#376 = CARTESIAN_POINT('',(-0.32,-4.76,0.));
#377 = LINE('',#378,#379);
#378 = CARTESIAN_POINT('',(-0.16,-4.76,0.));
#379 = VECTOR('',#380,1.);
#380 = DIRECTION('',(-1.,0.,0.));
#381 = ORIENTED_EDGE('',*,*,#382,.F.);
#382 = EDGE_CURVE('',#383,#373,#385,.T.);
#383 = VERTEX_POINT('',#384);
#384 = CARTESIAN_POINT('',(0.32,-5.4,0.));
#385 = LINE('',#386,#387);
#386 = CARTESIAN_POINT('',(0.32,-3.97,0.));
#387 = VECTOR('',#388,1.);
#388 = DIRECTION('',(0.,1.,0.));
#389 = ORIENTED_EDGE('',*,*,#390,.T.);
#390 = EDGE_CURVE('',#383,#391,#393,.T.);
#391 = VERTEX_POINT('',#392);
#392 = CARTESIAN_POINT('',(-0.32,-5.4,0.));
#393 = LINE('',#394,#395);
#394 = CARTESIAN_POINT('',(-0.16,-5.4,0.));
#395 = VECTOR('',#396,1.);
#396 = DIRECTION('',(-1.,0.,0.));
#397 = ORIENTED_EDGE('',*,*,#398,.T.);
#398 = EDGE_CURVE('',#391,#375,#399,.T.);
#399 = LINE('',#400,#401);
#400 = CARTESIAN_POINT('',(-0.32,-3.97,0.));
#401 = VECTOR('',#402,1.);
#402 = DIRECTION('',(0.,1.,0.));
#403 = PLANE('',#404);
#404 = AXIS2_PLACEMENT_3D('',#405,#406,#407);
#405 = CARTESIAN_POINT('',(5.398204781459E-17,-2.54,0.));
#406 = DIRECTION('',(0.,0.,1.));
#407 = DIRECTION('',(1.,0.,-0.));
#408 = ADVANCED_FACE('',(#409,#548,#582,#616),#650,.T.);
#409 = FACE_BOUND('',#410,.T.);
#410 = EDGE_LOOP('',(#411,#412,#413,#421,#429,#437,#445,#453,#461,#469,
    #477,#485,#493,#501,#509,#517,#525,#533,#541,#547));
#411 = ORIENTED_EDGE('',*,*,#73,.T.);
#412 = ORIENTED_EDGE('',*,*,#135,.T.);
#413 = ORIENTED_EDGE('',*,*,#414,.T.);
#414 = EDGE_CURVE('',#136,#415,#417,.T.);
#415 = VERTEX_POINT('',#416);
#416 = CARTESIAN_POINT('',(-1.016,-1.27,2.54));
#417 = LINE('',#418,#419);
#418 = CARTESIAN_POINT('',(-1.27,-1.016,2.54));
#419 = VECTOR('',#420,1.);
#420 = DIRECTION('',(0.707106781187,-0.707106781187,0.));
#421 = ORIENTED_EDGE('',*,*,#422,.T.);
#422 = EDGE_CURVE('',#415,#423,#425,.T.);
#423 = VERTEX_POINT('',#424);
#424 = CARTESIAN_POINT('',(-1.27,-1.524,2.54));
#425 = LINE('',#426,#427);
#426 = CARTESIAN_POINT('',(-1.016,-1.27,2.54));
#427 = VECTOR('',#428,1.);
#428 = DIRECTION('',(-0.707106781187,-0.707106781187,0.));
#429 = ORIENTED_EDGE('',*,*,#430,.T.);
#430 = EDGE_CURVE('',#423,#431,#433,.T.);
#431 = VERTEX_POINT('',#432);
#432 = CARTESIAN_POINT('',(-1.27,-3.556,2.54));
#433 = LINE('',#434,#435);
#434 = CARTESIAN_POINT('',(-1.27,-1.524,2.54));
#435 = VECTOR('',#436,1.);
#436 = DIRECTION('',(0.,-1.,0.));
#437 = ORIENTED_EDGE('',*,*,#438,.T.);
#438 = EDGE_CURVE('',#431,#439,#441,.T.);
#439 = VERTEX_POINT('',#440);
#440 = CARTESIAN_POINT('',(-1.016,-3.81,2.54));
#441 = LINE('',#442,#443);
#442 = CARTESIAN_POINT('',(-1.27,-3.556,2.54));
#443 = VECTOR('',#444,1.);
#444 = DIRECTION('',(0.707106781187,-0.707106781187,0.));
#445 = ORIENTED_EDGE('',*,*,#446,.T.);
#446 = EDGE_CURVE('',#439,#447,#449,.T.);
#447 = VERTEX_POINT('',#448);
#448 = CARTESIAN_POINT('',(-1.27,-4.064,2.54));
#449 = LINE('',#450,#451);
#450 = CARTESIAN_POINT('',(-1.016,-3.81,2.54));
#451 = VECTOR('',#452,1.);
#452 = DIRECTION('',(-0.707106781187,-0.707106781187,0.));
#453 = ORIENTED_EDGE('',*,*,#454,.T.);
#454 = EDGE_CURVE('',#447,#455,#457,.T.);
#455 = VERTEX_POINT('',#456);
#456 = CARTESIAN_POINT('',(-1.27,-6.096,2.54));
#457 = LINE('',#458,#459);
#458 = CARTESIAN_POINT('',(-1.27,-4.064,2.54));
#459 = VECTOR('',#460,1.);
#460 = DIRECTION('',(0.,-1.,0.));
#461 = ORIENTED_EDGE('',*,*,#462,.T.);
#462 = EDGE_CURVE('',#455,#463,#465,.T.);
#463 = VERTEX_POINT('',#464);
#464 = CARTESIAN_POINT('',(-1.016,-6.35,2.54));
#465 = LINE('',#466,#467);
#466 = CARTESIAN_POINT('',(-1.27,-6.096,2.54));
#467 = VECTOR('',#468,1.);
#468 = DIRECTION('',(0.707106781187,-0.707106781187,0.));
#469 = ORIENTED_EDGE('',*,*,#470,.T.);
#470 = EDGE_CURVE('',#463,#471,#473,.T.);
#471 = VERTEX_POINT('',#472);
#472 = CARTESIAN_POINT('',(1.016,-6.35,2.54));
#473 = LINE('',#474,#475);
#474 = CARTESIAN_POINT('',(-1.016,-6.35,2.54));
#475 = VECTOR('',#476,1.);
#476 = DIRECTION('',(1.,0.,0.));
#477 = ORIENTED_EDGE('',*,*,#478,.T.);
#478 = EDGE_CURVE('',#471,#479,#481,.T.);
#479 = VERTEX_POINT('',#480);
#480 = CARTESIAN_POINT('',(1.27,-6.096,2.54));
#481 = LINE('',#482,#483);
#482 = CARTESIAN_POINT('',(1.016,-6.35,2.54));
#483 = VECTOR('',#484,1.);
#484 = DIRECTION('',(0.707106781187,0.707106781187,0.));
#485 = ORIENTED_EDGE('',*,*,#486,.T.);
#486 = EDGE_CURVE('',#479,#487,#489,.T.);
#487 = VERTEX_POINT('',#488);
#488 = CARTESIAN_POINT('',(1.27,-4.064,2.54));
#489 = LINE('',#490,#491);
#490 = CARTESIAN_POINT('',(1.27,-6.096,2.54));
#491 = VECTOR('',#492,1.);
#492 = DIRECTION('',(0.,1.,0.));
#493 = ORIENTED_EDGE('',*,*,#494,.T.);
#494 = EDGE_CURVE('',#487,#495,#497,.T.);
#495 = VERTEX_POINT('',#496);
#496 = CARTESIAN_POINT('',(1.016,-3.81,2.54));
#497 = LINE('',#498,#499);
#498 = CARTESIAN_POINT('',(1.27,-4.064,2.54));
#499 = VECTOR('',#500,1.);
#500 = DIRECTION('',(-0.707106781187,0.707106781187,0.));
#501 = ORIENTED_EDGE('',*,*,#502,.T.);
#502 = EDGE_CURVE('',#495,#503,#505,.T.);
#503 = VERTEX_POINT('',#504);
#504 = CARTESIAN_POINT('',(1.27,-3.556,2.54));
#505 = LINE('',#506,#507);
#506 = CARTESIAN_POINT('',(1.016,-3.81,2.54));
#507 = VECTOR('',#508,1.);
#508 = DIRECTION('',(0.707106781187,0.707106781187,0.));
#509 = ORIENTED_EDGE('',*,*,#510,.T.);
#510 = EDGE_CURVE('',#503,#511,#513,.T.);
#511 = VERTEX_POINT('',#512);
#512 = CARTESIAN_POINT('',(1.27,-1.524,2.54));
#513 = LINE('',#514,#515);
#514 = CARTESIAN_POINT('',(1.27,-3.556,2.54));
#515 = VECTOR('',#516,1.);
#516 = DIRECTION('',(0.,1.,0.));
#517 = ORIENTED_EDGE('',*,*,#518,.T.);
#518 = EDGE_CURVE('',#511,#519,#521,.T.);
#519 = VERTEX_POINT('',#520);
#520 = CARTESIAN_POINT('',(1.016,-1.27,2.54));
#521 = LINE('',#522,#523);
#522 = CARTESIAN_POINT('',(1.27,-1.524,2.54));
#523 = VECTOR('',#524,1.);
#524 = DIRECTION('',(-0.707106781187,0.707106781187,0.));
#525 = ORIENTED_EDGE('',*,*,#526,.T.);
#526 = EDGE_CURVE('',#519,#527,#529,.T.);
#527 = VERTEX_POINT('',#528);
#528 = CARTESIAN_POINT('',(1.27,-1.016,2.54));
#529 = LINE('',#530,#531);
#530 = CARTESIAN_POINT('',(1.016,-1.27,2.54));
#531 = VECTOR('',#532,1.);
#532 = DIRECTION('',(0.707106781187,0.707106781187,0.));
#533 = ORIENTED_EDGE('',*,*,#534,.T.);
#534 = EDGE_CURVE('',#527,#535,#537,.T.);
#535 = VERTEX_POINT('',#536);
#536 = CARTESIAN_POINT('',(1.27,1.016,2.54));
#537 = LINE('',#538,#539);
#538 = CARTESIAN_POINT('',(1.27,-1.016,2.54));
#539 = VECTOR('',#540,1.);
#540 = DIRECTION('',(0.,1.,0.));
#541 = ORIENTED_EDGE('',*,*,#542,.T.);
#542 = EDGE_CURVE('',#535,#106,#543,.T.);
#543 = LINE('',#544,#545);
#544 = CARTESIAN_POINT('',(1.27,1.016,2.54));
#545 = VECTOR('',#546,1.);
#546 = DIRECTION('',(-0.707106781187,0.707106781187,0.));
#547 = ORIENTED_EDGE('',*,*,#113,.T.);
#548 = FACE_BOUND('',#549,.T.);
#549 = EDGE_LOOP('',(#550,#560,#568,#576));
#550 = ORIENTED_EDGE('',*,*,#551,.F.);
#551 = EDGE_CURVE('',#552,#554,#556,.T.);
#552 = VERTEX_POINT('',#553);
#553 = CARTESIAN_POINT('',(0.32,-0.32,2.54));
#554 = VERTEX_POINT('',#555);
#555 = CARTESIAN_POINT('',(0.32,0.32,2.54));
#556 = LINE('',#557,#558);
#557 = CARTESIAN_POINT('',(0.32,-1.43,2.54));
#558 = VECTOR('',#559,1.);
#559 = DIRECTION('',(0.,1.,0.));
#560 = ORIENTED_EDGE('',*,*,#561,.T.);
#561 = EDGE_CURVE('',#552,#562,#564,.T.);
#562 = VERTEX_POINT('',#563);
#563 = CARTESIAN_POINT('',(-0.32,-0.32,2.54));
#564 = LINE('',#565,#566);
#565 = CARTESIAN_POINT('',(-0.16,-0.32,2.54));
#566 = VECTOR('',#567,1.);
#567 = DIRECTION('',(-1.,0.,0.));
#568 = ORIENTED_EDGE('',*,*,#569,.T.);
#569 = EDGE_CURVE('',#562,#570,#572,.T.);
#570 = VERTEX_POINT('',#571);
#571 = CARTESIAN_POINT('',(-0.32,0.32,2.54));
#572 = LINE('',#573,#574);
#573 = CARTESIAN_POINT('',(-0.32,-1.43,2.54));
#574 = VECTOR('',#575,1.);
#575 = DIRECTION('',(0.,1.,0.));
#576 = ORIENTED_EDGE('',*,*,#577,.F.);
#577 = EDGE_CURVE('',#554,#570,#578,.T.);
#578 = LINE('',#579,#580);
#579 = CARTESIAN_POINT('',(-0.16,0.32,2.54));
#580 = VECTOR('',#581,1.);
#581 = DIRECTION('',(-1.,0.,0.));
#582 = FACE_BOUND('',#583,.T.);
#583 = EDGE_LOOP('',(#584,#594,#602,#610));
#584 = ORIENTED_EDGE('',*,*,#585,.T.);
#585 = EDGE_CURVE('',#586,#588,#590,.T.);
#586 = VERTEX_POINT('',#587);
#587 = CARTESIAN_POINT('',(0.32,-2.86,2.54));
#588 = VERTEX_POINT('',#589);
#589 = CARTESIAN_POINT('',(-0.32,-2.86,2.54));
#590 = LINE('',#591,#592);
#591 = CARTESIAN_POINT('',(-0.16,-2.86,2.54));
#592 = VECTOR('',#593,1.);
#593 = DIRECTION('',(-1.,0.,0.));
#594 = ORIENTED_EDGE('',*,*,#595,.T.);
#595 = EDGE_CURVE('',#588,#596,#598,.T.);
#596 = VERTEX_POINT('',#597);
#597 = CARTESIAN_POINT('',(-0.32,-2.22,2.54));
#598 = LINE('',#599,#600);
#599 = CARTESIAN_POINT('',(-0.32,-2.7,2.54));
#600 = VECTOR('',#601,1.);
#601 = DIRECTION('',(0.,1.,0.));
#602 = ORIENTED_EDGE('',*,*,#603,.F.);
#603 = EDGE_CURVE('',#604,#596,#606,.T.);
#604 = VERTEX_POINT('',#605);
#605 = CARTESIAN_POINT('',(0.32,-2.22,2.54));
#606 = LINE('',#607,#608);
#607 = CARTESIAN_POINT('',(-0.16,-2.22,2.54));
#608 = VECTOR('',#609,1.);
#609 = DIRECTION('',(-1.,0.,0.));
#610 = ORIENTED_EDGE('',*,*,#611,.F.);
#611 = EDGE_CURVE('',#586,#604,#612,.T.);
#612 = LINE('',#613,#614);
#613 = CARTESIAN_POINT('',(0.32,-2.7,2.54));
#614 = VECTOR('',#615,1.);
#615 = DIRECTION('',(0.,1.,0.));
#616 = FACE_BOUND('',#617,.T.);
#617 = EDGE_LOOP('',(#618,#628,#636,#644));
#618 = ORIENTED_EDGE('',*,*,#619,.F.);
#619 = EDGE_CURVE('',#620,#622,#624,.T.);
#620 = VERTEX_POINT('',#621);
#621 = CARTESIAN_POINT('',(0.32,-4.76,2.54));
#622 = VERTEX_POINT('',#623);
#623 = CARTESIAN_POINT('',(-0.32,-4.76,2.54));
#624 = LINE('',#625,#626);
#625 = CARTESIAN_POINT('',(-0.16,-4.76,2.54));
#626 = VECTOR('',#627,1.);
#627 = DIRECTION('',(-1.,0.,0.));
#628 = ORIENTED_EDGE('',*,*,#629,.F.);
#629 = EDGE_CURVE('',#630,#620,#632,.T.);
#630 = VERTEX_POINT('',#631);
#631 = CARTESIAN_POINT('',(0.32,-5.4,2.54));
#632 = LINE('',#633,#634);
#633 = CARTESIAN_POINT('',(0.32,-3.97,2.54));
#634 = VECTOR('',#635,1.);
#635 = DIRECTION('',(0.,1.,0.));
#636 = ORIENTED_EDGE('',*,*,#637,.T.);
#637 = EDGE_CURVE('',#630,#638,#640,.T.);
#638 = VERTEX_POINT('',#639);
#639 = CARTESIAN_POINT('',(-0.32,-5.4,2.54));
#640 = LINE('',#641,#642);
#641 = CARTESIAN_POINT('',(-0.16,-5.4,2.54));
#642 = VECTOR('',#643,1.);
#643 = DIRECTION('',(-1.,0.,0.));
#644 = ORIENTED_EDGE('',*,*,#645,.T.);
#645 = EDGE_CURVE('',#638,#622,#646,.T.);
#646 = LINE('',#647,#648);
#647 = CARTESIAN_POINT('',(-0.32,-3.97,2.54));
#648 = VECTOR('',#649,1.);
#649 = DIRECTION('',(0.,1.,0.));
#650 = PLANE('',#651);
#651 = AXIS2_PLACEMENT_3D('',#652,#653,#654);
#652 = CARTESIAN_POINT('',(5.398204781459E-17,-2.54,2.54));
#653 = DIRECTION('',(0.,0.,1.));
#654 = DIRECTION('',(1.,0.,-0.));
#655 = ADVANCED_FACE('',(#656),#667,.F.);
#656 = FACE_BOUND('',#657,.F.);
#657 = EDGE_LOOP('',(#658,#664,#665,#666));
#658 = ORIENTED_EDGE('',*,*,#659,.T.);
#659 = EDGE_CURVE('',#288,#535,#660,.T.);
#660 = LINE('',#661,#662);
#661 = CARTESIAN_POINT('',(1.27,1.016,0.));
#662 = VECTOR('',#663,1.);
#663 = DIRECTION('',(0.,0.,1.));
#664 = ORIENTED_EDGE('',*,*,#542,.T.);
#665 = ORIENTED_EDGE('',*,*,#103,.F.);
#666 = ORIENTED_EDGE('',*,*,#295,.F.);
#667 = PLANE('',#668);
#668 = AXIS2_PLACEMENT_3D('',#669,#670,#671);
#669 = CARTESIAN_POINT('',(1.27,1.016,0.));
#670 = DIRECTION('',(-0.707106781187,-0.707106781187,0.));
#671 = DIRECTION('',(-0.707106781187,0.707106781187,0.));
#672 = ADVANCED_FACE('',(#673),#684,.F.);
#673 = FACE_BOUND('',#674,.F.);
#674 = EDGE_LOOP('',(#675,#676,#677,#683));
#675 = ORIENTED_EDGE('',*,*,#143,.T.);
#676 = ORIENTED_EDGE('',*,*,#414,.T.);
#677 = ORIENTED_EDGE('',*,*,#678,.F.);
#678 = EDGE_CURVE('',#168,#415,#679,.T.);
#679 = LINE('',#680,#681);
#680 = CARTESIAN_POINT('',(-1.016,-1.27,0.));
#681 = VECTOR('',#682,1.);
#682 = DIRECTION('',(0.,0.,1.));
#683 = ORIENTED_EDGE('',*,*,#167,.F.);
#684 = PLANE('',#685);
#685 = AXIS2_PLACEMENT_3D('',#686,#687,#688);
#686 = CARTESIAN_POINT('',(-1.27,-1.016,0.));
#687 = DIRECTION('',(0.707106781187,0.707106781187,0.));
#688 = DIRECTION('',(0.707106781187,-0.707106781187,0.));
#689 = ADVANCED_FACE('',(#690),#701,.F.);
#690 = FACE_BOUND('',#691,.F.);
#691 = EDGE_LOOP('',(#692,#698,#699,#700));
#692 = ORIENTED_EDGE('',*,*,#693,.T.);
#693 = EDGE_CURVE('',#280,#527,#694,.T.);
#694 = LINE('',#695,#696);
#695 = CARTESIAN_POINT('',(1.27,-1.016,0.));
#696 = VECTOR('',#697,1.);
#697 = DIRECTION('',(0.,0.,1.));
#698 = ORIENTED_EDGE('',*,*,#534,.T.);
#699 = ORIENTED_EDGE('',*,*,#659,.F.);
#700 = ORIENTED_EDGE('',*,*,#287,.F.);
#701 = PLANE('',#702);
#702 = AXIS2_PLACEMENT_3D('',#703,#704,#705);
#703 = CARTESIAN_POINT('',(1.27,-1.016,0.));
#704 = DIRECTION('',(-1.,0.,0.));
#705 = DIRECTION('',(0.,1.,0.));
#706 = ADVANCED_FACE('',(#707),#718,.F.);
#707 = FACE_BOUND('',#708,.F.);
#708 = EDGE_LOOP('',(#709,#710,#711,#717));
#709 = ORIENTED_EDGE('',*,*,#678,.T.);
#710 = ORIENTED_EDGE('',*,*,#422,.T.);
#711 = ORIENTED_EDGE('',*,*,#712,.F.);
#712 = EDGE_CURVE('',#176,#423,#713,.T.);
#713 = LINE('',#714,#715);
#714 = CARTESIAN_POINT('',(-1.27,-1.524,0.));
#715 = VECTOR('',#716,1.);
#716 = DIRECTION('',(0.,0.,1.));
#717 = ORIENTED_EDGE('',*,*,#175,.F.);
#718 = PLANE('',#719);
#719 = AXIS2_PLACEMENT_3D('',#720,#721,#722);
#720 = CARTESIAN_POINT('',(-1.016,-1.27,0.));
#721 = DIRECTION('',(0.707106781187,-0.707106781187,0.));
#722 = DIRECTION('',(-0.707106781187,-0.707106781187,0.));
#723 = ADVANCED_FACE('',(#724),#735,.F.);
#724 = FACE_BOUND('',#725,.F.);
#725 = EDGE_LOOP('',(#726,#732,#733,#734));
#726 = ORIENTED_EDGE('',*,*,#727,.T.);
#727 = EDGE_CURVE('',#272,#519,#728,.T.);
#728 = LINE('',#729,#730);
#729 = CARTESIAN_POINT('',(1.016,-1.27,0.));
#730 = VECTOR('',#731,1.);
#731 = DIRECTION('',(0.,0.,1.));
#732 = ORIENTED_EDGE('',*,*,#526,.T.);
#733 = ORIENTED_EDGE('',*,*,#693,.F.);
#734 = ORIENTED_EDGE('',*,*,#279,.F.);
#735 = PLANE('',#736);
#736 = AXIS2_PLACEMENT_3D('',#737,#738,#739);
#737 = CARTESIAN_POINT('',(1.016,-1.27,0.));
#738 = DIRECTION('',(-0.707106781187,0.707106781187,0.));
#739 = DIRECTION('',(0.707106781187,0.707106781187,0.));
#740 = ADVANCED_FACE('',(#741),#752,.F.);
#741 = FACE_BOUND('',#742,.F.);
#742 = EDGE_LOOP('',(#743,#744,#745,#751));
#743 = ORIENTED_EDGE('',*,*,#712,.T.);
#744 = ORIENTED_EDGE('',*,*,#430,.T.);
#745 = ORIENTED_EDGE('',*,*,#746,.F.);
#746 = EDGE_CURVE('',#184,#431,#747,.T.);
#747 = LINE('',#748,#749);
#748 = CARTESIAN_POINT('',(-1.27,-3.556,0.));
#749 = VECTOR('',#750,1.);
#750 = DIRECTION('',(0.,0.,1.));
#751 = ORIENTED_EDGE('',*,*,#183,.F.);
#752 = PLANE('',#753);
#753 = AXIS2_PLACEMENT_3D('',#754,#755,#756);
#754 = CARTESIAN_POINT('',(-1.27,-1.524,0.));
#755 = DIRECTION('',(1.,0.,0.));
#756 = DIRECTION('',(0.,-1.,0.));
#757 = ADVANCED_FACE('',(#758),#769,.F.);
#758 = FACE_BOUND('',#759,.F.);
#759 = EDGE_LOOP('',(#760,#766,#767,#768));
#760 = ORIENTED_EDGE('',*,*,#761,.T.);
#761 = EDGE_CURVE('',#264,#511,#762,.T.);
#762 = LINE('',#763,#764);
#763 = CARTESIAN_POINT('',(1.27,-1.524,0.));
#764 = VECTOR('',#765,1.);
#765 = DIRECTION('',(0.,0.,1.));
#766 = ORIENTED_EDGE('',*,*,#518,.T.);
#767 = ORIENTED_EDGE('',*,*,#727,.F.);
#768 = ORIENTED_EDGE('',*,*,#271,.F.);
#769 = PLANE('',#770);
#770 = AXIS2_PLACEMENT_3D('',#771,#772,#773);
#771 = CARTESIAN_POINT('',(1.27,-1.524,0.));
#772 = DIRECTION('',(-0.707106781187,-0.707106781187,0.));
#773 = DIRECTION('',(-0.707106781187,0.707106781187,0.));
#774 = ADVANCED_FACE('',(#775),#786,.F.);
#775 = FACE_BOUND('',#776,.F.);
#776 = EDGE_LOOP('',(#777,#778,#779,#785));
#777 = ORIENTED_EDGE('',*,*,#746,.T.);
#778 = ORIENTED_EDGE('',*,*,#438,.T.);
#779 = ORIENTED_EDGE('',*,*,#780,.F.);
#780 = EDGE_CURVE('',#192,#439,#781,.T.);
#781 = LINE('',#782,#783);
#782 = CARTESIAN_POINT('',(-1.016,-3.81,0.));
#783 = VECTOR('',#784,1.);
#784 = DIRECTION('',(0.,0.,1.));
#785 = ORIENTED_EDGE('',*,*,#191,.F.);
#786 = PLANE('',#787);
#787 = AXIS2_PLACEMENT_3D('',#788,#789,#790);
#788 = CARTESIAN_POINT('',(-1.27,-3.556,0.));
#789 = DIRECTION('',(0.707106781187,0.707106781187,0.));
#790 = DIRECTION('',(0.707106781187,-0.707106781187,0.));
#791 = ADVANCED_FACE('',(#792),#803,.F.);
#792 = FACE_BOUND('',#793,.F.);
#793 = EDGE_LOOP('',(#794,#800,#801,#802));
#794 = ORIENTED_EDGE('',*,*,#795,.T.);
#795 = EDGE_CURVE('',#256,#503,#796,.T.);
#796 = LINE('',#797,#798);
#797 = CARTESIAN_POINT('',(1.27,-3.556,0.));
#798 = VECTOR('',#799,1.);
#799 = DIRECTION('',(0.,0.,1.));
#800 = ORIENTED_EDGE('',*,*,#510,.T.);
#801 = ORIENTED_EDGE('',*,*,#761,.F.);
#802 = ORIENTED_EDGE('',*,*,#263,.F.);
#803 = PLANE('',#804);
#804 = AXIS2_PLACEMENT_3D('',#805,#806,#807);
#805 = CARTESIAN_POINT('',(1.27,-3.556,0.));
#806 = DIRECTION('',(-1.,0.,0.));
#807 = DIRECTION('',(0.,1.,0.));
#808 = ADVANCED_FACE('',(#809),#820,.F.);
#809 = FACE_BOUND('',#810,.F.);
#810 = EDGE_LOOP('',(#811,#812,#813,#819));
#811 = ORIENTED_EDGE('',*,*,#780,.T.);
#812 = ORIENTED_EDGE('',*,*,#446,.T.);
#813 = ORIENTED_EDGE('',*,*,#814,.F.);
#814 = EDGE_CURVE('',#200,#447,#815,.T.);
#815 = LINE('',#816,#817);
#816 = CARTESIAN_POINT('',(-1.27,-4.064,0.));
#817 = VECTOR('',#818,1.);
#818 = DIRECTION('',(0.,0.,1.));
#819 = ORIENTED_EDGE('',*,*,#199,.F.);
#820 = PLANE('',#821);
#821 = AXIS2_PLACEMENT_3D('',#822,#823,#824);
#822 = CARTESIAN_POINT('',(-1.016,-3.81,0.));
#823 = DIRECTION('',(0.707106781187,-0.707106781187,0.));
#824 = DIRECTION('',(-0.707106781187,-0.707106781187,0.));
#825 = ADVANCED_FACE('',(#826),#837,.F.);
#826 = FACE_BOUND('',#827,.F.);
#827 = EDGE_LOOP('',(#828,#834,#835,#836));
#828 = ORIENTED_EDGE('',*,*,#829,.T.);
#829 = EDGE_CURVE('',#248,#495,#830,.T.);
#830 = LINE('',#831,#832);
#831 = CARTESIAN_POINT('',(1.016,-3.81,0.));
#832 = VECTOR('',#833,1.);
#833 = DIRECTION('',(0.,0.,1.));
#834 = ORIENTED_EDGE('',*,*,#502,.T.);
#835 = ORIENTED_EDGE('',*,*,#795,.F.);
#836 = ORIENTED_EDGE('',*,*,#255,.F.);
#837 = PLANE('',#838);
#838 = AXIS2_PLACEMENT_3D('',#839,#840,#841);
#839 = CARTESIAN_POINT('',(1.016,-3.81,0.));
#840 = DIRECTION('',(-0.707106781187,0.707106781187,0.));
#841 = DIRECTION('',(0.707106781187,0.707106781187,0.));
#842 = ADVANCED_FACE('',(#843),#854,.F.);
#843 = FACE_BOUND('',#844,.F.);
#844 = EDGE_LOOP('',(#845,#846,#847,#853));
#845 = ORIENTED_EDGE('',*,*,#814,.T.);
#846 = ORIENTED_EDGE('',*,*,#454,.T.);
#847 = ORIENTED_EDGE('',*,*,#848,.F.);
#848 = EDGE_CURVE('',#208,#455,#849,.T.);
#849 = LINE('',#850,#851);
#850 = CARTESIAN_POINT('',(-1.27,-6.096,0.));
#851 = VECTOR('',#852,1.);
#852 = DIRECTION('',(0.,0.,1.));
#853 = ORIENTED_EDGE('',*,*,#207,.F.);
#854 = PLANE('',#855);
#855 = AXIS2_PLACEMENT_3D('',#856,#857,#858);
#856 = CARTESIAN_POINT('',(-1.27,-4.064,0.));
#857 = DIRECTION('',(1.,0.,0.));
#858 = DIRECTION('',(0.,-1.,0.));
#859 = ADVANCED_FACE('',(#860),#871,.F.);
#860 = FACE_BOUND('',#861,.F.);
#861 = EDGE_LOOP('',(#862,#868,#869,#870));
#862 = ORIENTED_EDGE('',*,*,#863,.T.);
#863 = EDGE_CURVE('',#240,#487,#864,.T.);
#864 = LINE('',#865,#866);
#865 = CARTESIAN_POINT('',(1.27,-4.064,0.));
#866 = VECTOR('',#867,1.);
#867 = DIRECTION('',(0.,0.,1.));
#868 = ORIENTED_EDGE('',*,*,#494,.T.);
#869 = ORIENTED_EDGE('',*,*,#829,.F.);
#870 = ORIENTED_EDGE('',*,*,#247,.F.);
#871 = PLANE('',#872);
#872 = AXIS2_PLACEMENT_3D('',#873,#874,#875);
#873 = CARTESIAN_POINT('',(1.27,-4.064,0.));
#874 = DIRECTION('',(-0.707106781187,-0.707106781187,0.));
#875 = DIRECTION('',(-0.707106781187,0.707106781187,0.));
#876 = ADVANCED_FACE('',(#877),#888,.F.);
#877 = FACE_BOUND('',#878,.F.);
#878 = EDGE_LOOP('',(#879,#880,#881,#887));
#879 = ORIENTED_EDGE('',*,*,#848,.T.);
#880 = ORIENTED_EDGE('',*,*,#462,.T.);
#881 = ORIENTED_EDGE('',*,*,#882,.F.);
#882 = EDGE_CURVE('',#216,#463,#883,.T.);
#883 = LINE('',#884,#885);
#884 = CARTESIAN_POINT('',(-1.016,-6.35,0.));
#885 = VECTOR('',#886,1.);
#886 = DIRECTION('',(0.,0.,1.));
#887 = ORIENTED_EDGE('',*,*,#215,.F.);
#888 = PLANE('',#889);
#889 = AXIS2_PLACEMENT_3D('',#890,#891,#892);
#890 = CARTESIAN_POINT('',(-1.27,-6.096,0.));
#891 = DIRECTION('',(0.707106781187,0.707106781187,0.));
#892 = DIRECTION('',(0.707106781187,-0.707106781187,0.));
#893 = ADVANCED_FACE('',(#894),#905,.F.);
#894 = FACE_BOUND('',#895,.F.);
#895 = EDGE_LOOP('',(#896,#902,#903,#904));
#896 = ORIENTED_EDGE('',*,*,#897,.T.);
#897 = EDGE_CURVE('',#232,#479,#898,.T.);
#898 = LINE('',#899,#900);
#899 = CARTESIAN_POINT('',(1.27,-6.096,0.));
#900 = VECTOR('',#901,1.);
#901 = DIRECTION('',(0.,0.,1.));
#902 = ORIENTED_EDGE('',*,*,#486,.T.);
#903 = ORIENTED_EDGE('',*,*,#863,.F.);
#904 = ORIENTED_EDGE('',*,*,#239,.F.);
#905 = PLANE('',#906);
#906 = AXIS2_PLACEMENT_3D('',#907,#908,#909);
#907 = CARTESIAN_POINT('',(1.27,-6.096,0.));
#908 = DIRECTION('',(-1.,0.,0.));
#909 = DIRECTION('',(0.,1.,0.));
#910 = ADVANCED_FACE('',(#911),#922,.F.);
#911 = FACE_BOUND('',#912,.F.);
#912 = EDGE_LOOP('',(#913,#914,#915,#921));
#913 = ORIENTED_EDGE('',*,*,#882,.T.);
#914 = ORIENTED_EDGE('',*,*,#470,.T.);
#915 = ORIENTED_EDGE('',*,*,#916,.F.);
#916 = EDGE_CURVE('',#224,#471,#917,.T.);
#917 = LINE('',#918,#919);
#918 = CARTESIAN_POINT('',(1.016,-6.35,0.));
#919 = VECTOR('',#920,1.);
#920 = DIRECTION('',(0.,0.,1.));
#921 = ORIENTED_EDGE('',*,*,#223,.F.);
#922 = PLANE('',#923);
#923 = AXIS2_PLACEMENT_3D('',#924,#925,#926);
#924 = CARTESIAN_POINT('',(-1.016,-6.35,0.));
#925 = DIRECTION('',(0.,1.,0.));
#926 = DIRECTION('',(1.,0.,0.));
#927 = ADVANCED_FACE('',(#928),#934,.F.);
#928 = FACE_BOUND('',#929,.F.);
#929 = EDGE_LOOP('',(#930,#931,#932,#933));
#930 = ORIENTED_EDGE('',*,*,#916,.T.);
#931 = ORIENTED_EDGE('',*,*,#478,.T.);
#932 = ORIENTED_EDGE('',*,*,#897,.F.);
#933 = ORIENTED_EDGE('',*,*,#231,.F.);
#934 = PLANE('',#935);
#935 = AXIS2_PLACEMENT_3D('',#936,#937,#938);
#936 = CARTESIAN_POINT('',(1.016,-6.35,0.));
#937 = DIRECTION('',(-0.707106781187,0.707106781187,0.));
#938 = DIRECTION('',(0.707106781187,0.707106781187,0.));
#939 = ADVANCED_FACE('',(#940),#965,.T.);
#940 = FACE_BOUND('',#941,.T.);
#941 = EDGE_LOOP('',(#942,#950,#958,#964));
#942 = ORIENTED_EDGE('',*,*,#943,.F.);
#943 = EDGE_CURVE('',#944,#305,#946,.T.);
#944 = VERTEX_POINT('',#945);
#945 = CARTESIAN_POINT('',(0.32,-0.32,-2.84));
#946 = LINE('',#947,#948);
#947 = CARTESIAN_POINT('',(0.32,-0.32,-3.));
#948 = VECTOR('',#949,1.);
#949 = DIRECTION('',(0.,0.,1.));
#950 = ORIENTED_EDGE('',*,*,#951,.T.);
#951 = EDGE_CURVE('',#944,#952,#954,.T.);
#952 = VERTEX_POINT('',#953);
#953 = CARTESIAN_POINT('',(0.32,0.32,-2.84));
#954 = LINE('',#955,#956);
#955 = CARTESIAN_POINT('',(0.32,-0.32,-2.84));
#956 = VECTOR('',#957,1.);
#957 = DIRECTION('',(0.,1.,0.));
#958 = ORIENTED_EDGE('',*,*,#959,.T.);
#959 = EDGE_CURVE('',#952,#307,#960,.T.);
#960 = LINE('',#961,#962);
#961 = CARTESIAN_POINT('',(0.32,0.32,-3.));
#962 = VECTOR('',#963,1.);
#963 = DIRECTION('',(0.,0.,1.));
#964 = ORIENTED_EDGE('',*,*,#304,.F.);
#965 = PLANE('',#966);
#966 = AXIS2_PLACEMENT_3D('',#967,#968,#969);
#967 = CARTESIAN_POINT('',(0.32,-0.32,-3.));
#968 = DIRECTION('',(1.,0.,0.));
#969 = DIRECTION('',(0.,0.,1.));
#970 = ADVANCED_FACE('',(#971),#989,.T.);
#971 = FACE_BOUND('',#972,.T.);
#972 = EDGE_LOOP('',(#973,#974,#982,#988));
#973 = ORIENTED_EDGE('',*,*,#959,.F.);
#974 = ORIENTED_EDGE('',*,*,#975,.F.);
#975 = EDGE_CURVE('',#976,#952,#978,.T.);
#976 = VERTEX_POINT('',#977);
#977 = CARTESIAN_POINT('',(-0.32,0.32,-2.84));
#978 = LINE('',#979,#980);
#979 = CARTESIAN_POINT('',(-0.32,0.32,-2.84));
#980 = VECTOR('',#981,1.);
#981 = DIRECTION('',(1.,0.,0.));
#982 = ORIENTED_EDGE('',*,*,#983,.T.);
#983 = EDGE_CURVE('',#976,#323,#984,.T.);
#984 = LINE('',#985,#986);
#985 = CARTESIAN_POINT('',(-0.32,0.32,-3.));
#986 = VECTOR('',#987,1.);
#987 = DIRECTION('',(0.,0.,1.));
#988 = ORIENTED_EDGE('',*,*,#330,.F.);
#989 = PLANE('',#990);
#990 = AXIS2_PLACEMENT_3D('',#991,#992,#993);
#991 = CARTESIAN_POINT('',(-0.32,0.32,-3.));
#992 = DIRECTION('',(0.,1.,0.));
#993 = DIRECTION('',(0.,-0.,1.));
#994 = ADVANCED_FACE('',(#995),#1013,.F.);
#995 = FACE_BOUND('',#996,.F.);
#996 = EDGE_LOOP('',(#997,#1005,#1011,#1012));
#997 = ORIENTED_EDGE('',*,*,#998,.F.);
#998 = EDGE_CURVE('',#999,#315,#1001,.T.);
#999 = VERTEX_POINT('',#1000);
#1000 = CARTESIAN_POINT('',(-0.32,-0.32,-2.84));
#1001 = LINE('',#1002,#1003);
#1002 = CARTESIAN_POINT('',(-0.32,-0.32,-3.));
#1003 = VECTOR('',#1004,1.);
#1004 = DIRECTION('',(0.,0.,1.));
#1005 = ORIENTED_EDGE('',*,*,#1006,.T.);
#1006 = EDGE_CURVE('',#999,#976,#1007,.T.);
#1007 = LINE('',#1008,#1009);
#1008 = CARTESIAN_POINT('',(-0.32,-0.32,-2.84));
#1009 = VECTOR('',#1010,1.);
#1010 = DIRECTION('',(0.,1.,0.));
#1011 = ORIENTED_EDGE('',*,*,#983,.T.);
#1012 = ORIENTED_EDGE('',*,*,#322,.F.);
#1013 = PLANE('',#1014);
#1014 = AXIS2_PLACEMENT_3D('',#1015,#1016,#1017);
#1015 = CARTESIAN_POINT('',(-0.32,-0.32,-3.));
#1016 = DIRECTION('',(1.,0.,0.));
#1017 = DIRECTION('',(0.,0.,1.));
#1018 = ADVANCED_FACE('',(#1019),#1030,.F.);
#1019 = FACE_BOUND('',#1020,.F.);
#1020 = EDGE_LOOP('',(#1021,#1022,#1028,#1029));
#1021 = ORIENTED_EDGE('',*,*,#943,.F.);
#1022 = ORIENTED_EDGE('',*,*,#1023,.F.);
#1023 = EDGE_CURVE('',#999,#944,#1024,.T.);
#1024 = LINE('',#1025,#1026);
#1025 = CARTESIAN_POINT('',(-0.32,-0.32,-2.84));
#1026 = VECTOR('',#1027,1.);
#1027 = DIRECTION('',(1.,0.,0.));
#1028 = ORIENTED_EDGE('',*,*,#998,.T.);
#1029 = ORIENTED_EDGE('',*,*,#314,.F.);
#1030 = PLANE('',#1031);
#1031 = AXIS2_PLACEMENT_3D('',#1032,#1033,#1034);
#1032 = CARTESIAN_POINT('',(-0.32,-0.32,-3.));
#1033 = DIRECTION('',(0.,1.,0.));
#1034 = DIRECTION('',(0.,-0.,1.));
#1035 = ADVANCED_FACE('',(#1036),#1061,.F.);
#1036 = FACE_BOUND('',#1037,.F.);
#1037 = EDGE_LOOP('',(#1038,#1046,#1054,#1060));
#1038 = ORIENTED_EDGE('',*,*,#1039,.F.);
#1039 = EDGE_CURVE('',#1040,#339,#1042,.T.);
#1040 = VERTEX_POINT('',#1041);
#1041 = CARTESIAN_POINT('',(0.32,-2.86,-2.84));
#1042 = LINE('',#1043,#1044);
#1043 = CARTESIAN_POINT('',(0.32,-2.86,-3.));
#1044 = VECTOR('',#1045,1.);
#1045 = DIRECTION('',(0.,0.,1.));
#1046 = ORIENTED_EDGE('',*,*,#1047,.F.);
#1047 = EDGE_CURVE('',#1048,#1040,#1050,.T.);
#1048 = VERTEX_POINT('',#1049);
#1049 = CARTESIAN_POINT('',(-0.32,-2.86,-2.84));
#1050 = LINE('',#1051,#1052);
#1051 = CARTESIAN_POINT('',(-0.32,-2.86,-2.84));
#1052 = VECTOR('',#1053,1.);
#1053 = DIRECTION('',(1.,0.,0.));
#1054 = ORIENTED_EDGE('',*,*,#1055,.T.);
#1055 = EDGE_CURVE('',#1048,#341,#1056,.T.);
#1056 = LINE('',#1057,#1058);
#1057 = CARTESIAN_POINT('',(-0.32,-2.86,-3.));
#1058 = VECTOR('',#1059,1.);
#1059 = DIRECTION('',(0.,0.,1.));
#1060 = ORIENTED_EDGE('',*,*,#338,.F.);
#1061 = PLANE('',#1062);
#1062 = AXIS2_PLACEMENT_3D('',#1063,#1064,#1065);
#1063 = CARTESIAN_POINT('',(-0.32,-2.86,-3.));
#1064 = DIRECTION('',(0.,1.,0.));
#1065 = DIRECTION('',(0.,-0.,1.));
#1066 = ADVANCED_FACE('',(#1067),#1085,.T.);
#1067 = FACE_BOUND('',#1068,.T.);
#1068 = EDGE_LOOP('',(#1069,#1070,#1078,#1084));
#1069 = ORIENTED_EDGE('',*,*,#1039,.F.);
#1070 = ORIENTED_EDGE('',*,*,#1071,.T.);
#1071 = EDGE_CURVE('',#1040,#1072,#1074,.T.);
#1072 = VERTEX_POINT('',#1073);
#1073 = CARTESIAN_POINT('',(0.32,-2.22,-2.84));
#1074 = LINE('',#1075,#1076);
#1075 = CARTESIAN_POINT('',(0.32,-2.86,-2.84));
#1076 = VECTOR('',#1077,1.);
#1077 = DIRECTION('',(0.,1.,0.));
#1078 = ORIENTED_EDGE('',*,*,#1079,.T.);
#1079 = EDGE_CURVE('',#1072,#357,#1080,.T.);
#1080 = LINE('',#1081,#1082);
#1081 = CARTESIAN_POINT('',(0.32,-2.22,-3.));
#1082 = VECTOR('',#1083,1.);
#1083 = DIRECTION('',(0.,0.,1.));
#1084 = ORIENTED_EDGE('',*,*,#364,.F.);
#1085 = PLANE('',#1086);
#1086 = AXIS2_PLACEMENT_3D('',#1087,#1088,#1089);
#1087 = CARTESIAN_POINT('',(0.32,-2.86,-3.));
#1088 = DIRECTION('',(1.,0.,0.));
#1089 = DIRECTION('',(0.,0.,1.));
#1090 = ADVANCED_FACE('',(#1091),#1109,.T.);
#1091 = FACE_BOUND('',#1092,.T.);
#1092 = EDGE_LOOP('',(#1093,#1094,#1102,#1108));
#1093 = ORIENTED_EDGE('',*,*,#1079,.F.);
#1094 = ORIENTED_EDGE('',*,*,#1095,.F.);
#1095 = EDGE_CURVE('',#1096,#1072,#1098,.T.);
#1096 = VERTEX_POINT('',#1097);
#1097 = CARTESIAN_POINT('',(-0.32,-2.22,-2.84));
#1098 = LINE('',#1099,#1100);
#1099 = CARTESIAN_POINT('',(-0.32,-2.22,-2.84));
#1100 = VECTOR('',#1101,1.);
#1101 = DIRECTION('',(1.,0.,0.));
#1102 = ORIENTED_EDGE('',*,*,#1103,.T.);
#1103 = EDGE_CURVE('',#1096,#349,#1104,.T.);
#1104 = LINE('',#1105,#1106);
#1105 = CARTESIAN_POINT('',(-0.32,-2.22,-3.));
#1106 = VECTOR('',#1107,1.);
#1107 = DIRECTION('',(0.,0.,1.));
#1108 = ORIENTED_EDGE('',*,*,#356,.F.);
#1109 = PLANE('',#1110);
#1110 = AXIS2_PLACEMENT_3D('',#1111,#1112,#1113);
#1111 = CARTESIAN_POINT('',(-0.32,-2.22,-3.));
#1112 = DIRECTION('',(0.,1.,0.));
#1113 = DIRECTION('',(0.,-0.,1.));
#1114 = ADVANCED_FACE('',(#1115),#1126,.F.);
#1115 = FACE_BOUND('',#1116,.F.);
#1116 = EDGE_LOOP('',(#1117,#1118,#1124,#1125));
#1117 = ORIENTED_EDGE('',*,*,#1055,.F.);
#1118 = ORIENTED_EDGE('',*,*,#1119,.T.);
#1119 = EDGE_CURVE('',#1048,#1096,#1120,.T.);
#1120 = LINE('',#1121,#1122);
#1121 = CARTESIAN_POINT('',(-0.32,-2.86,-2.84));
#1122 = VECTOR('',#1123,1.);
#1123 = DIRECTION('',(0.,1.,0.));
#1124 = ORIENTED_EDGE('',*,*,#1103,.T.);
#1125 = ORIENTED_EDGE('',*,*,#348,.F.);
#1126 = PLANE('',#1127);
#1127 = AXIS2_PLACEMENT_3D('',#1128,#1129,#1130);
#1128 = CARTESIAN_POINT('',(-0.32,-2.86,-3.));
#1129 = DIRECTION('',(1.,0.,0.));
#1130 = DIRECTION('',(0.,0.,1.));
#1131 = ADVANCED_FACE('',(#1132),#1157,.T.);
#1132 = FACE_BOUND('',#1133,.T.);
#1133 = EDGE_LOOP('',(#1134,#1142,#1150,#1156));
#1134 = ORIENTED_EDGE('',*,*,#1135,.F.);
#1135 = EDGE_CURVE('',#1136,#373,#1138,.T.);
#1136 = VERTEX_POINT('',#1137);
#1137 = CARTESIAN_POINT('',(0.32,-4.76,-2.84));
#1138 = LINE('',#1139,#1140);
#1139 = CARTESIAN_POINT('',(0.32,-4.76,-3.));
#1140 = VECTOR('',#1141,1.);
#1141 = DIRECTION('',(0.,0.,1.));
#1142 = ORIENTED_EDGE('',*,*,#1143,.F.);
#1143 = EDGE_CURVE('',#1144,#1136,#1146,.T.);
#1144 = VERTEX_POINT('',#1145);
#1145 = CARTESIAN_POINT('',(-0.32,-4.76,-2.84));
#1146 = LINE('',#1147,#1148);
#1147 = CARTESIAN_POINT('',(-0.32,-4.76,-2.84));
#1148 = VECTOR('',#1149,1.);
#1149 = DIRECTION('',(1.,0.,0.));
#1150 = ORIENTED_EDGE('',*,*,#1151,.T.);
#1151 = EDGE_CURVE('',#1144,#375,#1152,.T.);
#1152 = LINE('',#1153,#1154);
#1153 = CARTESIAN_POINT('',(-0.32,-4.76,-3.));
#1154 = VECTOR('',#1155,1.);
#1155 = DIRECTION('',(0.,0.,1.));
#1156 = ORIENTED_EDGE('',*,*,#372,.F.);
#1157 = PLANE('',#1158);
#1158 = AXIS2_PLACEMENT_3D('',#1159,#1160,#1161);
#1159 = CARTESIAN_POINT('',(-0.32,-4.76,-3.));
#1160 = DIRECTION('',(0.,1.,0.));
#1161 = DIRECTION('',(0.,-0.,1.));
#1162 = ADVANCED_FACE('',(#1163),#1181,.F.);
#1163 = FACE_BOUND('',#1164,.F.);
#1164 = EDGE_LOOP('',(#1165,#1173,#1179,#1180));
#1165 = ORIENTED_EDGE('',*,*,#1166,.F.);
#1166 = EDGE_CURVE('',#1167,#391,#1169,.T.);
#1167 = VERTEX_POINT('',#1168);
#1168 = CARTESIAN_POINT('',(-0.32,-5.4,-2.84));
#1169 = LINE('',#1170,#1171);
#1170 = CARTESIAN_POINT('',(-0.32,-5.4,-3.));
#1171 = VECTOR('',#1172,1.);
#1172 = DIRECTION('',(0.,0.,1.));
#1173 = ORIENTED_EDGE('',*,*,#1174,.T.);
#1174 = EDGE_CURVE('',#1167,#1144,#1175,.T.);
#1175 = LINE('',#1176,#1177);
#1176 = CARTESIAN_POINT('',(-0.32,-5.4,-2.84));
#1177 = VECTOR('',#1178,1.);
#1178 = DIRECTION('',(0.,1.,0.));
#1179 = ORIENTED_EDGE('',*,*,#1151,.T.);
#1180 = ORIENTED_EDGE('',*,*,#398,.F.);
#1181 = PLANE('',#1182);
#1182 = AXIS2_PLACEMENT_3D('',#1183,#1184,#1185);
#1183 = CARTESIAN_POINT('',(-0.32,-5.4,-3.));
#1184 = DIRECTION('',(1.,0.,0.));
#1185 = DIRECTION('',(0.,0.,1.));
#1186 = ADVANCED_FACE('',(#1187),#1205,.F.);
#1187 = FACE_BOUND('',#1188,.F.);
#1188 = EDGE_LOOP('',(#1189,#1197,#1203,#1204));
#1189 = ORIENTED_EDGE('',*,*,#1190,.F.);
#1190 = EDGE_CURVE('',#1191,#383,#1193,.T.);
#1191 = VERTEX_POINT('',#1192);
#1192 = CARTESIAN_POINT('',(0.32,-5.4,-2.84));
#1193 = LINE('',#1194,#1195);
#1194 = CARTESIAN_POINT('',(0.32,-5.4,-3.));
#1195 = VECTOR('',#1196,1.);
#1196 = DIRECTION('',(0.,0.,1.));
#1197 = ORIENTED_EDGE('',*,*,#1198,.F.);
#1198 = EDGE_CURVE('',#1167,#1191,#1199,.T.);
#1199 = LINE('',#1200,#1201);
#1200 = CARTESIAN_POINT('',(-0.32,-5.4,-2.84));
#1201 = VECTOR('',#1202,1.);
#1202 = DIRECTION('',(1.,0.,0.));
#1203 = ORIENTED_EDGE('',*,*,#1166,.T.);
#1204 = ORIENTED_EDGE('',*,*,#390,.F.);
#1205 = PLANE('',#1206);
#1206 = AXIS2_PLACEMENT_3D('',#1207,#1208,#1209);
#1207 = CARTESIAN_POINT('',(-0.32,-5.4,-3.));
#1208 = DIRECTION('',(0.,1.,0.));
#1209 = DIRECTION('',(0.,-0.,1.));
#1210 = ADVANCED_FACE('',(#1211),#1222,.T.);
#1211 = FACE_BOUND('',#1212,.T.);
#1212 = EDGE_LOOP('',(#1213,#1214,#1220,#1221));
#1213 = ORIENTED_EDGE('',*,*,#1190,.F.);
#1214 = ORIENTED_EDGE('',*,*,#1215,.T.);
#1215 = EDGE_CURVE('',#1191,#1136,#1216,.T.);
#1216 = LINE('',#1217,#1218);
#1217 = CARTESIAN_POINT('',(0.32,-5.4,-2.84));
#1218 = VECTOR('',#1219,1.);
#1219 = DIRECTION('',(0.,1.,0.));
#1220 = ORIENTED_EDGE('',*,*,#1135,.T.);
#1221 = ORIENTED_EDGE('',*,*,#382,.F.);
#1222 = PLANE('',#1223);
#1223 = AXIS2_PLACEMENT_3D('',#1224,#1225,#1226);
#1224 = CARTESIAN_POINT('',(0.32,-5.4,-3.));
#1225 = DIRECTION('',(1.,0.,0.));
#1226 = DIRECTION('',(0.,0.,1.));
#1227 = ADVANCED_FACE('',(#1228),#1253,.T.);
#1228 = FACE_BOUND('',#1229,.T.);
#1229 = EDGE_LOOP('',(#1230,#1238,#1239,#1247));
#1230 = ORIENTED_EDGE('',*,*,#1231,.F.);
#1231 = EDGE_CURVE('',#552,#1232,#1234,.T.);
#1232 = VERTEX_POINT('',#1233);
#1233 = CARTESIAN_POINT('',(0.32,-0.32,8.38));
#1234 = LINE('',#1235,#1236);
#1235 = CARTESIAN_POINT('',(0.32,-0.32,-3.));
#1236 = VECTOR('',#1237,1.);
#1237 = DIRECTION('',(0.,0.,1.));
#1238 = ORIENTED_EDGE('',*,*,#551,.T.);
#1239 = ORIENTED_EDGE('',*,*,#1240,.T.);
#1240 = EDGE_CURVE('',#554,#1241,#1243,.T.);
#1241 = VERTEX_POINT('',#1242);
#1242 = CARTESIAN_POINT('',(0.32,0.32,8.38));
#1243 = LINE('',#1244,#1245);
#1244 = CARTESIAN_POINT('',(0.32,0.32,-3.));
#1245 = VECTOR('',#1246,1.);
#1246 = DIRECTION('',(0.,0.,1.));
#1247 = ORIENTED_EDGE('',*,*,#1248,.F.);
#1248 = EDGE_CURVE('',#1232,#1241,#1249,.T.);
#1249 = LINE('',#1250,#1251);
#1250 = CARTESIAN_POINT('',(0.32,-0.32,8.38));
#1251 = VECTOR('',#1252,1.);
#1252 = DIRECTION('',(0.,1.,0.));
#1253 = PLANE('',#1254);
#1254 = AXIS2_PLACEMENT_3D('',#1255,#1256,#1257);
#1255 = CARTESIAN_POINT('',(0.32,-0.32,-3.));
#1256 = DIRECTION('',(1.,0.,0.));
#1257 = DIRECTION('',(0.,0.,1.));
#1258 = ADVANCED_FACE('',(#1259),#1277,.T.);
#1259 = FACE_BOUND('',#1260,.T.);
#1260 = EDGE_LOOP('',(#1261,#1262,#1263,#1271));
#1261 = ORIENTED_EDGE('',*,*,#1240,.F.);
#1262 = ORIENTED_EDGE('',*,*,#577,.T.);
#1263 = ORIENTED_EDGE('',*,*,#1264,.T.);
#1264 = EDGE_CURVE('',#570,#1265,#1267,.T.);
#1265 = VERTEX_POINT('',#1266);
#1266 = CARTESIAN_POINT('',(-0.32,0.32,8.38));
#1267 = LINE('',#1268,#1269);
#1268 = CARTESIAN_POINT('',(-0.32,0.32,-3.));
#1269 = VECTOR('',#1270,1.);
#1270 = DIRECTION('',(0.,0.,1.));
#1271 = ORIENTED_EDGE('',*,*,#1272,.T.);
#1272 = EDGE_CURVE('',#1265,#1241,#1273,.T.);
#1273 = LINE('',#1274,#1275);
#1274 = CARTESIAN_POINT('',(-0.32,0.32,8.38));
#1275 = VECTOR('',#1276,1.);
#1276 = DIRECTION('',(1.,0.,0.));
#1277 = PLANE('',#1278);
#1278 = AXIS2_PLACEMENT_3D('',#1279,#1280,#1281);
#1279 = CARTESIAN_POINT('',(-0.32,0.32,-3.));
#1280 = DIRECTION('',(0.,1.,0.));
#1281 = DIRECTION('',(0.,-0.,1.));
#1282 = ADVANCED_FACE('',(#1283),#1301,.F.);
#1283 = FACE_BOUND('',#1284,.F.);
#1284 = EDGE_LOOP('',(#1285,#1293,#1294,#1295));
#1285 = ORIENTED_EDGE('',*,*,#1286,.F.);
#1286 = EDGE_CURVE('',#562,#1287,#1289,.T.);
#1287 = VERTEX_POINT('',#1288);
#1288 = CARTESIAN_POINT('',(-0.32,-0.32,8.38));
#1289 = LINE('',#1290,#1291);
#1290 = CARTESIAN_POINT('',(-0.32,-0.32,-3.));
#1291 = VECTOR('',#1292,1.);
#1292 = DIRECTION('',(0.,0.,1.));
#1293 = ORIENTED_EDGE('',*,*,#569,.T.);
#1294 = ORIENTED_EDGE('',*,*,#1264,.T.);
#1295 = ORIENTED_EDGE('',*,*,#1296,.F.);
#1296 = EDGE_CURVE('',#1287,#1265,#1297,.T.);
#1297 = LINE('',#1298,#1299);
#1298 = CARTESIAN_POINT('',(-0.32,-0.32,8.38));
#1299 = VECTOR('',#1300,1.);
#1300 = DIRECTION('',(0.,1.,0.));
#1301 = PLANE('',#1302);
#1302 = AXIS2_PLACEMENT_3D('',#1303,#1304,#1305);
#1303 = CARTESIAN_POINT('',(-0.32,-0.32,-3.));
#1304 = DIRECTION('',(1.,0.,0.));
#1305 = DIRECTION('',(0.,0.,1.));
#1306 = ADVANCED_FACE('',(#1307),#1318,.F.);
#1307 = FACE_BOUND('',#1308,.F.);
#1308 = EDGE_LOOP('',(#1309,#1310,#1311,#1312));
#1309 = ORIENTED_EDGE('',*,*,#1231,.F.);
#1310 = ORIENTED_EDGE('',*,*,#561,.T.);
#1311 = ORIENTED_EDGE('',*,*,#1286,.T.);
#1312 = ORIENTED_EDGE('',*,*,#1313,.T.);
#1313 = EDGE_CURVE('',#1287,#1232,#1314,.T.);
#1314 = LINE('',#1315,#1316);
#1315 = CARTESIAN_POINT('',(-0.32,-0.32,8.38));
#1316 = VECTOR('',#1317,1.);
#1317 = DIRECTION('',(1.,0.,0.));
#1318 = PLANE('',#1319);
#1319 = AXIS2_PLACEMENT_3D('',#1320,#1321,#1322);
#1320 = CARTESIAN_POINT('',(-0.32,-0.32,-3.));
#1321 = DIRECTION('',(0.,1.,0.));
#1322 = DIRECTION('',(0.,-0.,1.));
#1323 = ADVANCED_FACE('',(#1324),#1349,.F.);
#1324 = FACE_BOUND('',#1325,.F.);
#1325 = EDGE_LOOP('',(#1326,#1334,#1335,#1343));
#1326 = ORIENTED_EDGE('',*,*,#1327,.F.);
#1327 = EDGE_CURVE('',#586,#1328,#1330,.T.);
#1328 = VERTEX_POINT('',#1329);
#1329 = CARTESIAN_POINT('',(0.32,-2.86,8.38));
#1330 = LINE('',#1331,#1332);
#1331 = CARTESIAN_POINT('',(0.32,-2.86,-3.));
#1332 = VECTOR('',#1333,1.);
#1333 = DIRECTION('',(0.,0.,1.));
#1334 = ORIENTED_EDGE('',*,*,#585,.T.);
#1335 = ORIENTED_EDGE('',*,*,#1336,.T.);
#1336 = EDGE_CURVE('',#588,#1337,#1339,.T.);
#1337 = VERTEX_POINT('',#1338);
#1338 = CARTESIAN_POINT('',(-0.32,-2.86,8.38));
#1339 = LINE('',#1340,#1341);
#1340 = CARTESIAN_POINT('',(-0.32,-2.86,-3.));
#1341 = VECTOR('',#1342,1.);
#1342 = DIRECTION('',(0.,0.,1.));
#1343 = ORIENTED_EDGE('',*,*,#1344,.T.);
#1344 = EDGE_CURVE('',#1337,#1328,#1345,.T.);
#1345 = LINE('',#1346,#1347);
#1346 = CARTESIAN_POINT('',(-0.32,-2.86,8.38));
#1347 = VECTOR('',#1348,1.);
#1348 = DIRECTION('',(1.,0.,0.));
#1349 = PLANE('',#1350);
#1350 = AXIS2_PLACEMENT_3D('',#1351,#1352,#1353);
#1351 = CARTESIAN_POINT('',(-0.32,-2.86,-3.));
#1352 = DIRECTION('',(0.,1.,0.));
#1353 = DIRECTION('',(0.,-0.,1.));
#1354 = ADVANCED_FACE('',(#1355),#1373,.T.);
#1355 = FACE_BOUND('',#1356,.T.);
#1356 = EDGE_LOOP('',(#1357,#1358,#1359,#1367));
#1357 = ORIENTED_EDGE('',*,*,#1327,.F.);
#1358 = ORIENTED_EDGE('',*,*,#611,.T.);
#1359 = ORIENTED_EDGE('',*,*,#1360,.T.);
#1360 = EDGE_CURVE('',#604,#1361,#1363,.T.);
#1361 = VERTEX_POINT('',#1362);
#1362 = CARTESIAN_POINT('',(0.32,-2.22,8.38));
#1363 = LINE('',#1364,#1365);
#1364 = CARTESIAN_POINT('',(0.32,-2.22,-3.));
#1365 = VECTOR('',#1366,1.);
#1366 = DIRECTION('',(0.,0.,1.));
#1367 = ORIENTED_EDGE('',*,*,#1368,.F.);
#1368 = EDGE_CURVE('',#1328,#1361,#1369,.T.);
#1369 = LINE('',#1370,#1371);
#1370 = CARTESIAN_POINT('',(0.32,-2.86,8.38));
#1371 = VECTOR('',#1372,1.);
#1372 = DIRECTION('',(0.,1.,0.));
#1373 = PLANE('',#1374);
#1374 = AXIS2_PLACEMENT_3D('',#1375,#1376,#1377);
#1375 = CARTESIAN_POINT('',(0.32,-2.86,-3.));
#1376 = DIRECTION('',(1.,0.,0.));
#1377 = DIRECTION('',(0.,0.,1.));
#1378 = ADVANCED_FACE('',(#1379),#1397,.T.);
#1379 = FACE_BOUND('',#1380,.T.);
#1380 = EDGE_LOOP('',(#1381,#1382,#1383,#1391));
#1381 = ORIENTED_EDGE('',*,*,#1360,.F.);
#1382 = ORIENTED_EDGE('',*,*,#603,.T.);
#1383 = ORIENTED_EDGE('',*,*,#1384,.T.);
#1384 = EDGE_CURVE('',#596,#1385,#1387,.T.);
#1385 = VERTEX_POINT('',#1386);
#1386 = CARTESIAN_POINT('',(-0.32,-2.22,8.38));
#1387 = LINE('',#1388,#1389);
#1388 = CARTESIAN_POINT('',(-0.32,-2.22,-3.));
#1389 = VECTOR('',#1390,1.);
#1390 = DIRECTION('',(0.,0.,1.));
#1391 = ORIENTED_EDGE('',*,*,#1392,.T.);
#1392 = EDGE_CURVE('',#1385,#1361,#1393,.T.);
#1393 = LINE('',#1394,#1395);
#1394 = CARTESIAN_POINT('',(-0.32,-2.22,8.38));
#1395 = VECTOR('',#1396,1.);
#1396 = DIRECTION('',(1.,0.,0.));
#1397 = PLANE('',#1398);
#1398 = AXIS2_PLACEMENT_3D('',#1399,#1400,#1401);
#1399 = CARTESIAN_POINT('',(-0.32,-2.22,-3.));
#1400 = DIRECTION('',(0.,1.,0.));
#1401 = DIRECTION('',(0.,-0.,1.));
#1402 = ADVANCED_FACE('',(#1403),#1414,.F.);
#1403 = FACE_BOUND('',#1404,.F.);
#1404 = EDGE_LOOP('',(#1405,#1406,#1407,#1408));
#1405 = ORIENTED_EDGE('',*,*,#1336,.F.);
#1406 = ORIENTED_EDGE('',*,*,#595,.T.);
#1407 = ORIENTED_EDGE('',*,*,#1384,.T.);
#1408 = ORIENTED_EDGE('',*,*,#1409,.F.);
#1409 = EDGE_CURVE('',#1337,#1385,#1410,.T.);
#1410 = LINE('',#1411,#1412);
#1411 = CARTESIAN_POINT('',(-0.32,-2.86,8.38));
#1412 = VECTOR('',#1413,1.);
#1413 = DIRECTION('',(0.,1.,0.));
#1414 = PLANE('',#1415);
#1415 = AXIS2_PLACEMENT_3D('',#1416,#1417,#1418);
#1416 = CARTESIAN_POINT('',(-0.32,-2.86,-3.));
#1417 = DIRECTION('',(1.,0.,0.));
#1418 = DIRECTION('',(0.,0.,1.));
#1419 = ADVANCED_FACE('',(#1420),#1445,.T.);
#1420 = FACE_BOUND('',#1421,.T.);
#1421 = EDGE_LOOP('',(#1422,#1430,#1431,#1439));
#1422 = ORIENTED_EDGE('',*,*,#1423,.F.);
#1423 = EDGE_CURVE('',#620,#1424,#1426,.T.);
#1424 = VERTEX_POINT('',#1425);
#1425 = CARTESIAN_POINT('',(0.32,-4.76,8.38));
#1426 = LINE('',#1427,#1428);
#1427 = CARTESIAN_POINT('',(0.32,-4.76,-3.));
#1428 = VECTOR('',#1429,1.);
#1429 = DIRECTION('',(0.,0.,1.));
#1430 = ORIENTED_EDGE('',*,*,#619,.T.);
#1431 = ORIENTED_EDGE('',*,*,#1432,.T.);
#1432 = EDGE_CURVE('',#622,#1433,#1435,.T.);
#1433 = VERTEX_POINT('',#1434);
#1434 = CARTESIAN_POINT('',(-0.32,-4.76,8.38));
#1435 = LINE('',#1436,#1437);
#1436 = CARTESIAN_POINT('',(-0.32,-4.76,-3.));
#1437 = VECTOR('',#1438,1.);
#1438 = DIRECTION('',(0.,0.,1.));
#1439 = ORIENTED_EDGE('',*,*,#1440,.T.);
#1440 = EDGE_CURVE('',#1433,#1424,#1441,.T.);
#1441 = LINE('',#1442,#1443);
#1442 = CARTESIAN_POINT('',(-0.32,-4.76,8.38));
#1443 = VECTOR('',#1444,1.);
#1444 = DIRECTION('',(1.,0.,0.));
#1445 = PLANE('',#1446);
#1446 = AXIS2_PLACEMENT_3D('',#1447,#1448,#1449);
#1447 = CARTESIAN_POINT('',(-0.32,-4.76,-3.));
#1448 = DIRECTION('',(0.,1.,0.));
#1449 = DIRECTION('',(0.,-0.,1.));
#1450 = ADVANCED_FACE('',(#1451),#1469,.F.);
#1451 = FACE_BOUND('',#1452,.F.);
#1452 = EDGE_LOOP('',(#1453,#1461,#1462,#1463));
#1453 = ORIENTED_EDGE('',*,*,#1454,.F.);
#1454 = EDGE_CURVE('',#638,#1455,#1457,.T.);
#1455 = VERTEX_POINT('',#1456);
#1456 = CARTESIAN_POINT('',(-0.32,-5.4,8.38));
#1457 = LINE('',#1458,#1459);
#1458 = CARTESIAN_POINT('',(-0.32,-5.4,-3.));
#1459 = VECTOR('',#1460,1.);
#1460 = DIRECTION('',(0.,0.,1.));
#1461 = ORIENTED_EDGE('',*,*,#645,.T.);
#1462 = ORIENTED_EDGE('',*,*,#1432,.T.);
#1463 = ORIENTED_EDGE('',*,*,#1464,.F.);
#1464 = EDGE_CURVE('',#1455,#1433,#1465,.T.);
#1465 = LINE('',#1466,#1467);
#1466 = CARTESIAN_POINT('',(-0.32,-5.4,8.38));
#1467 = VECTOR('',#1468,1.);
#1468 = DIRECTION('',(0.,1.,0.));
#1469 = PLANE('',#1470);
#1470 = AXIS2_PLACEMENT_3D('',#1471,#1472,#1473);
#1471 = CARTESIAN_POINT('',(-0.32,-5.4,-3.));
#1472 = DIRECTION('',(1.,0.,0.));
#1473 = DIRECTION('',(0.,0.,1.));
#1474 = ADVANCED_FACE('',(#1475),#1493,.F.);
#1475 = FACE_BOUND('',#1476,.F.);
#1476 = EDGE_LOOP('',(#1477,#1485,#1486,#1487));
#1477 = ORIENTED_EDGE('',*,*,#1478,.F.);
#1478 = EDGE_CURVE('',#630,#1479,#1481,.T.);
#1479 = VERTEX_POINT('',#1480);
#1480 = CARTESIAN_POINT('',(0.32,-5.4,8.38));
#1481 = LINE('',#1482,#1483);
#1482 = CARTESIAN_POINT('',(0.32,-5.4,-3.));
#1483 = VECTOR('',#1484,1.);
#1484 = DIRECTION('',(0.,0.,1.));
#1485 = ORIENTED_EDGE('',*,*,#637,.T.);
#1486 = ORIENTED_EDGE('',*,*,#1454,.T.);
#1487 = ORIENTED_EDGE('',*,*,#1488,.T.);
#1488 = EDGE_CURVE('',#1455,#1479,#1489,.T.);
#1489 = LINE('',#1490,#1491);
#1490 = CARTESIAN_POINT('',(-0.32,-5.4,8.38));
#1491 = VECTOR('',#1492,1.);
#1492 = DIRECTION('',(1.,0.,0.));
#1493 = PLANE('',#1494);
#1494 = AXIS2_PLACEMENT_3D('',#1495,#1496,#1497);
#1495 = CARTESIAN_POINT('',(-0.32,-5.4,-3.));
#1496 = DIRECTION('',(0.,1.,0.));
#1497 = DIRECTION('',(0.,-0.,1.));
#1498 = ADVANCED_FACE('',(#1499),#1510,.T.);
#1499 = FACE_BOUND('',#1500,.T.);
#1500 = EDGE_LOOP('',(#1501,#1502,#1503,#1504));
#1501 = ORIENTED_EDGE('',*,*,#1478,.F.);
#1502 = ORIENTED_EDGE('',*,*,#629,.T.);
#1503 = ORIENTED_EDGE('',*,*,#1423,.T.);
#1504 = ORIENTED_EDGE('',*,*,#1505,.F.);
#1505 = EDGE_CURVE('',#1479,#1424,#1506,.T.);
#1506 = LINE('',#1507,#1508);
#1507 = CARTESIAN_POINT('',(0.32,-5.4,8.38));
#1508 = VECTOR('',#1509,1.);
#1509 = DIRECTION('',(0.,1.,0.));
#1510 = PLANE('',#1511);
#1511 = AXIS2_PLACEMENT_3D('',#1512,#1513,#1514);
#1512 = CARTESIAN_POINT('',(0.32,-5.4,-3.));
#1513 = DIRECTION('',(1.,0.,0.));
#1514 = DIRECTION('',(0.,0.,1.));
#1515 = ADVANCED_FACE('',(#1516),#1541,.F.);
#1516 = FACE_BOUND('',#1517,.F.);
#1517 = EDGE_LOOP('',(#1518,#1526,#1527,#1535));
#1518 = ORIENTED_EDGE('',*,*,#1519,.F.);
#1519 = EDGE_CURVE('',#944,#1520,#1522,.T.);
#1520 = VERTEX_POINT('',#1521);
#1521 = CARTESIAN_POINT('',(0.16,-0.16,-3.));
#1522 = LINE('',#1523,#1524);
#1523 = CARTESIAN_POINT('',(0.16,-0.16,-3.));
#1524 = VECTOR('',#1525,1.);
#1525 = DIRECTION('',(-0.57735026919,0.57735026919,-0.57735026919));
#1526 = ORIENTED_EDGE('',*,*,#951,.T.);
#1527 = ORIENTED_EDGE('',*,*,#1528,.T.);
#1528 = EDGE_CURVE('',#952,#1529,#1531,.T.);
#1529 = VERTEX_POINT('',#1530);
#1530 = CARTESIAN_POINT('',(0.16,0.16,-3.));
#1531 = LINE('',#1532,#1533);
#1532 = CARTESIAN_POINT('',(5.333333333333E-02,5.333333333333E-02,
    -3.106666666667));
#1533 = VECTOR('',#1534,1.);
#1534 = DIRECTION('',(-0.57735026919,-0.57735026919,-0.57735026919));
#1535 = ORIENTED_EDGE('',*,*,#1536,.F.);
#1536 = EDGE_CURVE('',#1520,#1529,#1537,.T.);
#1537 = LINE('',#1538,#1539);
#1538 = CARTESIAN_POINT('',(0.16,-0.32,-3.));
#1539 = VECTOR('',#1540,1.);
#1540 = DIRECTION('',(0.,1.,0.));
#1541 = PLANE('',#1542);
#1542 = AXIS2_PLACEMENT_3D('',#1543,#1544,#1545);
#1543 = CARTESIAN_POINT('',(0.24,-0.32,-2.92));
#1544 = DIRECTION('',(-0.707106781187,1.735167508357E-18,0.707106781187)
  );
#1545 = DIRECTION('',(1.226948711654E-18,1.,-1.226948711654E-18));
#1546 = ADVANCED_FACE('',(#1547),#1565,.F.);
#1547 = FACE_BOUND('',#1548,.T.);
#1548 = EDGE_LOOP('',(#1549,#1557,#1558,#1559));
#1549 = ORIENTED_EDGE('',*,*,#1550,.F.);
#1550 = EDGE_CURVE('',#976,#1551,#1553,.T.);
#1551 = VERTEX_POINT('',#1552);
#1552 = CARTESIAN_POINT('',(-0.16,0.16,-3.));
#1553 = LINE('',#1554,#1555);
#1554 = CARTESIAN_POINT('',(-0.16,0.16,-3.));
#1555 = VECTOR('',#1556,1.);
#1556 = DIRECTION('',(0.57735026919,-0.57735026919,-0.57735026919));
#1557 = ORIENTED_EDGE('',*,*,#975,.T.);
#1558 = ORIENTED_EDGE('',*,*,#1528,.T.);
#1559 = ORIENTED_EDGE('',*,*,#1560,.F.);
#1560 = EDGE_CURVE('',#1551,#1529,#1561,.T.);
#1561 = LINE('',#1562,#1563);
#1562 = CARTESIAN_POINT('',(-0.32,0.16,-3.));
#1563 = VECTOR('',#1564,1.);
#1564 = DIRECTION('',(1.,0.,0.));
#1565 = PLANE('',#1566);
#1566 = AXIS2_PLACEMENT_3D('',#1567,#1568,#1569);
#1567 = CARTESIAN_POINT('',(-0.32,0.24,-2.92));
#1568 = DIRECTION('',(-1.735167508357E-18,-0.707106781187,0.707106781187
    ));
#1569 = DIRECTION('',(-1.,1.226948711654E-18,-1.226948711654E-18));
#1570 = ADVANCED_FACE('',(#1571),#1589,.T.);
#1571 = FACE_BOUND('',#1572,.T.);
#1572 = EDGE_LOOP('',(#1573,#1581,#1582,#1583));
#1573 = ORIENTED_EDGE('',*,*,#1574,.F.);
#1574 = EDGE_CURVE('',#999,#1575,#1577,.T.);
#1575 = VERTEX_POINT('',#1576);
#1576 = CARTESIAN_POINT('',(-0.16,-0.16,-3.));
#1577 = LINE('',#1578,#1579);
#1578 = CARTESIAN_POINT('',(-0.266666666667,-0.266666666667,
    -2.893333333333));
#1579 = VECTOR('',#1580,1.);
#1580 = DIRECTION('',(0.57735026919,0.57735026919,-0.57735026919));
#1581 = ORIENTED_EDGE('',*,*,#1006,.T.);
#1582 = ORIENTED_EDGE('',*,*,#1550,.T.);
#1583 = ORIENTED_EDGE('',*,*,#1584,.F.);
#1584 = EDGE_CURVE('',#1575,#1551,#1585,.T.);
#1585 = LINE('',#1586,#1587);
#1586 = CARTESIAN_POINT('',(-0.16,-0.32,-3.));
#1587 = VECTOR('',#1588,1.);
#1588 = DIRECTION('',(0.,1.,0.));
#1589 = PLANE('',#1590);
#1590 = AXIS2_PLACEMENT_3D('',#1591,#1592,#1593);
#1591 = CARTESIAN_POINT('',(-0.24,-0.32,-2.92));
#1592 = DIRECTION('',(-0.707106781187,-1.735167508357E-18,
    -0.707106781187));
#1593 = DIRECTION('',(-1.226948711654E-18,1.,-1.226948711654E-18));
#1594 = ADVANCED_FACE('',(#1595),#1606,.T.);
#1595 = FACE_BOUND('',#1596,.F.);
#1596 = EDGE_LOOP('',(#1597,#1598,#1599,#1600));
#1597 = ORIENTED_EDGE('',*,*,#1574,.F.);
#1598 = ORIENTED_EDGE('',*,*,#1023,.T.);
#1599 = ORIENTED_EDGE('',*,*,#1519,.T.);
#1600 = ORIENTED_EDGE('',*,*,#1601,.F.);
#1601 = EDGE_CURVE('',#1575,#1520,#1602,.T.);
#1602 = LINE('',#1603,#1604);
#1603 = CARTESIAN_POINT('',(-0.32,-0.16,-3.));
#1604 = VECTOR('',#1605,1.);
#1605 = DIRECTION('',(1.,0.,0.));
#1606 = PLANE('',#1607);
#1607 = AXIS2_PLACEMENT_3D('',#1608,#1609,#1610);
#1608 = CARTESIAN_POINT('',(-0.32,-0.24,-2.92));
#1609 = DIRECTION('',(1.735167508357E-18,-0.707106781187,-0.707106781187
    ));
#1610 = DIRECTION('',(-1.,-1.226948711654E-18,-1.226948711654E-18));
#1611 = ADVANCED_FACE('',(#1612),#1637,.T.);
#1612 = FACE_BOUND('',#1613,.F.);
#1613 = EDGE_LOOP('',(#1614,#1622,#1623,#1631));
#1614 = ORIENTED_EDGE('',*,*,#1615,.F.);
#1615 = EDGE_CURVE('',#1048,#1616,#1618,.T.);
#1616 = VERTEX_POINT('',#1617);
#1617 = CARTESIAN_POINT('',(-0.16,-2.7,-3.));
#1618 = LINE('',#1619,#1620);
#1619 = CARTESIAN_POINT('',(-0.266666666667,-2.806666666667,
    -2.893333333333));
#1620 = VECTOR('',#1621,1.);
#1621 = DIRECTION('',(0.57735026919,0.57735026919,-0.57735026919));
#1622 = ORIENTED_EDGE('',*,*,#1047,.T.);
#1623 = ORIENTED_EDGE('',*,*,#1624,.T.);
#1624 = EDGE_CURVE('',#1040,#1625,#1627,.T.);
#1625 = VERTEX_POINT('',#1626);
#1626 = CARTESIAN_POINT('',(0.16,-2.7,-3.));
#1627 = LINE('',#1628,#1629);
#1628 = CARTESIAN_POINT('',(0.16,-2.7,-3.));
#1629 = VECTOR('',#1630,1.);
#1630 = DIRECTION('',(-0.57735026919,0.57735026919,-0.57735026919));
#1631 = ORIENTED_EDGE('',*,*,#1632,.F.);
#1632 = EDGE_CURVE('',#1616,#1625,#1633,.T.);
#1633 = LINE('',#1634,#1635);
#1634 = CARTESIAN_POINT('',(-0.32,-2.7,-3.));
#1635 = VECTOR('',#1636,1.);
#1636 = DIRECTION('',(1.,0.,0.));
#1637 = PLANE('',#1638);
#1638 = AXIS2_PLACEMENT_3D('',#1639,#1640,#1641);
#1639 = CARTESIAN_POINT('',(-0.32,-2.78,-2.92));
#1640 = DIRECTION('',(1.735167508357E-18,-0.707106781187,-0.707106781187
    ));
#1641 = DIRECTION('',(-1.,-1.226948711654E-18,-1.226948711654E-18));
#1642 = ADVANCED_FACE('',(#1643),#1661,.F.);
#1643 = FACE_BOUND('',#1644,.F.);
#1644 = EDGE_LOOP('',(#1645,#1646,#1647,#1655));
#1645 = ORIENTED_EDGE('',*,*,#1624,.F.);
#1646 = ORIENTED_EDGE('',*,*,#1071,.T.);
#1647 = ORIENTED_EDGE('',*,*,#1648,.T.);
#1648 = EDGE_CURVE('',#1072,#1649,#1651,.T.);
#1649 = VERTEX_POINT('',#1650);
#1650 = CARTESIAN_POINT('',(0.16,-2.38,-3.));
#1651 = LINE('',#1652,#1653);
#1652 = CARTESIAN_POINT('',(5.333333333333E-02,-2.486666666667,
    -3.106666666667));
#1653 = VECTOR('',#1654,1.);
#1654 = DIRECTION('',(-0.57735026919,-0.57735026919,-0.57735026919));
#1655 = ORIENTED_EDGE('',*,*,#1656,.F.);
#1656 = EDGE_CURVE('',#1625,#1649,#1657,.T.);
#1657 = LINE('',#1658,#1659);
#1658 = CARTESIAN_POINT('',(0.16,-2.86,-3.));
#1659 = VECTOR('',#1660,1.);
#1660 = DIRECTION('',(0.,1.,0.));
#1661 = PLANE('',#1662);
#1662 = AXIS2_PLACEMENT_3D('',#1663,#1664,#1665);
#1663 = CARTESIAN_POINT('',(0.24,-2.86,-2.92));
#1664 = DIRECTION('',(-0.707106781187,1.735167508357E-18,0.707106781187)
  );
#1665 = DIRECTION('',(1.226948711654E-18,1.,-1.226948711654E-18));
#1666 = ADVANCED_FACE('',(#1667),#1685,.F.);
#1667 = FACE_BOUND('',#1668,.T.);
#1668 = EDGE_LOOP('',(#1669,#1677,#1678,#1679));
#1669 = ORIENTED_EDGE('',*,*,#1670,.F.);
#1670 = EDGE_CURVE('',#1096,#1671,#1673,.T.);
#1671 = VERTEX_POINT('',#1672);
#1672 = CARTESIAN_POINT('',(-0.16,-2.38,-3.));
#1673 = LINE('',#1674,#1675);
#1674 = CARTESIAN_POINT('',(-0.16,-2.38,-3.));
#1675 = VECTOR('',#1676,1.);
#1676 = DIRECTION('',(0.57735026919,-0.57735026919,-0.57735026919));
#1677 = ORIENTED_EDGE('',*,*,#1095,.T.);
#1678 = ORIENTED_EDGE('',*,*,#1648,.T.);
#1679 = ORIENTED_EDGE('',*,*,#1680,.F.);
#1680 = EDGE_CURVE('',#1671,#1649,#1681,.T.);
#1681 = LINE('',#1682,#1683);
#1682 = CARTESIAN_POINT('',(-0.32,-2.38,-3.));
#1683 = VECTOR('',#1684,1.);
#1684 = DIRECTION('',(1.,0.,0.));
#1685 = PLANE('',#1686);
#1686 = AXIS2_PLACEMENT_3D('',#1687,#1688,#1689);
#1687 = CARTESIAN_POINT('',(-0.32,-2.3,-2.92));
#1688 = DIRECTION('',(-1.735167508357E-18,-0.707106781187,0.707106781187
    ));
#1689 = DIRECTION('',(-1.,1.226948711654E-18,-1.226948711654E-18));
#1690 = ADVANCED_FACE('',(#1691),#1702,.T.);
#1691 = FACE_BOUND('',#1692,.T.);
#1692 = EDGE_LOOP('',(#1693,#1694,#1695,#1696));
#1693 = ORIENTED_EDGE('',*,*,#1615,.F.);
#1694 = ORIENTED_EDGE('',*,*,#1119,.T.);
#1695 = ORIENTED_EDGE('',*,*,#1670,.T.);
#1696 = ORIENTED_EDGE('',*,*,#1697,.F.);
#1697 = EDGE_CURVE('',#1616,#1671,#1698,.T.);
#1698 = LINE('',#1699,#1700);
#1699 = CARTESIAN_POINT('',(-0.16,-2.86,-3.));
#1700 = VECTOR('',#1701,1.);
#1701 = DIRECTION('',(0.,1.,0.));
#1702 = PLANE('',#1703);
#1703 = AXIS2_PLACEMENT_3D('',#1704,#1705,#1706);
#1704 = CARTESIAN_POINT('',(-0.24,-2.86,-2.92));
#1705 = DIRECTION('',(-0.707106781187,-1.735167508357E-18,
    -0.707106781187));
#1706 = DIRECTION('',(-1.226948711654E-18,1.,-1.226948711654E-18));
#1707 = ADVANCED_FACE('',(#1708),#1733,.F.);
#1708 = FACE_BOUND('',#1709,.T.);
#1709 = EDGE_LOOP('',(#1710,#1718,#1719,#1727));
#1710 = ORIENTED_EDGE('',*,*,#1711,.F.);
#1711 = EDGE_CURVE('',#1144,#1712,#1714,.T.);
#1712 = VERTEX_POINT('',#1713);
#1713 = CARTESIAN_POINT('',(-0.16,-4.92,-3.));
#1714 = LINE('',#1715,#1716);
#1715 = CARTESIAN_POINT('',(-0.16,-4.92,-3.));
#1716 = VECTOR('',#1717,1.);
#1717 = DIRECTION('',(0.57735026919,-0.57735026919,-0.57735026919));
#1718 = ORIENTED_EDGE('',*,*,#1143,.T.);
#1719 = ORIENTED_EDGE('',*,*,#1720,.T.);
#1720 = EDGE_CURVE('',#1136,#1721,#1723,.T.);
#1721 = VERTEX_POINT('',#1722);
#1722 = CARTESIAN_POINT('',(0.16,-4.92,-3.));
#1723 = LINE('',#1724,#1725);
#1724 = CARTESIAN_POINT('',(5.333333333333E-02,-5.026666666667,
    -3.106666666667));
#1725 = VECTOR('',#1726,1.);
#1726 = DIRECTION('',(-0.57735026919,-0.57735026919,-0.57735026919));
#1727 = ORIENTED_EDGE('',*,*,#1728,.F.);
#1728 = EDGE_CURVE('',#1712,#1721,#1729,.T.);
#1729 = LINE('',#1730,#1731);
#1730 = CARTESIAN_POINT('',(-0.32,-4.92,-3.));
#1731 = VECTOR('',#1732,1.);
#1732 = DIRECTION('',(1.,0.,0.));
#1733 = PLANE('',#1734);
#1734 = AXIS2_PLACEMENT_3D('',#1735,#1736,#1737);
#1735 = CARTESIAN_POINT('',(-0.32,-4.84,-2.92));
#1736 = DIRECTION('',(-1.735167508357E-18,-0.707106781187,0.707106781187
    ));
#1737 = DIRECTION('',(-1.,1.226948711654E-18,-1.226948711654E-18));
#1738 = ADVANCED_FACE('',(#1739),#1757,.T.);
#1739 = FACE_BOUND('',#1740,.T.);
#1740 = EDGE_LOOP('',(#1741,#1749,#1750,#1751));
#1741 = ORIENTED_EDGE('',*,*,#1742,.F.);
#1742 = EDGE_CURVE('',#1167,#1743,#1745,.T.);
#1743 = VERTEX_POINT('',#1744);
#1744 = CARTESIAN_POINT('',(-0.16,-5.24,-3.));
#1745 = LINE('',#1746,#1747);
#1746 = CARTESIAN_POINT('',(-0.266666666667,-5.346666666667,
    -2.893333333333));
#1747 = VECTOR('',#1748,1.);
#1748 = DIRECTION('',(0.57735026919,0.57735026919,-0.57735026919));
#1749 = ORIENTED_EDGE('',*,*,#1174,.T.);
#1750 = ORIENTED_EDGE('',*,*,#1711,.T.);
#1751 = ORIENTED_EDGE('',*,*,#1752,.F.);
#1752 = EDGE_CURVE('',#1743,#1712,#1753,.T.);
#1753 = LINE('',#1754,#1755);
#1754 = CARTESIAN_POINT('',(-0.16,-5.4,-3.));
#1755 = VECTOR('',#1756,1.);
#1756 = DIRECTION('',(0.,1.,0.));
#1757 = PLANE('',#1758);
#1758 = AXIS2_PLACEMENT_3D('',#1759,#1760,#1761);
#1759 = CARTESIAN_POINT('',(-0.24,-5.4,-2.92));
#1760 = DIRECTION('',(-0.707106781187,-1.735167508357E-18,
    -0.707106781187));
#1761 = DIRECTION('',(-1.226948711654E-18,1.,-1.226948711654E-18));
#1762 = ADVANCED_FACE('',(#1763),#1781,.T.);
#1763 = FACE_BOUND('',#1764,.F.);
#1764 = EDGE_LOOP('',(#1765,#1766,#1767,#1775));
#1765 = ORIENTED_EDGE('',*,*,#1742,.F.);
#1766 = ORIENTED_EDGE('',*,*,#1198,.T.);
#1767 = ORIENTED_EDGE('',*,*,#1768,.T.);
#1768 = EDGE_CURVE('',#1191,#1769,#1771,.T.);
#1769 = VERTEX_POINT('',#1770);
#1770 = CARTESIAN_POINT('',(0.16,-5.24,-3.));
#1771 = LINE('',#1772,#1773);
#1772 = CARTESIAN_POINT('',(0.16,-5.24,-3.));
#1773 = VECTOR('',#1774,1.);
#1774 = DIRECTION('',(-0.57735026919,0.57735026919,-0.57735026919));
#1775 = ORIENTED_EDGE('',*,*,#1776,.F.);
#1776 = EDGE_CURVE('',#1743,#1769,#1777,.T.);
#1777 = LINE('',#1778,#1779);
#1778 = CARTESIAN_POINT('',(-0.32,-5.24,-3.));
#1779 = VECTOR('',#1780,1.);
#1780 = DIRECTION('',(1.,0.,0.));
#1781 = PLANE('',#1782);
#1782 = AXIS2_PLACEMENT_3D('',#1783,#1784,#1785);
#1783 = CARTESIAN_POINT('',(-0.32,-5.32,-2.92));
#1784 = DIRECTION('',(1.735167508357E-18,-0.707106781187,-0.707106781187
    ));
#1785 = DIRECTION('',(-1.,-1.226948711654E-18,-1.226948711654E-18));
#1786 = ADVANCED_FACE('',(#1787),#1798,.F.);
#1787 = FACE_BOUND('',#1788,.F.);
#1788 = EDGE_LOOP('',(#1789,#1790,#1791,#1792));
#1789 = ORIENTED_EDGE('',*,*,#1768,.F.);
#1790 = ORIENTED_EDGE('',*,*,#1215,.T.);
#1791 = ORIENTED_EDGE('',*,*,#1720,.T.);
#1792 = ORIENTED_EDGE('',*,*,#1793,.F.);
#1793 = EDGE_CURVE('',#1769,#1721,#1794,.T.);
#1794 = LINE('',#1795,#1796);
#1795 = CARTESIAN_POINT('',(0.16,-5.4,-3.));
#1796 = VECTOR('',#1797,1.);
#1797 = DIRECTION('',(0.,1.,0.));
#1798 = PLANE('',#1799);
#1799 = AXIS2_PLACEMENT_3D('',#1800,#1801,#1802);
#1800 = CARTESIAN_POINT('',(0.24,-5.4,-2.92));
#1801 = DIRECTION('',(-0.707106781187,1.735167508357E-18,0.707106781187)
  );
#1802 = DIRECTION('',(1.226948711654E-18,1.,-1.226948711654E-18));
#1803 = ADVANCED_FACE('',(#1804),#1829,.T.);
#1804 = FACE_BOUND('',#1805,.T.);
#1805 = EDGE_LOOP('',(#1806,#1814,#1815,#1823));
#1806 = ORIENTED_EDGE('',*,*,#1807,.F.);
#1807 = EDGE_CURVE('',#1232,#1808,#1810,.T.);
#1808 = VERTEX_POINT('',#1809);
#1809 = CARTESIAN_POINT('',(0.16,-0.16,8.54));
#1810 = LINE('',#1811,#1812);
#1811 = CARTESIAN_POINT('',(0.16,-0.16,8.54));
#1812 = VECTOR('',#1813,1.);
#1813 = DIRECTION('',(-0.57735026919,0.57735026919,0.57735026919));
#1814 = ORIENTED_EDGE('',*,*,#1248,.T.);
#1815 = ORIENTED_EDGE('',*,*,#1816,.T.);
#1816 = EDGE_CURVE('',#1241,#1817,#1819,.T.);
#1817 = VERTEX_POINT('',#1818);
#1818 = CARTESIAN_POINT('',(0.16,0.16,8.54));
#1819 = LINE('',#1820,#1821);
#1820 = CARTESIAN_POINT('',(5.333333333333E-02,5.333333333333E-02,
    8.646666666667));
#1821 = VECTOR('',#1822,1.);
#1822 = DIRECTION('',(-0.57735026919,-0.57735026919,0.57735026919));
#1823 = ORIENTED_EDGE('',*,*,#1824,.F.);
#1824 = EDGE_CURVE('',#1808,#1817,#1825,.T.);
#1825 = LINE('',#1826,#1827);
#1826 = CARTESIAN_POINT('',(0.16,-0.32,8.54));
#1827 = VECTOR('',#1828,1.);
#1828 = DIRECTION('',(0.,1.,0.));
#1829 = PLANE('',#1830);
#1830 = AXIS2_PLACEMENT_3D('',#1831,#1832,#1833);
#1831 = CARTESIAN_POINT('',(0.24,-0.32,8.46));
#1832 = DIRECTION('',(0.707106781187,-1.735167508357E-18,0.707106781187)
  );
#1833 = DIRECTION('',(1.226948711654E-18,1.,1.226948711654E-18));
#1834 = ADVANCED_FACE('',(#1835),#1853,.T.);
#1835 = FACE_BOUND('',#1836,.F.);
#1836 = EDGE_LOOP('',(#1837,#1845,#1846,#1847));
#1837 = ORIENTED_EDGE('',*,*,#1838,.F.);
#1838 = EDGE_CURVE('',#1265,#1839,#1841,.T.);
#1839 = VERTEX_POINT('',#1840);
#1840 = CARTESIAN_POINT('',(-0.16,0.16,8.54));
#1841 = LINE('',#1842,#1843);
#1842 = CARTESIAN_POINT('',(-0.16,0.16,8.54));
#1843 = VECTOR('',#1844,1.);
#1844 = DIRECTION('',(0.57735026919,-0.57735026919,0.57735026919));
#1845 = ORIENTED_EDGE('',*,*,#1272,.T.);
#1846 = ORIENTED_EDGE('',*,*,#1816,.T.);
#1847 = ORIENTED_EDGE('',*,*,#1848,.F.);
#1848 = EDGE_CURVE('',#1839,#1817,#1849,.T.);
#1849 = LINE('',#1850,#1851);
#1850 = CARTESIAN_POINT('',(-0.32,0.16,8.54));
#1851 = VECTOR('',#1852,1.);
#1852 = DIRECTION('',(1.,0.,0.));
#1853 = PLANE('',#1854);
#1854 = AXIS2_PLACEMENT_3D('',#1855,#1856,#1857);
#1855 = CARTESIAN_POINT('',(-0.32,0.24,8.46));
#1856 = DIRECTION('',(1.735167508357E-18,0.707106781187,0.707106781187)
  );
#1857 = DIRECTION('',(-1.,1.226948711654E-18,1.226948711654E-18));
#1858 = ADVANCED_FACE('',(#1859),#1877,.F.);
#1859 = FACE_BOUND('',#1860,.F.);
#1860 = EDGE_LOOP('',(#1861,#1869,#1870,#1871));
#1861 = ORIENTED_EDGE('',*,*,#1862,.F.);
#1862 = EDGE_CURVE('',#1287,#1863,#1865,.T.);
#1863 = VERTEX_POINT('',#1864);
#1864 = CARTESIAN_POINT('',(-0.16,-0.16,8.54));
#1865 = LINE('',#1866,#1867);
#1866 = CARTESIAN_POINT('',(-0.266666666667,-0.266666666667,
    8.433333333333));
#1867 = VECTOR('',#1868,1.);
#1868 = DIRECTION('',(0.57735026919,0.57735026919,0.57735026919));
#1869 = ORIENTED_EDGE('',*,*,#1296,.T.);
#1870 = ORIENTED_EDGE('',*,*,#1838,.T.);
#1871 = ORIENTED_EDGE('',*,*,#1872,.F.);
#1872 = EDGE_CURVE('',#1863,#1839,#1873,.T.);
#1873 = LINE('',#1874,#1875);
#1874 = CARTESIAN_POINT('',(-0.16,-0.32,8.54));
#1875 = VECTOR('',#1876,1.);
#1876 = DIRECTION('',(0.,1.,0.));
#1877 = PLANE('',#1878);
#1878 = AXIS2_PLACEMENT_3D('',#1879,#1880,#1881);
#1879 = CARTESIAN_POINT('',(-0.24,-0.32,8.46));
#1880 = DIRECTION('',(0.707106781187,1.735167508357E-18,-0.707106781187)
  );
#1881 = DIRECTION('',(-1.226948711654E-18,1.,1.226948711654E-18));
#1882 = ADVANCED_FACE('',(#1883),#1894,.F.);
#1883 = FACE_BOUND('',#1884,.T.);
#1884 = EDGE_LOOP('',(#1885,#1886,#1887,#1888));
#1885 = ORIENTED_EDGE('',*,*,#1862,.F.);
#1886 = ORIENTED_EDGE('',*,*,#1313,.T.);
#1887 = ORIENTED_EDGE('',*,*,#1807,.T.);
#1888 = ORIENTED_EDGE('',*,*,#1889,.F.);
#1889 = EDGE_CURVE('',#1863,#1808,#1890,.T.);
#1890 = LINE('',#1891,#1892);
#1891 = CARTESIAN_POINT('',(-0.32,-0.16,8.54));
#1892 = VECTOR('',#1893,1.);
#1893 = DIRECTION('',(1.,0.,0.));
#1894 = PLANE('',#1895);
#1895 = AXIS2_PLACEMENT_3D('',#1896,#1897,#1898);
#1896 = CARTESIAN_POINT('',(-0.32,-0.24,8.46));
#1897 = DIRECTION('',(-1.735167508357E-18,0.707106781187,-0.707106781187
    ));
#1898 = DIRECTION('',(-1.,-1.226948711654E-18,1.226948711654E-18));
#1899 = ADVANCED_FACE('',(#1900),#1925,.F.);
#1900 = FACE_BOUND('',#1901,.T.);
#1901 = EDGE_LOOP('',(#1902,#1910,#1911,#1919));
#1902 = ORIENTED_EDGE('',*,*,#1903,.F.);
#1903 = EDGE_CURVE('',#1337,#1904,#1906,.T.);
#1904 = VERTEX_POINT('',#1905);
#1905 = CARTESIAN_POINT('',(-0.16,-2.7,8.54));
#1906 = LINE('',#1907,#1908);
#1907 = CARTESIAN_POINT('',(-0.266666666667,-2.806666666667,
    8.433333333333));
#1908 = VECTOR('',#1909,1.);
#1909 = DIRECTION('',(0.57735026919,0.57735026919,0.57735026919));
#1910 = ORIENTED_EDGE('',*,*,#1344,.T.);
#1911 = ORIENTED_EDGE('',*,*,#1912,.T.);
#1912 = EDGE_CURVE('',#1328,#1913,#1915,.T.);
#1913 = VERTEX_POINT('',#1914);
#1914 = CARTESIAN_POINT('',(0.16,-2.7,8.54));
#1915 = LINE('',#1916,#1917);
#1916 = CARTESIAN_POINT('',(0.16,-2.7,8.54));
#1917 = VECTOR('',#1918,1.);
#1918 = DIRECTION('',(-0.57735026919,0.57735026919,0.57735026919));
#1919 = ORIENTED_EDGE('',*,*,#1920,.F.);
#1920 = EDGE_CURVE('',#1904,#1913,#1921,.T.);
#1921 = LINE('',#1922,#1923);
#1922 = CARTESIAN_POINT('',(-0.32,-2.7,8.54));
#1923 = VECTOR('',#1924,1.);
#1924 = DIRECTION('',(1.,0.,0.));
#1925 = PLANE('',#1926);
#1926 = AXIS2_PLACEMENT_3D('',#1927,#1928,#1929);
#1927 = CARTESIAN_POINT('',(-0.32,-2.78,8.46));
#1928 = DIRECTION('',(-1.735167508357E-18,0.707106781187,-0.707106781187
    ));
#1929 = DIRECTION('',(-1.,-1.226948711654E-18,1.226948711654E-18));
#1930 = ADVANCED_FACE('',(#1931),#1949,.T.);
#1931 = FACE_BOUND('',#1932,.T.);
#1932 = EDGE_LOOP('',(#1933,#1934,#1935,#1943));
#1933 = ORIENTED_EDGE('',*,*,#1912,.F.);
#1934 = ORIENTED_EDGE('',*,*,#1368,.T.);
#1935 = ORIENTED_EDGE('',*,*,#1936,.T.);
#1936 = EDGE_CURVE('',#1361,#1937,#1939,.T.);
#1937 = VERTEX_POINT('',#1938);
#1938 = CARTESIAN_POINT('',(0.16,-2.38,8.54));
#1939 = LINE('',#1940,#1941);
#1940 = CARTESIAN_POINT('',(5.333333333333E-02,-2.486666666667,
    8.646666666667));
#1941 = VECTOR('',#1942,1.);
#1942 = DIRECTION('',(-0.57735026919,-0.57735026919,0.57735026919));
#1943 = ORIENTED_EDGE('',*,*,#1944,.F.);
#1944 = EDGE_CURVE('',#1913,#1937,#1945,.T.);
#1945 = LINE('',#1946,#1947);
#1946 = CARTESIAN_POINT('',(0.16,-2.86,8.54));
#1947 = VECTOR('',#1948,1.);
#1948 = DIRECTION('',(0.,1.,0.));
#1949 = PLANE('',#1950);
#1950 = AXIS2_PLACEMENT_3D('',#1951,#1952,#1953);
#1951 = CARTESIAN_POINT('',(0.24,-2.86,8.46));
#1952 = DIRECTION('',(0.707106781187,-1.735167508357E-18,0.707106781187)
  );
#1953 = DIRECTION('',(1.226948711654E-18,1.,1.226948711654E-18));
#1954 = ADVANCED_FACE('',(#1955),#1973,.T.);
#1955 = FACE_BOUND('',#1956,.F.);
#1956 = EDGE_LOOP('',(#1957,#1965,#1966,#1967));
#1957 = ORIENTED_EDGE('',*,*,#1958,.F.);
#1958 = EDGE_CURVE('',#1385,#1959,#1961,.T.);
#1959 = VERTEX_POINT('',#1960);
#1960 = CARTESIAN_POINT('',(-0.16,-2.38,8.54));
#1961 = LINE('',#1962,#1963);
#1962 = CARTESIAN_POINT('',(-0.16,-2.38,8.54));
#1963 = VECTOR('',#1964,1.);
#1964 = DIRECTION('',(0.57735026919,-0.57735026919,0.57735026919));
#1965 = ORIENTED_EDGE('',*,*,#1392,.T.);
#1966 = ORIENTED_EDGE('',*,*,#1936,.T.);
#1967 = ORIENTED_EDGE('',*,*,#1968,.F.);
#1968 = EDGE_CURVE('',#1959,#1937,#1969,.T.);
#1969 = LINE('',#1970,#1971);
#1970 = CARTESIAN_POINT('',(-0.32,-2.38,8.54));
#1971 = VECTOR('',#1972,1.);
#1972 = DIRECTION('',(1.,0.,0.));
#1973 = PLANE('',#1974);
#1974 = AXIS2_PLACEMENT_3D('',#1975,#1976,#1977);
#1975 = CARTESIAN_POINT('',(-0.32,-2.3,8.46));
#1976 = DIRECTION('',(1.735167508357E-18,0.707106781187,0.707106781187)
  );
#1977 = DIRECTION('',(-1.,1.226948711654E-18,1.226948711654E-18));
#1978 = ADVANCED_FACE('',(#1979),#1990,.F.);
#1979 = FACE_BOUND('',#1980,.F.);
#1980 = EDGE_LOOP('',(#1981,#1982,#1983,#1984));
#1981 = ORIENTED_EDGE('',*,*,#1903,.F.);
#1982 = ORIENTED_EDGE('',*,*,#1409,.T.);
#1983 = ORIENTED_EDGE('',*,*,#1958,.T.);
#1984 = ORIENTED_EDGE('',*,*,#1985,.F.);
#1985 = EDGE_CURVE('',#1904,#1959,#1986,.T.);
#1986 = LINE('',#1987,#1988);
#1987 = CARTESIAN_POINT('',(-0.16,-2.86,8.54));
#1988 = VECTOR('',#1989,1.);
#1989 = DIRECTION('',(0.,1.,0.));
#1990 = PLANE('',#1991);
#1991 = AXIS2_PLACEMENT_3D('',#1992,#1993,#1994);
#1992 = CARTESIAN_POINT('',(-0.24,-2.86,8.46));
#1993 = DIRECTION('',(0.707106781187,1.735167508357E-18,-0.707106781187)
  );
#1994 = DIRECTION('',(-1.226948711654E-18,1.,1.226948711654E-18));
#1995 = ADVANCED_FACE('',(#1996),#2021,.T.);
#1996 = FACE_BOUND('',#1997,.F.);
#1997 = EDGE_LOOP('',(#1998,#2006,#2007,#2015));
#1998 = ORIENTED_EDGE('',*,*,#1999,.F.);
#1999 = EDGE_CURVE('',#1433,#2000,#2002,.T.);
#2000 = VERTEX_POINT('',#2001);
#2001 = CARTESIAN_POINT('',(-0.16,-4.92,8.54));
#2002 = LINE('',#2003,#2004);
#2003 = CARTESIAN_POINT('',(-0.16,-4.92,8.54));
#2004 = VECTOR('',#2005,1.);
#2005 = DIRECTION('',(0.57735026919,-0.57735026919,0.57735026919));
#2006 = ORIENTED_EDGE('',*,*,#1440,.T.);
#2007 = ORIENTED_EDGE('',*,*,#2008,.T.);
#2008 = EDGE_CURVE('',#1424,#2009,#2011,.T.);
#2009 = VERTEX_POINT('',#2010);
#2010 = CARTESIAN_POINT('',(0.16,-4.92,8.54));
#2011 = LINE('',#2012,#2013);
#2012 = CARTESIAN_POINT('',(5.333333333333E-02,-5.026666666667,
    8.646666666667));
#2013 = VECTOR('',#2014,1.);
#2014 = DIRECTION('',(-0.57735026919,-0.57735026919,0.57735026919));
#2015 = ORIENTED_EDGE('',*,*,#2016,.F.);
#2016 = EDGE_CURVE('',#2000,#2009,#2017,.T.);
#2017 = LINE('',#2018,#2019);
#2018 = CARTESIAN_POINT('',(-0.32,-4.92,8.54));
#2019 = VECTOR('',#2020,1.);
#2020 = DIRECTION('',(1.,0.,0.));
#2021 = PLANE('',#2022);
#2022 = AXIS2_PLACEMENT_3D('',#2023,#2024,#2025);
#2023 = CARTESIAN_POINT('',(-0.32,-4.84,8.46));
#2024 = DIRECTION('',(1.735167508357E-18,0.707106781187,0.707106781187)
  );
#2025 = DIRECTION('',(-1.,1.226948711654E-18,1.226948711654E-18));
#2026 = ADVANCED_FACE('',(#2027),#2045,.F.);
#2027 = FACE_BOUND('',#2028,.F.);
#2028 = EDGE_LOOP('',(#2029,#2037,#2038,#2039));
#2029 = ORIENTED_EDGE('',*,*,#2030,.F.);
#2030 = EDGE_CURVE('',#1455,#2031,#2033,.T.);
#2031 = VERTEX_POINT('',#2032);
#2032 = CARTESIAN_POINT('',(-0.16,-5.24,8.54));
#2033 = LINE('',#2034,#2035);
#2034 = CARTESIAN_POINT('',(-0.266666666667,-5.346666666667,
    8.433333333333));
#2035 = VECTOR('',#2036,1.);
#2036 = DIRECTION('',(0.57735026919,0.57735026919,0.57735026919));
#2037 = ORIENTED_EDGE('',*,*,#1464,.T.);
#2038 = ORIENTED_EDGE('',*,*,#1999,.T.);
#2039 = ORIENTED_EDGE('',*,*,#2040,.F.);
#2040 = EDGE_CURVE('',#2031,#2000,#2041,.T.);
#2041 = LINE('',#2042,#2043);
#2042 = CARTESIAN_POINT('',(-0.16,-5.4,8.54));
#2043 = VECTOR('',#2044,1.);
#2044 = DIRECTION('',(0.,1.,0.));
#2045 = PLANE('',#2046);
#2046 = AXIS2_PLACEMENT_3D('',#2047,#2048,#2049);
#2047 = CARTESIAN_POINT('',(-0.24,-5.4,8.46));
#2048 = DIRECTION('',(0.707106781187,1.735167508357E-18,-0.707106781187)
  );
#2049 = DIRECTION('',(-1.226948711654E-18,1.,1.226948711654E-18));
#2050 = ADVANCED_FACE('',(#2051),#2069,.F.);
#2051 = FACE_BOUND('',#2052,.T.);
#2052 = EDGE_LOOP('',(#2053,#2054,#2055,#2063));
#2053 = ORIENTED_EDGE('',*,*,#2030,.F.);
#2054 = ORIENTED_EDGE('',*,*,#1488,.T.);
#2055 = ORIENTED_EDGE('',*,*,#2056,.T.);
#2056 = EDGE_CURVE('',#1479,#2057,#2059,.T.);
#2057 = VERTEX_POINT('',#2058);
#2058 = CARTESIAN_POINT('',(0.16,-5.24,8.54));
#2059 = LINE('',#2060,#2061);
#2060 = CARTESIAN_POINT('',(0.16,-5.24,8.54));
#2061 = VECTOR('',#2062,1.);
#2062 = DIRECTION('',(-0.57735026919,0.57735026919,0.57735026919));
#2063 = ORIENTED_EDGE('',*,*,#2064,.F.);
#2064 = EDGE_CURVE('',#2031,#2057,#2065,.T.);
#2065 = LINE('',#2066,#2067);
#2066 = CARTESIAN_POINT('',(-0.32,-5.24,8.54));
#2067 = VECTOR('',#2068,1.);
#2068 = DIRECTION('',(1.,0.,0.));
#2069 = PLANE('',#2070);
#2070 = AXIS2_PLACEMENT_3D('',#2071,#2072,#2073);
#2071 = CARTESIAN_POINT('',(-0.32,-5.32,8.46));
#2072 = DIRECTION('',(-1.735167508357E-18,0.707106781187,-0.707106781187
    ));
#2073 = DIRECTION('',(-1.,-1.226948711654E-18,1.226948711654E-18));
#2074 = ADVANCED_FACE('',(#2075),#2086,.T.);
#2075 = FACE_BOUND('',#2076,.T.);
#2076 = EDGE_LOOP('',(#2077,#2078,#2079,#2080));
#2077 = ORIENTED_EDGE('',*,*,#2056,.F.);
#2078 = ORIENTED_EDGE('',*,*,#1505,.T.);
#2079 = ORIENTED_EDGE('',*,*,#2008,.T.);
#2080 = ORIENTED_EDGE('',*,*,#2081,.F.);
#2081 = EDGE_CURVE('',#2057,#2009,#2082,.T.);
#2082 = LINE('',#2083,#2084);
#2083 = CARTESIAN_POINT('',(0.16,-5.4,8.54));
#2084 = VECTOR('',#2085,1.);
#2085 = DIRECTION('',(0.,1.,0.));
#2086 = PLANE('',#2087);
#2087 = AXIS2_PLACEMENT_3D('',#2088,#2089,#2090);
#2088 = CARTESIAN_POINT('',(0.24,-5.4,8.46));
#2089 = DIRECTION('',(0.707106781187,-1.735167508357E-18,0.707106781187)
  );
#2090 = DIRECTION('',(1.226948711654E-18,1.,1.226948711654E-18));
#2091 = ADVANCED_FACE('',(#2092),#2098,.F.);
#2092 = FACE_BOUND('',#2093,.F.);
#2093 = EDGE_LOOP('',(#2094,#2095,#2096,#2097));
#2094 = ORIENTED_EDGE('',*,*,#1560,.F.);
#2095 = ORIENTED_EDGE('',*,*,#1584,.F.);
#2096 = ORIENTED_EDGE('',*,*,#1601,.T.);
#2097 = ORIENTED_EDGE('',*,*,#1536,.T.);
#2098 = PLANE('',#2099);
#2099 = AXIS2_PLACEMENT_3D('',#2100,#2101,#2102);
#2100 = CARTESIAN_POINT('',(-0.32,-0.32,-3.));
#2101 = DIRECTION('',(0.,0.,1.));
#2102 = DIRECTION('',(1.,0.,-0.));
#2103 = ADVANCED_FACE('',(#2104),#2110,.F.);
#2104 = FACE_BOUND('',#2105,.F.);
#2105 = EDGE_LOOP('',(#2106,#2107,#2108,#2109));
#2106 = ORIENTED_EDGE('',*,*,#1680,.F.);
#2107 = ORIENTED_EDGE('',*,*,#1697,.F.);
#2108 = ORIENTED_EDGE('',*,*,#1632,.T.);
#2109 = ORIENTED_EDGE('',*,*,#1656,.T.);
#2110 = PLANE('',#2111);
#2111 = AXIS2_PLACEMENT_3D('',#2112,#2113,#2114);
#2112 = CARTESIAN_POINT('',(-0.32,-2.86,-3.));
#2113 = DIRECTION('',(0.,0.,1.));
#2114 = DIRECTION('',(1.,0.,-0.));
#2115 = ADVANCED_FACE('',(#2116),#2122,.F.);
#2116 = FACE_BOUND('',#2117,.F.);
#2117 = EDGE_LOOP('',(#2118,#2119,#2120,#2121));
#2118 = ORIENTED_EDGE('',*,*,#1728,.F.);
#2119 = ORIENTED_EDGE('',*,*,#1752,.F.);
#2120 = ORIENTED_EDGE('',*,*,#1776,.T.);
#2121 = ORIENTED_EDGE('',*,*,#1793,.T.);
#2122 = PLANE('',#2123);
#2123 = AXIS2_PLACEMENT_3D('',#2124,#2125,#2126);
#2124 = CARTESIAN_POINT('',(-0.32,-5.4,-3.));
#2125 = DIRECTION('',(0.,0.,1.));
#2126 = DIRECTION('',(1.,0.,-0.));
#2127 = ADVANCED_FACE('',(#2128),#2134,.T.);
#2128 = FACE_BOUND('',#2129,.T.);
#2129 = EDGE_LOOP('',(#2130,#2131,#2132,#2133));
#2130 = ORIENTED_EDGE('',*,*,#1889,.T.);
#2131 = ORIENTED_EDGE('',*,*,#1824,.T.);
#2132 = ORIENTED_EDGE('',*,*,#1848,.F.);
#2133 = ORIENTED_EDGE('',*,*,#1872,.F.);
#2134 = PLANE('',#2135);
#2135 = AXIS2_PLACEMENT_3D('',#2136,#2137,#2138);
#2136 = CARTESIAN_POINT('',(-0.32,-0.32,8.54));
#2137 = DIRECTION('',(0.,0.,1.));
#2138 = DIRECTION('',(1.,0.,-0.));
#2139 = ADVANCED_FACE('',(#2140),#2146,.T.);
#2140 = FACE_BOUND('',#2141,.T.);
#2141 = EDGE_LOOP('',(#2142,#2143,#2144,#2145));
#2142 = ORIENTED_EDGE('',*,*,#1920,.T.);
#2143 = ORIENTED_EDGE('',*,*,#1944,.T.);
#2144 = ORIENTED_EDGE('',*,*,#1968,.F.);
#2145 = ORIENTED_EDGE('',*,*,#1985,.F.);
#2146 = PLANE('',#2147);
#2147 = AXIS2_PLACEMENT_3D('',#2148,#2149,#2150);
#2148 = CARTESIAN_POINT('',(-0.32,-2.86,8.54));
#2149 = DIRECTION('',(0.,0.,1.));
#2150 = DIRECTION('',(1.,0.,-0.));
#2151 = ADVANCED_FACE('',(#2152),#2158,.T.);
#2152 = FACE_BOUND('',#2153,.T.);
#2153 = EDGE_LOOP('',(#2154,#2155,#2156,#2157));
#2154 = ORIENTED_EDGE('',*,*,#2064,.T.);
#2155 = ORIENTED_EDGE('',*,*,#2081,.T.);
#2156 = ORIENTED_EDGE('',*,*,#2016,.F.);
#2157 = ORIENTED_EDGE('',*,*,#2040,.F.);
#2158 = PLANE('',#2159);
#2159 = AXIS2_PLACEMENT_3D('',#2160,#2161,#2162);
#2160 = CARTESIAN_POINT('',(-0.32,-5.4,8.54));
#2161 = DIRECTION('',(0.,0.,1.));
#2162 = DIRECTION('',(1.,0.,-0.));
#2163 = ( GEOMETRIC_REPRESENTATION_CONTEXT(3) 
GLOBAL_UNCERTAINTY_ASSIGNED_CONTEXT((#2167)) 
GLOBAL_UNIT_ASSIGNED_CONTEXT((#2164,#2165,#2166)) REPRESENTATION_CONTEXT
('Context #1','3D Context with UNIT and UNCERTAINTY') );
#2164 = ( LENGTH_UNIT() NAMED_UNIT(*) SI_UNIT(.MILLI.,.METRE.) );
#2165 = ( NAMED_UNIT(*) PLANE_ANGLE_UNIT() SI_UNIT($,.RADIAN.) );
#2166 = ( NAMED_UNIT(*) SI_UNIT($,.STERADIAN.) SOLID_ANGLE_UNIT() );
#2167 = UNCERTAINTY_MEASURE_WITH_UNIT(LENGTH_MEASURE(1.E-07),#2164,
  'distance_accuracy_value','confusion accuracy');
#2168 = CONTEXT_DEPENDENT_SHAPE_REPRESENTATION(#2169,#2171);
#2169 = ( REPRESENTATION_RELATIONSHIP('','',#56,#10) 
REPRESENTATION_RELATIONSHIP_WITH_TRANSFORMATION(#2170) 
SHAPE_REPRESENTATION_RELATIONSHIP() );
#2170 = ITEM_DEFINED_TRANSFORMATION('','',#11,#15);
#2171 = PRODUCT_DEFINITION_SHAPE('Placement','Placement of an item',
  #2172);
#2172 = NEXT_ASSEMBLY_USAGE_OCCURRENCE('1','J3','',#5,#51,$);
#2173 = PRODUCT_RELATED_PRODUCT_CATEGORY('part',$,(#53));
#2174 = SHAPE_DEFINITION_REPRESENTATION(#2175,#2181);
#2175 = PRODUCT_DEFINITION_SHAPE('','',#2176);
#2176 = PRODUCT_DEFINITION('design','',#2177,#2180);
#2177 = PRODUCT_DEFINITION_FORMATION('','',#2178);
#2178 = PRODUCT('LED_SK6812MINI-E_3.2x2.8mm_P1.5mm_ReverseMount',
  'LED_SK6812MINI-E_3.2x2.8mm_P1.5mm_ReverseMount','',(#2179));
#2179 = PRODUCT_CONTEXT('',#2,'mechanical');
#2180 = PRODUCT_DEFINITION_CONTEXT('part definition',#2,'design');
#2181 = SHAPE_REPRESENTATION('',(#11,#2182,#2186,#2190,#2194,#2198),
  #2202);
#2182 = AXIS2_PLACEMENT_3D('',#2183,#2184,#2185);
#2183 = CARTESIAN_POINT('',(0.,0.,0.));
#2184 = DIRECTION('',(0.,0.,1.));
#2185 = DIRECTION('',(1.,0.,0.));
#2186 = AXIS2_PLACEMENT_3D('',#2187,#2188,#2189);
#2187 = CARTESIAN_POINT('',(0.,0.,0.));
#2188 = DIRECTION('',(0.,0.,1.));
#2189 = DIRECTION('',(1.,0.,0.));
#2190 = AXIS2_PLACEMENT_3D('',#2191,#2192,#2193);
#2191 = CARTESIAN_POINT('',(0.,0.,0.));
#2192 = DIRECTION('',(0.,0.,1.));
#2193 = DIRECTION('',(1.,0.,0.));
#2194 = AXIS2_PLACEMENT_3D('',#2195,#2196,#2197);
#2195 = CARTESIAN_POINT('',(0.,0.,0.));
#2196 = DIRECTION('',(0.,0.,1.));
#2197 = DIRECTION('',(1.,0.,0.));
#2198 = AXIS2_PLACEMENT_3D('',#2199,#2200,#2201);
#2199 = CARTESIAN_POINT('',(0.,0.,0.));
#2200 = DIRECTION('',(0.,0.,1.));
#2201 = DIRECTION('',(1.,0.,0.));
#2202 = ( GEOMETRIC_REPRESENTATION_CONTEXT(3) 
GLOBAL_UNCERTAINTY_ASSIGNED_CONTEXT((#2206)) 
GLOBAL_UNIT_ASSIGNED_CONTEXT((#2203,#2204,#2205)) REPRESENTATION_CONTEXT
('Context #1','3D Context with UNIT and UNCERTAINTY') );
#2203 = ( LENGTH_UNIT() NAMED_UNIT(*) SI_UNIT(.MILLI.,.METRE.) );
#2204 = ( NAMED_UNIT(*) PLANE_ANGLE_UNIT() SI_UNIT($,.RADIAN.) );
#2205 = ( NAMED_UNIT(*) SI_UNIT($,.STERADIAN.) SOLID_ANGLE_UNIT() );
#2206 = UNCERTAINTY_MEASURE_WITH_UNIT(LENGTH_MEASURE(2.E-06),#2203,
  'distance_accuracy_value','confusion accuracy');
#2207 = CONTEXT_DEPENDENT_SHAPE_REPRESENTATION(#2208,#2210);
#2208 = ( REPRESENTATION_RELATIONSHIP('','',#2181,#10) 
REPRESENTATION_RELATIONSHIP_WITH_TRANSFORMATION(#2209) 
SHAPE_REPRESENTATION_RELATIONSHIP() );
#2209 = ITEM_DEFINED_TRANSFORMATION('','',#11,#19);
#2210 = PRODUCT_DEFINITION_SHAPE('Placement','Placement of an item',
  #2211);
#2211 = NEXT_ASSEMBLY_USAGE_OCCURRENCE('7','D13','',#5,#2176,$);
#2212 = PRODUCT_RELATED_PRODUCT_CATEGORY('part',$,(#2178));
#2213 = SHAPE_DEFINITION_REPRESENTATION(#2214,#2220);
#2214 = PRODUCT_DEFINITION_SHAPE('','',#2215);
#2215 = PRODUCT_DEFINITION('design','',#2216,#2219);
#2216 = PRODUCT_DEFINITION_FORMATION('','',#2217);
#2217 = PRODUCT('Body','Body','',(#2218));
#2218 = PRODUCT_CONTEXT('',#2,'mechanical');
#2219 = PRODUCT_DEFINITION_CONTEXT('part definition',#2,'design');
#2220 = ADVANCED_BREP_SHAPE_REPRESENTATION('',(#11,#2221),#3071);
#2221 = MANIFOLD_SOLID_BREP('',#2222);
#2222 = CLOSED_SHELL('',(#2223,#2279,#2326,#2359,#2383,#2424,#2471,#2482
    ,#2507,#2529,#2628,#2645,#2681,#2705,#2723,#2815,#2827,#2844,#2861,
    #2878,#2895,#2912,#2940,#2957,#2974,#2991,#3003,#3028,#3053,#3062));
#2223 = ADVANCED_FACE('',(#2224),#2274,.F.);
#2224 = FACE_BOUND('',#2225,.F.);
#2225 = EDGE_LOOP('',(#2226,#2236,#2244,#2252,#2260,#2268));
#2226 = ORIENTED_EDGE('',*,*,#2227,.F.);
#2227 = EDGE_CURVE('',#2228,#2230,#2232,.T.);
#2228 = VERTEX_POINT('',#2229);
#2229 = CARTESIAN_POINT('',(-1.6,1.4,0.15));
#2230 = VERTEX_POINT('',#2231);
#2231 = CARTESIAN_POINT('',(-1.6,1.4,-0.83995));
#2232 = LINE('',#2233,#2234);
#2233 = CARTESIAN_POINT('',(-1.6,1.4,0.15));
#2234 = VECTOR('',#2235,1.);
#2235 = DIRECTION('',(0.,2.2E-16,-1.));
#2236 = ORIENTED_EDGE('',*,*,#2237,.T.);
#2237 = EDGE_CURVE('',#2228,#2238,#2240,.T.);
#2238 = VERTEX_POINT('',#2239);
#2239 = CARTESIAN_POINT('',(-1.6,-1.4,0.15));
#2240 = LINE('',#2241,#2242);
#2241 = CARTESIAN_POINT('',(-1.6,1.4,0.15));
#2242 = VECTOR('',#2243,1.);
#2243 = DIRECTION('',(0.,-1.,2.2E-16));
#2244 = ORIENTED_EDGE('',*,*,#2245,.T.);
#2245 = EDGE_CURVE('',#2238,#2246,#2248,.T.);
#2246 = VERTEX_POINT('',#2247);
#2247 = CARTESIAN_POINT('',(-1.6,-1.4,-0.34));
#2248 = LINE('',#2249,#2250);
#2249 = CARTESIAN_POINT('',(-1.6,-1.4,0.15));
#2250 = VECTOR('',#2251,1.);
#2251 = DIRECTION('',(0.,2.2E-16,-1.));
#2252 = ORIENTED_EDGE('',*,*,#2253,.F.);
#2253 = EDGE_CURVE('',#2254,#2246,#2256,.T.);
#2254 = VERTEX_POINT('',#2255);
#2255 = CARTESIAN_POINT('',(-1.6,-0.586827201635,-0.34));
#2256 = LINE('',#2257,#2258);
#2257 = CARTESIAN_POINT('',(-1.6,-0.586827201635,-0.34));
#2258 = VECTOR('',#2259,1.);
#2259 = DIRECTION('',(0.,-1.,-2.2E-16));
#2260 = ORIENTED_EDGE('',*,*,#2261,.F.);
#2261 = EDGE_CURVE('',#2262,#2254,#2264,.T.);
#2262 = VERTEX_POINT('',#2263);
#2263 = CARTESIAN_POINT('',(-1.6,-0.586827201635,-0.83995));
#2264 = LINE('',#2265,#2266);
#2265 = CARTESIAN_POINT('',(-1.6,-0.586827201635,-0.84));
#2266 = VECTOR('',#2267,1.);
#2267 = DIRECTION('',(0.,0.,1.));
#2268 = ORIENTED_EDGE('',*,*,#2269,.F.);
#2269 = EDGE_CURVE('',#2230,#2262,#2270,.T.);
#2270 = LINE('',#2271,#2272);
#2271 = CARTESIAN_POINT('',(-1.6,1.4,-0.83995));
#2272 = VECTOR('',#2273,1.);
#2273 = DIRECTION('',(0.,-1.,2.2E-16));
#2274 = PLANE('',#2275);
#2275 = AXIS2_PLACEMENT_3D('',#2276,#2277,#2278);
#2276 = CARTESIAN_POINT('',(-1.6,1.4,0.15));
#2277 = DIRECTION('',(1.,0.,0.));
#2278 = DIRECTION('',(0.,-2.2E-16,-1.));
#2279 = ADVANCED_FACE('',(#2280),#2321,.T.);
#2280 = FACE_BOUND('',#2281,.T.);
#2281 = EDGE_LOOP('',(#2282,#2283,#2291,#2299,#2307,#2315));
#2282 = ORIENTED_EDGE('',*,*,#2227,.F.);
#2283 = ORIENTED_EDGE('',*,*,#2284,.F.);
#2284 = EDGE_CURVE('',#2285,#2228,#2287,.T.);
#2285 = VERTEX_POINT('',#2286);
#2286 = CARTESIAN_POINT('',(-1.555,1.4,0.15));
#2287 = LINE('',#2288,#2289);
#2288 = CARTESIAN_POINT('',(1.6,1.4,0.15));
#2289 = VECTOR('',#2290,1.);
#2290 = DIRECTION('',(-1.,0.,0.));
#2291 = ORIENTED_EDGE('',*,*,#2292,.F.);
#2292 = EDGE_CURVE('',#2293,#2285,#2295,.T.);
#2293 = VERTEX_POINT('',#2294);
#2294 = CARTESIAN_POINT('',(1.555,1.4,0.15));
#2295 = LINE('',#2296,#2297);
#2296 = CARTESIAN_POINT('',(4.655694667823,1.4,0.15));
#2297 = VECTOR('',#2298,1.);
#2298 = DIRECTION('',(-1.,-1.1E-16,1.1E-16));
#2299 = ORIENTED_EDGE('',*,*,#2300,.F.);
#2300 = EDGE_CURVE('',#2301,#2293,#2303,.T.);
#2301 = VERTEX_POINT('',#2302);
#2302 = CARTESIAN_POINT('',(1.6,1.4,0.15));
#2303 = LINE('',#2304,#2305);
#2304 = CARTESIAN_POINT('',(1.6,1.4,0.15));
#2305 = VECTOR('',#2306,1.);
#2306 = DIRECTION('',(-1.,0.,0.));
#2307 = ORIENTED_EDGE('',*,*,#2308,.F.);
#2308 = EDGE_CURVE('',#2309,#2301,#2311,.T.);
#2309 = VERTEX_POINT('',#2310);
#2310 = CARTESIAN_POINT('',(1.6,1.4,-0.83995));
#2311 = LINE('',#2312,#2313);
#2312 = CARTESIAN_POINT('',(1.6,1.4,-0.84));
#2313 = VECTOR('',#2314,1.);
#2314 = DIRECTION('',(0.,-2.2E-16,1.));
#2315 = ORIENTED_EDGE('',*,*,#2316,.F.);
#2316 = EDGE_CURVE('',#2230,#2309,#2317,.T.);
#2317 = LINE('',#2318,#2319);
#2318 = CARTESIAN_POINT('',(-1.6,1.4,-0.83995));
#2319 = VECTOR('',#2320,1.);
#2320 = DIRECTION('',(1.,0.,0.));
#2321 = PLANE('',#2322);
#2322 = AXIS2_PLACEMENT_3D('',#2323,#2324,#2325);
#2323 = CARTESIAN_POINT('',(-1.6814E-13,1.4,-2.455333978938E-02));
#2324 = DIRECTION('',(0.,1.,-2.5E-16));
#2325 = DIRECTION('',(0.,-2.5E-16,-1.));
#2326 = ADVANCED_FACE('',(#2327),#2354,.T.);
#2327 = FACE_BOUND('',#2328,.T.);
#2328 = EDGE_LOOP('',(#2329,#2338,#2346,#2353));
#2329 = ORIENTED_EDGE('',*,*,#2330,.T.);
#2330 = EDGE_CURVE('',#2230,#2331,#2333,.T.);
#2331 = VERTEX_POINT('',#2332);
#2332 = CARTESIAN_POINT('',(-1.59995,1.39995,-0.84));
#2333 = ELLIPSE('',#2334,7.071067811865E-05,5.E-05);
#2334 = AXIS2_PLACEMENT_3D('',#2335,#2336,#2337);
#2335 = CARTESIAN_POINT('',(-1.59995,1.39995,-0.83995));
#2336 = DIRECTION('',(-0.707106781187,-0.707106781187,1.599999999999E-16
    ));
#2337 = DIRECTION('',(0.707106781187,-0.707106781187,1.599999999999E-16)
  );
#2338 = ORIENTED_EDGE('',*,*,#2339,.T.);
#2339 = EDGE_CURVE('',#2331,#2340,#2342,.T.);
#2340 = VERTEX_POINT('',#2341);
#2341 = CARTESIAN_POINT('',(-1.59995,-0.586877201635,-0.84));
#2342 = LINE('',#2343,#2344);
#2343 = CARTESIAN_POINT('',(-1.59995,1.4,-0.84));
#2344 = VECTOR('',#2345,1.);
#2345 = DIRECTION('',(0.,-1.,2.2E-16));
#2346 = ORIENTED_EDGE('',*,*,#2347,.F.);
#2347 = EDGE_CURVE('',#2262,#2340,#2348,.T.);
#2348 = CIRCLE('',#2349,5.E-05);
#2349 = AXIS2_PLACEMENT_3D('',#2350,#2351,#2352);
#2350 = CARTESIAN_POINT('',(-1.59995,-0.586877201635,-0.83995));
#2351 = DIRECTION('',(0.,-1.,2.2E-16));
#2352 = DIRECTION('',(0.,-2.2E-16,-1.));
#2353 = ORIENTED_EDGE('',*,*,#2269,.F.);
#2354 = CYLINDRICAL_SURFACE('',#2355,5.E-05);
#2355 = AXIS2_PLACEMENT_3D('',#2356,#2357,#2358);
#2356 = CARTESIAN_POINT('',(-1.59995,1.4,-0.83995));
#2357 = DIRECTION('',(0.,-1.,2.2E-16));
#2358 = DIRECTION('',(-1.,0.,0.));
#2359 = ADVANCED_FACE('',(#2360),#2378,.F.);
#2360 = FACE_BOUND('',#2361,.F.);
#2361 = EDGE_LOOP('',(#2362,#2363,#2371,#2377));
#2362 = ORIENTED_EDGE('',*,*,#2284,.F.);
#2363 = ORIENTED_EDGE('',*,*,#2364,.T.);
#2364 = EDGE_CURVE('',#2285,#2365,#2367,.T.);
#2365 = VERTEX_POINT('',#2366);
#2366 = CARTESIAN_POINT('',(-1.555,-1.4,0.15));
#2367 = LINE('',#2368,#2369);
#2368 = CARTESIAN_POINT('',(-1.555,1.4,0.15));
#2369 = VECTOR('',#2370,1.);
#2370 = DIRECTION('',(0.,-1.,2.2E-16));
#2371 = ORIENTED_EDGE('',*,*,#2372,.T.);
#2372 = EDGE_CURVE('',#2365,#2238,#2373,.T.);
#2373 = LINE('',#2374,#2375);
#2374 = CARTESIAN_POINT('',(1.6,-1.4,0.15));
#2375 = VECTOR('',#2376,1.);
#2376 = DIRECTION('',(-1.,0.,0.));
#2377 = ORIENTED_EDGE('',*,*,#2237,.F.);
#2378 = PLANE('',#2379);
#2379 = AXIS2_PLACEMENT_3D('',#2380,#2381,#2382);
#2380 = CARTESIAN_POINT('',(1.6,1.4,0.15));
#2381 = DIRECTION('',(0.,-2.2E-16,-1.));
#2382 = DIRECTION('',(-1.,-0.,0.));
#2383 = ADVANCED_FACE('',(#2384),#2419,.T.);
#2384 = FACE_BOUND('',#2385,.T.);
#2385 = EDGE_LOOP('',(#2386,#2396,#2402,#2403,#2404,#2412));
#2386 = ORIENTED_EDGE('',*,*,#2387,.T.);
#2387 = EDGE_CURVE('',#2388,#2390,#2392,.T.);
#2388 = VERTEX_POINT('',#2389);
#2389 = CARTESIAN_POINT('',(-0.786827201636,-1.4,-0.83995));
#2390 = VERTEX_POINT('',#2391);
#2391 = CARTESIAN_POINT('',(-0.786827201636,-1.4,-0.34));
#2392 = LINE('',#2393,#2394);
#2393 = CARTESIAN_POINT('',(-0.786827201636,-1.4,-0.84));
#2394 = VECTOR('',#2395,1.);
#2395 = DIRECTION('',(0.,0.,1.));
#2396 = ORIENTED_EDGE('',*,*,#2397,.T.);
#2397 = EDGE_CURVE('',#2390,#2254,#2398,.T.);
#2398 = LINE('',#2399,#2400);
#2399 = CARTESIAN_POINT('',(-0.786827201636,-1.4,-0.34));
#2400 = VECTOR('',#2401,1.);
#2401 = DIRECTION('',(-0.707106781187,0.707106781187,1.599999999999E-16)
  );
#2402 = ORIENTED_EDGE('',*,*,#2261,.F.);
#2403 = ORIENTED_EDGE('',*,*,#2347,.T.);
#2404 = ORIENTED_EDGE('',*,*,#2405,.F.);
#2405 = EDGE_CURVE('',#2406,#2340,#2408,.T.);
#2406 = VERTEX_POINT('',#2407);
#2407 = CARTESIAN_POINT('',(-0.786877201636,-1.39995,-0.84));
#2408 = LINE('',#2409,#2410);
#2409 = CARTESIAN_POINT('',(-0.786827201636,-1.4,-0.84));
#2410 = VECTOR('',#2411,1.);
#2411 = DIRECTION('',(-0.707106781187,0.707106781187,1.599999999999E-16)
  );
#2412 = ORIENTED_EDGE('',*,*,#2413,.T.);
#2413 = EDGE_CURVE('',#2406,#2388,#2414,.T.);
#2414 = CIRCLE('',#2415,5.E-05);
#2415 = AXIS2_PLACEMENT_3D('',#2416,#2417,#2418);
#2416 = CARTESIAN_POINT('',(-0.786877201636,-1.39995,-0.83995));
#2417 = DIRECTION('',(-1.,-0.,0.));
#2418 = DIRECTION('',(0.,-1.,-2.2E-16));
#2419 = PLANE('',#2420);
#2420 = AXIS2_PLACEMENT_3D('',#2421,#2422,#2423);
#2421 = CARTESIAN_POINT('',(-0.786827201636,-1.4,-0.84));
#2422 = DIRECTION('',(-0.707106781187,-0.707106781187,0.));
#2423 = DIRECTION('',(-0.707106781187,0.707106781187,0.));
#2424 = ADVANCED_FACE('',(#2425),#2466,.T.);
#2425 = FACE_BOUND('',#2426,.T.);
#2426 = EDGE_LOOP('',(#2427,#2437,#2445,#2451,#2452,#2453,#2459,#2460));
#2427 = ORIENTED_EDGE('',*,*,#2428,.T.);
#2428 = EDGE_CURVE('',#2429,#2431,#2433,.T.);
#2429 = VERTEX_POINT('',#2430);
#2430 = CARTESIAN_POINT('',(1.6,-1.4,-0.83995));
#2431 = VERTEX_POINT('',#2432);
#2432 = CARTESIAN_POINT('',(1.6,-1.4,0.15));
#2433 = LINE('',#2434,#2435);
#2434 = CARTESIAN_POINT('',(1.6,-1.4,-0.84));
#2435 = VECTOR('',#2436,1.);
#2436 = DIRECTION('',(0.,-2.2E-16,1.));
#2437 = ORIENTED_EDGE('',*,*,#2438,.T.);
#2438 = EDGE_CURVE('',#2431,#2439,#2441,.T.);
#2439 = VERTEX_POINT('',#2440);
#2440 = CARTESIAN_POINT('',(1.555,-1.4,0.15));
#2441 = LINE('',#2442,#2443);
#2442 = CARTESIAN_POINT('',(1.6,-1.4,0.15));
#2443 = VECTOR('',#2444,1.);
#2444 = DIRECTION('',(-1.,0.,0.));
#2445 = ORIENTED_EDGE('',*,*,#2446,.T.);
#2446 = EDGE_CURVE('',#2439,#2365,#2447,.T.);
#2447 = LINE('',#2448,#2449);
#2448 = CARTESIAN_POINT('',(4.655694667823,-1.4,0.15));
#2449 = VECTOR('',#2450,1.);
#2450 = DIRECTION('',(-1.,0.,0.));
#2451 = ORIENTED_EDGE('',*,*,#2372,.T.);
#2452 = ORIENTED_EDGE('',*,*,#2245,.T.);
#2453 = ORIENTED_EDGE('',*,*,#2454,.T.);
#2454 = EDGE_CURVE('',#2246,#2390,#2455,.T.);
#2455 = LINE('',#2456,#2457);
#2456 = CARTESIAN_POINT('',(-1.6,-1.4,-0.34));
#2457 = VECTOR('',#2458,1.);
#2458 = DIRECTION('',(1.,5.5E-16,0.));
#2459 = ORIENTED_EDGE('',*,*,#2387,.F.);
#2460 = ORIENTED_EDGE('',*,*,#2461,.T.);
#2461 = EDGE_CURVE('',#2388,#2429,#2462,.T.);
#2462 = LINE('',#2463,#2464);
#2463 = CARTESIAN_POINT('',(-0.786827201636,-1.4,-0.83995));
#2464 = VECTOR('',#2465,1.);
#2465 = DIRECTION('',(1.,0.,0.));
#2466 = PLANE('',#2467);
#2467 = AXIS2_PLACEMENT_3D('',#2468,#2469,#2470);
#2468 = CARTESIAN_POINT('',(-1.6822E-13,-1.4,-2.455333978938E-02));
#2469 = DIRECTION('',(0.,-1.,2.5E-16));
#2470 = DIRECTION('',(0.,2.5E-16,1.));
#2471 = ADVANCED_FACE('',(#2472),#2477,.F.);
#2472 = FACE_BOUND('',#2473,.F.);
#2473 = EDGE_LOOP('',(#2474,#2475,#2476));
#2474 = ORIENTED_EDGE('',*,*,#2454,.T.);
#2475 = ORIENTED_EDGE('',*,*,#2397,.T.);
#2476 = ORIENTED_EDGE('',*,*,#2253,.T.);
#2477 = PLANE('',#2478);
#2478 = AXIS2_PLACEMENT_3D('',#2479,#2480,#2481);
#2479 = CARTESIAN_POINT('',(-1.3125,-1.1125,-0.34));
#2480 = DIRECTION('',(0.,-2.2E-16,1.));
#2481 = DIRECTION('',(1.,0.,0.));
#2482 = ADVANCED_FACE('',(#2483),#2502,.T.);
#2483 = FACE_BOUND('',#2484,.T.);
#2484 = EDGE_LOOP('',(#2485,#2486,#2495,#2501));
#2485 = ORIENTED_EDGE('',*,*,#2316,.T.);
#2486 = ORIENTED_EDGE('',*,*,#2487,.F.);
#2487 = EDGE_CURVE('',#2488,#2309,#2490,.T.);
#2488 = VERTEX_POINT('',#2489);
#2489 = CARTESIAN_POINT('',(1.59995,1.39995,-0.84));
#2490 = ELLIPSE('',#2491,7.071067811865E-05,5.E-05);
#2491 = AXIS2_PLACEMENT_3D('',#2492,#2493,#2494);
#2492 = CARTESIAN_POINT('',(1.59995,1.39995,-0.83995));
#2493 = DIRECTION('',(0.707106781187,-0.707106781187,1.599999999999E-16)
  );
#2494 = DIRECTION('',(-0.707106781187,-0.707106781187,1.599999999999E-16
    ));
#2495 = ORIENTED_EDGE('',*,*,#2496,.F.);
#2496 = EDGE_CURVE('',#2331,#2488,#2497,.T.);
#2497 = LINE('',#2498,#2499);
#2498 = CARTESIAN_POINT('',(-1.6,1.39995,-0.84));
#2499 = VECTOR('',#2500,1.);
#2500 = DIRECTION('',(1.,0.,0.));
#2501 = ORIENTED_EDGE('',*,*,#2330,.F.);
#2502 = CYLINDRICAL_SURFACE('',#2503,5.E-05);
#2503 = AXIS2_PLACEMENT_3D('',#2504,#2505,#2506);
#2504 = CARTESIAN_POINT('',(-1.6,1.39995,-0.83995));
#2505 = DIRECTION('',(1.,0.,0.));
#2506 = DIRECTION('',(0.,1.,-2.5E-16));
#2507 = ADVANCED_FACE('',(#2508),#2524,.F.);
#2508 = FACE_BOUND('',#2509,.F.);
#2509 = EDGE_LOOP('',(#2510,#2511,#2517,#2518));
#2510 = ORIENTED_EDGE('',*,*,#2308,.F.);
#2511 = ORIENTED_EDGE('',*,*,#2512,.T.);
#2512 = EDGE_CURVE('',#2309,#2429,#2513,.T.);
#2513 = LINE('',#2514,#2515);
#2514 = CARTESIAN_POINT('',(1.6,1.4,-0.83995));
#2515 = VECTOR('',#2516,1.);
#2516 = DIRECTION('',(0.,-1.,2.2E-16));
#2517 = ORIENTED_EDGE('',*,*,#2428,.T.);
#2518 = ORIENTED_EDGE('',*,*,#2519,.F.);
#2519 = EDGE_CURVE('',#2301,#2431,#2520,.T.);
#2520 = LINE('',#2521,#2522);
#2521 = CARTESIAN_POINT('',(1.6,1.4,0.15));
#2522 = VECTOR('',#2523,1.);
#2523 = DIRECTION('',(0.,-1.,2.2E-16));
#2524 = PLANE('',#2525);
#2525 = AXIS2_PLACEMENT_3D('',#2526,#2527,#2528);
#2526 = CARTESIAN_POINT('',(1.6,1.4,-0.84));
#2527 = DIRECTION('',(-1.,0.,0.));
#2528 = DIRECTION('',(0.,2.2E-16,1.));
#2529 = ADVANCED_FACE('',(#2530),#2623,.T.);
#2530 = FACE_BOUND('',#2531,.T.);
#2531 = EDGE_LOOP('',(#2532,#2540,#2541,#2549,#2558,#2566,#2574,#2583,
    #2591,#2600,#2608,#2616));
#2532 = ORIENTED_EDGE('',*,*,#2533,.T.);
#2533 = EDGE_CURVE('',#2534,#2293,#2536,.T.);
#2534 = VERTEX_POINT('',#2535);
#2535 = CARTESIAN_POINT('',(1.464049765445,1.313472197661,0.640723552549
    ));
#2536 = LINE('',#2537,#2538);
#2537 = CARTESIAN_POINT('',(1.604984244352,1.447553773077,
    -0.119690848846));
#2538 = VECTOR('',#2539,1.);
#2539 = DIRECTION('',(0.179556884817,0.17082597658,-0.968802255798));
#2540 = ORIENTED_EDGE('',*,*,#2292,.T.);
#2541 = ORIENTED_EDGE('',*,*,#2542,.F.);
#2542 = EDGE_CURVE('',#2543,#2285,#2545,.T.);
#2543 = VERTEX_POINT('',#2544);
#2544 = CARTESIAN_POINT('',(-1.464049765445,1.313472197661,
    0.640723552549));
#2545 = LINE('',#2546,#2547);
#2546 = CARTESIAN_POINT('',(-1.454881506202,1.304749742711,
    0.690191052756));
#2547 = VECTOR('',#2548,1.);
#2548 = DIRECTION('',(-0.179556884817,0.17082597658,-0.968802255798));
#2549 = ORIENTED_EDGE('',*,*,#2550,.T.);
#2550 = EDGE_CURVE('',#2543,#2551,#2553,.T.);
#2551 = VERTEX_POINT('',#2552);
#2552 = CARTESIAN_POINT('',(-1.365724274689,1.299052803596,0.7225));
#2553 = ELLIPSE('',#2554,0.101542661187,0.1);
#2554 = AXIS2_PLACEMENT_3D('',#2555,#2556,#2557);
#2555 = CARTESIAN_POINT('',(-1.365724274689,1.316685501658,0.6225));
#2556 = DIRECTION('',(-8.999999999996E-17,0.984807753028,0.17364817758)
  );
#2557 = DIRECTION('',(5.099999999998E-16,0.17364817758,-0.984807753028)
  );
#2558 = ORIENTED_EDGE('',*,*,#2559,.F.);
#2559 = EDGE_CURVE('',#2560,#2551,#2562,.T.);
#2560 = VERTEX_POINT('',#2561);
#2561 = CARTESIAN_POINT('',(-0.794,1.299052803596,0.7225));
#2562 = LINE('',#2563,#2564);
#2563 = CARTESIAN_POINT('',(1.644985196567,1.299052803596,0.7225));
#2564 = VECTOR('',#2565,1.);
#2565 = DIRECTION('',(-1.,-9.E-17,0.));
#2566 = ORIENTED_EDGE('',*,*,#2567,.F.);
#2567 = EDGE_CURVE('',#2568,#2560,#2570,.T.);
#2568 = VERTEX_POINT('',#2569);
#2569 = CARTESIAN_POINT('',(-0.755580934477,1.273770705299,0.86588190451
    ));
#2570 = LINE('',#2571,#2572);
#2571 = CARTESIAN_POINT('',(-0.690485079301,1.230933645445,
    1.108822943391));
#2572 = VECTOR('',#2573,1.);
#2573 = DIRECTION('',(-0.255144817825,0.167900917853,-0.95221342341));
#2574 = ORIENTED_EDGE('',*,*,#2575,.T.);
#2575 = EDGE_CURVE('',#2568,#2576,#2578,.T.);
#2576 = VERTEX_POINT('',#2577);
#2577 = CARTESIAN_POINT('',(-0.658988351848,1.260701685312,0.94));
#2578 = ELLIPSE('',#2579,0.101542661187,0.1);
#2579 = AXIS2_PLACEMENT_3D('',#2580,#2581,#2582);
#2580 = CARTESIAN_POINT('',(-0.658988351848,1.278334383374,0.84));
#2581 = DIRECTION('',(-8.999999999996E-17,0.984807753028,0.17364817758)
  );
#2582 = DIRECTION('',(5.099999999998E-16,0.17364817758,-0.984807753028)
  );
#2583 = ORIENTED_EDGE('',*,*,#2584,.F.);
#2584 = EDGE_CURVE('',#2585,#2576,#2587,.T.);
#2585 = VERTEX_POINT('',#2586);
#2586 = CARTESIAN_POINT('',(0.658988351848,1.260701685312,0.94));
#2587 = LINE('',#2588,#2589);
#2588 = CARTESIAN_POINT('',(4.655694667823,1.260701685312,0.94));
#2589 = VECTOR('',#2590,1.);
#2590 = DIRECTION('',(-1.,-1.1E-16,1.1E-16));
#2591 = ORIENTED_EDGE('',*,*,#2592,.T.);
#2592 = EDGE_CURVE('',#2585,#2593,#2595,.T.);
#2593 = VERTEX_POINT('',#2594);
#2594 = CARTESIAN_POINT('',(0.755580934477,1.273770705299,0.86588190451)
  );
#2595 = ELLIPSE('',#2596,0.101542661187,0.1);
#2596 = AXIS2_PLACEMENT_3D('',#2597,#2598,#2599);
#2597 = CARTESIAN_POINT('',(0.658988351848,1.278334383374,0.84));
#2598 = DIRECTION('',(-8.999999999996E-17,0.984807753028,0.17364817758)
  );
#2599 = DIRECTION('',(5.099999999998E-16,0.17364817758,-0.984807753028)
  );
#2600 = ORIENTED_EDGE('',*,*,#2601,.T.);
#2601 = EDGE_CURVE('',#2593,#2602,#2604,.T.);
#2602 = VERTEX_POINT('',#2603);
#2603 = CARTESIAN_POINT('',(0.794,1.299052803596,0.7225));
#2604 = LINE('',#2605,#2606);
#2605 = CARTESIAN_POINT('',(0.993565578779,1.430379177906,
    -2.22888794447E-02));
#2606 = VECTOR('',#2607,1.);
#2607 = DIRECTION('',(0.255144817825,0.167900917853,-0.95221342341));
#2608 = ORIENTED_EDGE('',*,*,#2609,.T.);
#2609 = EDGE_CURVE('',#2602,#2610,#2612,.T.);
#2610 = VERTEX_POINT('',#2611);
#2611 = CARTESIAN_POINT('',(1.365724274689,1.299052803596,0.7225));
#2612 = LINE('',#2613,#2614);
#2613 = CARTESIAN_POINT('',(3.010709471256,1.299052803596,0.7225));
#2614 = VECTOR('',#2615,1.);
#2615 = DIRECTION('',(1.,9.E-17,0.));
#2616 = ORIENTED_EDGE('',*,*,#2617,.T.);
#2617 = EDGE_CURVE('',#2610,#2534,#2618,.T.);
#2618 = ELLIPSE('',#2619,0.101542661187,0.1);
#2619 = AXIS2_PLACEMENT_3D('',#2620,#2621,#2622);
#2620 = CARTESIAN_POINT('',(1.365724274689,1.316685501658,0.6225));
#2621 = DIRECTION('',(-8.999999999996E-17,0.984807753028,0.17364817758)
  );
#2622 = DIRECTION('',(5.099999999998E-16,0.17364817758,-0.984807753028)
  );
#2623 = PLANE('',#2624);
#2624 = AXIS2_PLACEMENT_3D('',#2625,#2626,#2627);
#2625 = CARTESIAN_POINT('',(4.655694667823,1.4,0.15));
#2626 = DIRECTION('',(-8.999999999996E-17,0.984807753028,0.17364817758)
  );
#2627 = DIRECTION('',(2.999999999999E-16,-0.17364817758,0.984807753028)
  );
#2628 = ADVANCED_FACE('',(#2629),#2640,.F.);
#2629 = FACE_BOUND('',#2630,.F.);
#2630 = EDGE_LOOP('',(#2631,#2632,#2633,#2634));
#2631 = ORIENTED_EDGE('',*,*,#2300,.F.);
#2632 = ORIENTED_EDGE('',*,*,#2519,.T.);
#2633 = ORIENTED_EDGE('',*,*,#2438,.T.);
#2634 = ORIENTED_EDGE('',*,*,#2635,.F.);
#2635 = EDGE_CURVE('',#2293,#2439,#2636,.T.);
#2636 = LINE('',#2637,#2638);
#2637 = CARTESIAN_POINT('',(1.555,1.4,0.15));
#2638 = VECTOR('',#2639,1.);
#2639 = DIRECTION('',(0.,-1.,2.2E-16));
#2640 = PLANE('',#2641);
#2641 = AXIS2_PLACEMENT_3D('',#2642,#2643,#2644);
#2642 = CARTESIAN_POINT('',(1.6,1.4,0.15));
#2643 = DIRECTION('',(0.,-2.2E-16,-1.));
#2644 = DIRECTION('',(-1.,-0.,0.));
#2645 = ADVANCED_FACE('',(#2646,#2665),#2676,.F.);
#2646 = FACE_BOUND('',#2647,.F.);
#2647 = EDGE_LOOP('',(#2648,#2649,#2657,#2663,#2664));
#2648 = ORIENTED_EDGE('',*,*,#2405,.F.);
#2649 = ORIENTED_EDGE('',*,*,#2650,.T.);
#2650 = EDGE_CURVE('',#2406,#2651,#2653,.T.);
#2651 = VERTEX_POINT('',#2652);
#2652 = CARTESIAN_POINT('',(1.59995,-1.39995,-0.84));
#2653 = LINE('',#2654,#2655);
#2654 = CARTESIAN_POINT('',(-0.786827201636,-1.39995,-0.84));
#2655 = VECTOR('',#2656,1.);
#2656 = DIRECTION('',(1.,0.,0.));
#2657 = ORIENTED_EDGE('',*,*,#2658,.F.);
#2658 = EDGE_CURVE('',#2488,#2651,#2659,.T.);
#2659 = LINE('',#2660,#2661);
#2660 = CARTESIAN_POINT('',(1.59995,1.4,-0.84));
#2661 = VECTOR('',#2662,1.);
#2662 = DIRECTION('',(0.,-1.,2.2E-16));
#2663 = ORIENTED_EDGE('',*,*,#2496,.F.);
#2664 = ORIENTED_EDGE('',*,*,#2339,.T.);
#2665 = FACE_BOUND('',#2666,.F.);
#2666 = EDGE_LOOP('',(#2667));
#2667 = ORIENTED_EDGE('',*,*,#2668,.F.);
#2668 = EDGE_CURVE('',#2669,#2669,#2671,.T.);
#2669 = VERTEX_POINT('',#2670);
#2670 = CARTESIAN_POINT('',(1.2,0.,-0.84));
#2671 = CIRCLE('',#2672,1.2);
#2672 = AXIS2_PLACEMENT_3D('',#2673,#2674,#2675);
#2673 = CARTESIAN_POINT('',(0.,-1.9E-16,-0.84));
#2674 = DIRECTION('',(-0.,2.2E-16,1.));
#2675 = DIRECTION('',(1.,0.,0.));
#2676 = PLANE('',#2677);
#2677 = AXIS2_PLACEMENT_3D('',#2678,#2679,#2680);
#2678 = CARTESIAN_POINT('',(-1.6,1.4,-0.84));
#2679 = DIRECTION('',(0.,2.2E-16,1.));
#2680 = DIRECTION('',(1.,0.,-0.));
#2681 = ADVANCED_FACE('',(#2682),#2700,.T.);
#2682 = FACE_BOUND('',#2683,.T.);
#2683 = EDGE_LOOP('',(#2684,#2685,#2686,#2694));
#2684 = ORIENTED_EDGE('',*,*,#2542,.T.);
#2685 = ORIENTED_EDGE('',*,*,#2364,.T.);
#2686 = ORIENTED_EDGE('',*,*,#2687,.F.);
#2687 = EDGE_CURVE('',#2688,#2365,#2690,.T.);
#2688 = VERTEX_POINT('',#2689);
#2689 = CARTESIAN_POINT('',(-1.464049765445,-1.313472197661,
    0.640723552549));
#2690 = LINE('',#2691,#2692);
#2691 = CARTESIAN_POINT('',(-1.411939333921,-1.263895622726,0.9218862808
    ));
#2692 = VECTOR('',#2693,1.);
#2693 = DIRECTION('',(-0.179556884817,-0.17082597658,-0.968802255798));
#2694 = ORIENTED_EDGE('',*,*,#2695,.F.);
#2695 = EDGE_CURVE('',#2543,#2688,#2696,.T.);
#2696 = LINE('',#2697,#2698);
#2697 = CARTESIAN_POINT('',(-1.464049765445,1.4,0.640723552549));
#2698 = VECTOR('',#2699,1.);
#2699 = DIRECTION('',(0.,-1.,2.2E-16));
#2700 = PLANE('',#2701);
#2701 = AXIS2_PLACEMENT_3D('',#2702,#2703,#2704);
#2702 = CARTESIAN_POINT('',(-1.555,1.4,0.15));
#2703 = DIRECTION('',(-0.983254907564,4.E-17,0.182235525492));
#2704 = DIRECTION('',(0.182235525492,2.2E-16,0.983254907564));
#2705 = ADVANCED_FACE('',(#2706),#2718,.T.);
#2706 = FACE_BOUND('',#2707,.T.);
#2707 = EDGE_LOOP('',(#2708,#2709,#2716,#2717));
#2708 = ORIENTED_EDGE('',*,*,#2650,.T.);
#2709 = ORIENTED_EDGE('',*,*,#2710,.T.);
#2710 = EDGE_CURVE('',#2651,#2429,#2711,.T.);
#2711 = ELLIPSE('',#2712,7.071067811865E-05,5.E-05);
#2712 = AXIS2_PLACEMENT_3D('',#2713,#2714,#2715);
#2713 = CARTESIAN_POINT('',(1.59995,-1.39995,-0.83995));
#2714 = DIRECTION('',(-0.707106781187,-0.707106781187,1.599999999999E-16
    ));
#2715 = DIRECTION('',(0.707106781187,-0.707106781187,1.599999999999E-16)
  );
#2716 = ORIENTED_EDGE('',*,*,#2461,.F.);
#2717 = ORIENTED_EDGE('',*,*,#2413,.F.);
#2718 = CYLINDRICAL_SURFACE('',#2719,5.E-05);
#2719 = AXIS2_PLACEMENT_3D('',#2720,#2721,#2722);
#2720 = CARTESIAN_POINT('',(-0.786827201636,-1.39995,-0.83995));
#2721 = DIRECTION('',(1.,0.,0.));
#2722 = DIRECTION('',(0.,-2.2E-16,-1.));
#2723 = ADVANCED_FACE('',(#2724),#2810,.F.);
#2724 = FACE_BOUND('',#2725,.F.);
#2725 = EDGE_LOOP('',(#2726,#2734,#2735,#2736,#2745,#2753,#2761,#2770,
    #2778,#2787,#2795,#2803));
#2726 = ORIENTED_EDGE('',*,*,#2727,.T.);
#2727 = EDGE_CURVE('',#2728,#2439,#2730,.T.);
#2728 = VERTEX_POINT('',#2729);
#2729 = CARTESIAN_POINT('',(1.464049765445,-1.313472197661,
    0.640723552549));
#2730 = LINE('',#2731,#2732);
#2731 = CARTESIAN_POINT('',(1.562042072071,-1.406699653093,
    0.112004379198));
#2732 = VECTOR('',#2733,1.);
#2733 = DIRECTION('',(0.179556884817,-0.17082597658,-0.968802255798));
#2734 = ORIENTED_EDGE('',*,*,#2446,.T.);
#2735 = ORIENTED_EDGE('',*,*,#2687,.F.);
#2736 = ORIENTED_EDGE('',*,*,#2737,.T.);
#2737 = EDGE_CURVE('',#2688,#2738,#2740,.T.);
#2738 = VERTEX_POINT('',#2739);
#2739 = CARTESIAN_POINT('',(-1.365724274689,-1.299052803596,0.7225));
#2740 = ELLIPSE('',#2741,0.101542661187,0.1);
#2741 = AXIS2_PLACEMENT_3D('',#2742,#2743,#2744);
#2742 = CARTESIAN_POINT('',(-1.365724274689,-1.316685501658,0.6225));
#2743 = DIRECTION('',(0.,0.984807753028,-0.17364817758));
#2744 = DIRECTION('',(0.,0.17364817758,0.984807753028));
#2745 = ORIENTED_EDGE('',*,*,#2746,.F.);
#2746 = EDGE_CURVE('',#2747,#2738,#2749,.T.);
#2747 = VERTEX_POINT('',#2748);
#2748 = CARTESIAN_POINT('',(-0.794,-1.299052803596,0.7225));
#2749 = LINE('',#2750,#2751);
#2750 = CARTESIAN_POINT('',(1.644985196567,-1.299052803596,0.7225));
#2751 = VECTOR('',#2752,1.);
#2752 = DIRECTION('',(-1.,0.,0.));
#2753 = ORIENTED_EDGE('',*,*,#2754,.F.);
#2754 = EDGE_CURVE('',#2755,#2747,#2757,.T.);
#2755 = VERTEX_POINT('',#2756);
#2756 = CARTESIAN_POINT('',(-0.755580934477,-1.273770705299,
    0.86588190451));
#2757 = LINE('',#2758,#2759);
#2758 = CARTESIAN_POINT('',(-0.630510410563,-1.191466639943,
    1.332651454287));
#2759 = VECTOR('',#2760,1.);
#2760 = DIRECTION('',(-0.255144817825,-0.167900917853,-0.95221342341));
#2761 = ORIENTED_EDGE('',*,*,#2762,.T.);
#2762 = EDGE_CURVE('',#2755,#2763,#2765,.T.);
#2763 = VERTEX_POINT('',#2764);
#2764 = CARTESIAN_POINT('',(-0.658988351848,-1.260701685312,0.94));
#2765 = ELLIPSE('',#2766,0.101542661187,0.1);
#2766 = AXIS2_PLACEMENT_3D('',#2767,#2768,#2769);
#2767 = CARTESIAN_POINT('',(-0.658988351848,-1.278334383374,0.84));
#2768 = DIRECTION('',(0.,0.984807753028,-0.17364817758));
#2769 = DIRECTION('',(0.,0.17364817758,0.984807753028));
#2770 = ORIENTED_EDGE('',*,*,#2771,.F.);
#2771 = EDGE_CURVE('',#2772,#2763,#2774,.T.);
#2772 = VERTEX_POINT('',#2773);
#2773 = CARTESIAN_POINT('',(0.658988351848,-1.260701685312,0.94));
#2774 = LINE('',#2775,#2776);
#2775 = CARTESIAN_POINT('',(4.655694667823,-1.260701685312,0.94));
#2776 = VECTOR('',#2777,1.);
#2777 = DIRECTION('',(-1.,0.,0.));
#2778 = ORIENTED_EDGE('',*,*,#2779,.T.);
#2779 = EDGE_CURVE('',#2772,#2780,#2782,.T.);
#2780 = VERTEX_POINT('',#2781);
#2781 = CARTESIAN_POINT('',(0.755580934477,-1.273770705299,0.86588190451
    ));
#2782 = ELLIPSE('',#2783,0.101542661187,0.1);
#2783 = AXIS2_PLACEMENT_3D('',#2784,#2785,#2786);
#2784 = CARTESIAN_POINT('',(0.658988351848,-1.278334383374,0.84));
#2785 = DIRECTION('',(0.,0.984807753028,-0.17364817758));
#2786 = DIRECTION('',(0.,0.17364817758,0.984807753028));
#2787 = ORIENTED_EDGE('',*,*,#2788,.T.);
#2788 = EDGE_CURVE('',#2780,#2789,#2791,.T.);
#2789 = VERTEX_POINT('',#2790);
#2790 = CARTESIAN_POINT('',(0.794,-1.299052803596,0.7225));
#2791 = LINE('',#2792,#2793);
#2792 = CARTESIAN_POINT('',(0.933590910041,-1.390912172404,
    0.201539631451));
#2793 = VECTOR('',#2794,1.);
#2794 = DIRECTION('',(0.255144817825,-0.167900917853,-0.95221342341));
#2795 = ORIENTED_EDGE('',*,*,#2796,.T.);
#2796 = EDGE_CURVE('',#2789,#2797,#2799,.T.);
#2797 = VERTEX_POINT('',#2798);
#2798 = CARTESIAN_POINT('',(1.365724274689,-1.299052803596,0.7225));
#2799 = LINE('',#2800,#2801);
#2800 = CARTESIAN_POINT('',(3.010709471256,-1.299052803596,0.7225));
#2801 = VECTOR('',#2802,1.);
#2802 = DIRECTION('',(1.,0.,0.));
#2803 = ORIENTED_EDGE('',*,*,#2804,.T.);
#2804 = EDGE_CURVE('',#2797,#2728,#2805,.T.);
#2805 = ELLIPSE('',#2806,0.101542661187,0.1);
#2806 = AXIS2_PLACEMENT_3D('',#2807,#2808,#2809);
#2807 = CARTESIAN_POINT('',(1.365724274689,-1.316685501658,0.6225));
#2808 = DIRECTION('',(0.,0.984807753028,-0.17364817758));
#2809 = DIRECTION('',(0.,0.17364817758,0.984807753028));
#2810 = PLANE('',#2811);
#2811 = AXIS2_PLACEMENT_3D('',#2812,#2813,#2814);
#2812 = CARTESIAN_POINT('',(4.655694667823,-1.4,0.15));
#2813 = DIRECTION('',(0.,0.984807753028,-0.17364817758));
#2814 = DIRECTION('',(0.,0.17364817758,0.984807753028));
#2815 = ADVANCED_FACE('',(#2816),#2822,.T.);
#2816 = FACE_BOUND('',#2817,.T.);
#2817 = EDGE_LOOP('',(#2818,#2819,#2820,#2821));
#2818 = ORIENTED_EDGE('',*,*,#2487,.T.);
#2819 = ORIENTED_EDGE('',*,*,#2512,.T.);
#2820 = ORIENTED_EDGE('',*,*,#2710,.F.);
#2821 = ORIENTED_EDGE('',*,*,#2658,.F.);
#2822 = CYLINDRICAL_SURFACE('',#2823,5.E-05);
#2823 = AXIS2_PLACEMENT_3D('',#2824,#2825,#2826);
#2824 = CARTESIAN_POINT('',(1.59995,1.4,-0.83995));
#2825 = DIRECTION('',(0.,-1.,2.2E-16));
#2826 = DIRECTION('',(0.,-2.2E-16,-1.));
#2827 = ADVANCED_FACE('',(#2828),#2839,.T.);
#2828 = FACE_BOUND('',#2829,.F.);
#2829 = EDGE_LOOP('',(#2830,#2831,#2832,#2833));
#2830 = ORIENTED_EDGE('',*,*,#2533,.T.);
#2831 = ORIENTED_EDGE('',*,*,#2635,.T.);
#2832 = ORIENTED_EDGE('',*,*,#2727,.F.);
#2833 = ORIENTED_EDGE('',*,*,#2834,.F.);
#2834 = EDGE_CURVE('',#2534,#2728,#2835,.T.);
#2835 = LINE('',#2836,#2837);
#2836 = CARTESIAN_POINT('',(1.464049765445,1.4,0.640723552549));
#2837 = VECTOR('',#2838,1.);
#2838 = DIRECTION('',(0.,-1.,2.2E-16));
#2839 = PLANE('',#2840);
#2840 = AXIS2_PLACEMENT_3D('',#2841,#2842,#2843);
#2841 = CARTESIAN_POINT('',(1.555,1.4,0.15));
#2842 = DIRECTION('',(0.983254907564,4.E-17,0.182235525492));
#2843 = DIRECTION('',(0.182235525492,-2.2E-16,-0.983254907564));
#2844 = ADVANCED_FACE('',(#2845),#2856,.T.);
#2845 = FACE_BOUND('',#2846,.T.);
#2846 = EDGE_LOOP('',(#2847,#2848,#2854,#2855));
#2847 = ORIENTED_EDGE('',*,*,#2617,.F.);
#2848 = ORIENTED_EDGE('',*,*,#2849,.T.);
#2849 = EDGE_CURVE('',#2610,#2797,#2850,.T.);
#2850 = LINE('',#2851,#2852);
#2851 = CARTESIAN_POINT('',(1.365724274689,1.4,0.7225));
#2852 = VECTOR('',#2853,1.);
#2853 = DIRECTION('',(0.,-1.,2.2E-16));
#2854 = ORIENTED_EDGE('',*,*,#2804,.T.);
#2855 = ORIENTED_EDGE('',*,*,#2834,.F.);
#2856 = CYLINDRICAL_SURFACE('',#2857,0.1);
#2857 = AXIS2_PLACEMENT_3D('',#2858,#2859,#2860);
#2858 = CARTESIAN_POINT('',(1.365724274689,1.4,0.6225));
#2859 = DIRECTION('',(0.,1.,-2.2E-16));
#2860 = DIRECTION('',(-1.,0.,0.));
#2861 = ADVANCED_FACE('',(#2862),#2873,.T.);
#2862 = FACE_BOUND('',#2863,.F.);
#2863 = EDGE_LOOP('',(#2864,#2865,#2866,#2867));
#2864 = ORIENTED_EDGE('',*,*,#2609,.T.);
#2865 = ORIENTED_EDGE('',*,*,#2849,.T.);
#2866 = ORIENTED_EDGE('',*,*,#2796,.F.);
#2867 = ORIENTED_EDGE('',*,*,#2868,.F.);
#2868 = EDGE_CURVE('',#2602,#2789,#2869,.T.);
#2869 = LINE('',#2870,#2871);
#2870 = CARTESIAN_POINT('',(0.794,1.4,0.7225));
#2871 = VECTOR('',#2872,1.);
#2872 = DIRECTION('',(0.,-1.,2.2E-16));
#2873 = PLANE('',#2874);
#2874 = AXIS2_PLACEMENT_3D('',#2875,#2876,#2877);
#2875 = CARTESIAN_POINT('',(1.365724274689,1.4,0.7225));
#2876 = DIRECTION('',(0.,2.2E-16,1.));
#2877 = DIRECTION('',(1.,0.,-0.));
#2878 = ADVANCED_FACE('',(#2879),#2890,.T.);
#2879 = FACE_BOUND('',#2880,.F.);
#2880 = EDGE_LOOP('',(#2881,#2882,#2883,#2884));
#2881 = ORIENTED_EDGE('',*,*,#2601,.T.);
#2882 = ORIENTED_EDGE('',*,*,#2868,.T.);
#2883 = ORIENTED_EDGE('',*,*,#2788,.F.);
#2884 = ORIENTED_EDGE('',*,*,#2885,.F.);
#2885 = EDGE_CURVE('',#2593,#2780,#2886,.T.);
#2886 = LINE('',#2887,#2888);
#2887 = CARTESIAN_POINT('',(0.755580934477,1.4,0.86588190451));
#2888 = VECTOR('',#2889,1.);
#2889 = DIRECTION('',(0.,-1.,2.2E-16));
#2890 = PLANE('',#2891);
#2891 = AXIS2_PLACEMENT_3D('',#2892,#2893,#2894);
#2892 = CARTESIAN_POINT('',(0.794,1.4,0.7225));
#2893 = DIRECTION('',(0.965925826289,6.E-17,0.258819045103));
#2894 = DIRECTION('',(0.258819045103,-2.1E-16,-0.965925826289));
#2895 = ADVANCED_FACE('',(#2896),#2907,.T.);
#2896 = FACE_BOUND('',#2897,.T.);
#2897 = EDGE_LOOP('',(#2898,#2899,#2905,#2906));
#2898 = ORIENTED_EDGE('',*,*,#2592,.F.);
#2899 = ORIENTED_EDGE('',*,*,#2900,.T.);
#2900 = EDGE_CURVE('',#2585,#2772,#2901,.T.);
#2901 = LINE('',#2902,#2903);
#2902 = CARTESIAN_POINT('',(0.658988351848,1.4,0.94));
#2903 = VECTOR('',#2904,1.);
#2904 = DIRECTION('',(0.,-1.,2.2E-16));
#2905 = ORIENTED_EDGE('',*,*,#2779,.T.);
#2906 = ORIENTED_EDGE('',*,*,#2885,.F.);
#2907 = CYLINDRICAL_SURFACE('',#2908,0.1);
#2908 = AXIS2_PLACEMENT_3D('',#2909,#2910,#2911);
#2909 = CARTESIAN_POINT('',(0.658988351848,1.4,0.84));
#2910 = DIRECTION('',(0.,1.,-2.2E-16));
#2911 = DIRECTION('',(-1.,0.,0.));
#2912 = ADVANCED_FACE('',(#2913,#2924),#2935,.T.);
#2913 = FACE_BOUND('',#2914,.T.);
#2914 = EDGE_LOOP('',(#2915,#2916,#2922,#2923));
#2915 = ORIENTED_EDGE('',*,*,#2584,.T.);
#2916 = ORIENTED_EDGE('',*,*,#2917,.T.);
#2917 = EDGE_CURVE('',#2576,#2763,#2918,.T.);
#2918 = LINE('',#2919,#2920);
#2919 = CARTESIAN_POINT('',(-0.658988351848,1.4,0.94));
#2920 = VECTOR('',#2921,1.);
#2921 = DIRECTION('',(0.,-1.,2.2E-16));
#2922 = ORIENTED_EDGE('',*,*,#2771,.F.);
#2923 = ORIENTED_EDGE('',*,*,#2900,.F.);
#2924 = FACE_BOUND('',#2925,.T.);
#2925 = EDGE_LOOP('',(#2926));
#2926 = ORIENTED_EDGE('',*,*,#2927,.F.);
#2927 = EDGE_CURVE('',#2928,#2928,#2930,.T.);
#2928 = VERTEX_POINT('',#2929);
#2929 = CARTESIAN_POINT('',(0.475,0.,0.94));
#2930 = CIRCLE('',#2931,0.475);
#2931 = AXIS2_PLACEMENT_3D('',#2932,#2933,#2934);
#2932 = CARTESIAN_POINT('',(0.,2.1E-16,0.94));
#2933 = DIRECTION('',(-0.,2.2E-16,1.));
#2934 = DIRECTION('',(1.,0.,0.));
#2935 = PLANE('',#2936);
#2936 = AXIS2_PLACEMENT_3D('',#2937,#2938,#2939);
#2937 = CARTESIAN_POINT('',(0.,2.4E-16,0.94));
#2938 = DIRECTION('',(0.,2.3E-16,1.));
#2939 = DIRECTION('',(0.,-1.,2.3E-16));
#2940 = ADVANCED_FACE('',(#2941),#2952,.T.);
#2941 = FACE_BOUND('',#2942,.T.);
#2942 = EDGE_LOOP('',(#2943,#2949,#2950,#2951));
#2943 = ORIENTED_EDGE('',*,*,#2944,.T.);
#2944 = EDGE_CURVE('',#2568,#2755,#2945,.T.);
#2945 = LINE('',#2946,#2947);
#2946 = CARTESIAN_POINT('',(-0.755580934477,1.4,0.86588190451));
#2947 = VECTOR('',#2948,1.);
#2948 = DIRECTION('',(0.,-1.,2.2E-16));
#2949 = ORIENTED_EDGE('',*,*,#2762,.T.);
#2950 = ORIENTED_EDGE('',*,*,#2917,.F.);
#2951 = ORIENTED_EDGE('',*,*,#2575,.F.);
#2952 = CYLINDRICAL_SURFACE('',#2953,0.1);
#2953 = AXIS2_PLACEMENT_3D('',#2954,#2955,#2956);
#2954 = CARTESIAN_POINT('',(-0.658988351848,1.4,0.84));
#2955 = DIRECTION('',(0.,1.,-2.2E-16));
#2956 = DIRECTION('',(1.,0.,0.));
#2957 = ADVANCED_FACE('',(#2958),#2969,.T.);
#2958 = FACE_BOUND('',#2959,.T.);
#2959 = EDGE_LOOP('',(#2960,#2961,#2967,#2968));
#2960 = ORIENTED_EDGE('',*,*,#2567,.T.);
#2961 = ORIENTED_EDGE('',*,*,#2962,.T.);
#2962 = EDGE_CURVE('',#2560,#2747,#2963,.T.);
#2963 = LINE('',#2964,#2965);
#2964 = CARTESIAN_POINT('',(-0.794,1.4,0.7225));
#2965 = VECTOR('',#2966,1.);
#2966 = DIRECTION('',(0.,-1.,2.2E-16));
#2967 = ORIENTED_EDGE('',*,*,#2754,.F.);
#2968 = ORIENTED_EDGE('',*,*,#2944,.F.);
#2969 = PLANE('',#2970);
#2970 = AXIS2_PLACEMENT_3D('',#2971,#2972,#2973);
#2971 = CARTESIAN_POINT('',(-0.794,1.4,0.7225));
#2972 = DIRECTION('',(-0.965925826289,6.E-17,0.258819045103));
#2973 = DIRECTION('',(0.258819045103,2.1E-16,0.965925826289));
#2974 = ADVANCED_FACE('',(#2975),#2986,.T.);
#2975 = FACE_BOUND('',#2976,.T.);
#2976 = EDGE_LOOP('',(#2977,#2978,#2984,#2985));
#2977 = ORIENTED_EDGE('',*,*,#2559,.T.);
#2978 = ORIENTED_EDGE('',*,*,#2979,.T.);
#2979 = EDGE_CURVE('',#2551,#2738,#2980,.T.);
#2980 = LINE('',#2981,#2982);
#2981 = CARTESIAN_POINT('',(-1.365724274689,1.4,0.7225));
#2982 = VECTOR('',#2983,1.);
#2983 = DIRECTION('',(0.,-1.,2.2E-16));
#2984 = ORIENTED_EDGE('',*,*,#2746,.F.);
#2985 = ORIENTED_EDGE('',*,*,#2962,.F.);
#2986 = PLANE('',#2987);
#2987 = AXIS2_PLACEMENT_3D('',#2988,#2989,#2990);
#2988 = CARTESIAN_POINT('',(-1.365724274689,1.4,0.7225));
#2989 = DIRECTION('',(0.,2.2E-16,1.));
#2990 = DIRECTION('',(1.,0.,-0.));
#2991 = ADVANCED_FACE('',(#2992),#2998,.T.);
#2992 = FACE_BOUND('',#2993,.T.);
#2993 = EDGE_LOOP('',(#2994,#2995,#2996,#2997));
#2994 = ORIENTED_EDGE('',*,*,#2695,.T.);
#2995 = ORIENTED_EDGE('',*,*,#2737,.T.);
#2996 = ORIENTED_EDGE('',*,*,#2979,.F.);
#2997 = ORIENTED_EDGE('',*,*,#2550,.F.);
#2998 = CYLINDRICAL_SURFACE('',#2999,0.1);
#2999 = AXIS2_PLACEMENT_3D('',#3000,#3001,#3002);
#3000 = CARTESIAN_POINT('',(-1.365724274689,1.4,0.6225));
#3001 = DIRECTION('',(0.,1.,-2.2E-16));
#3002 = DIRECTION('',(1.,0.,0.));
#3003 = ADVANCED_FACE('',(#3004),#3023,.F.);
#3004 = FACE_BOUND('',#3005,.F.);
#3005 = EDGE_LOOP('',(#3006,#3007,#3015,#3022));
#3006 = ORIENTED_EDGE('',*,*,#2668,.T.);
#3007 = ORIENTED_EDGE('',*,*,#3008,.F.);
#3008 = EDGE_CURVE('',#3009,#2669,#3011,.T.);
#3009 = VERTEX_POINT('',#3010);
#3010 = CARTESIAN_POINT('',(0.9,0.,0.15));
#3011 = LINE('',#3012,#3013);
#3012 = CARTESIAN_POINT('',(0.9,-3.E-17,0.15));
#3013 = VECTOR('',#3014,1.);
#3014 = DIRECTION('',(0.290007395283,2.099999999999E-16,-0.957024404433)
  );
#3015 = ORIENTED_EDGE('',*,*,#3016,.F.);
#3016 = EDGE_CURVE('',#3009,#3009,#3017,.T.);
#3017 = CIRCLE('',#3018,0.9);
#3018 = AXIS2_PLACEMENT_3D('',#3019,#3020,#3021);
#3019 = CARTESIAN_POINT('',(0.,3.E-17,0.15));
#3020 = DIRECTION('',(-0.,2.2E-16,1.));
#3021 = DIRECTION('',(1.,0.,0.));
#3022 = ORIENTED_EDGE('',*,*,#3008,.T.);
#3023 = CONICAL_SURFACE('',#3024,0.9,0.294234565111);
#3024 = AXIS2_PLACEMENT_3D('',#3025,#3026,#3027);
#3025 = CARTESIAN_POINT('',(0.,3.E-17,0.15));
#3026 = DIRECTION('',(0.,-2.2E-16,-1.));
#3027 = DIRECTION('',(1.,0.,0.));
#3028 = ADVANCED_FACE('',(#3029),#3048,.F.);
#3029 = FACE_BOUND('',#3030,.F.);
#3030 = EDGE_LOOP('',(#3031,#3040,#3046,#3047));
#3031 = ORIENTED_EDGE('',*,*,#3032,.T.);
#3032 = EDGE_CURVE('',#3033,#3033,#3035,.T.);
#3033 = VERTEX_POINT('',#3034);
#3034 = CARTESIAN_POINT('',(0.475,0.,0.79));
#3035 = CIRCLE('',#3036,0.475);
#3036 = AXIS2_PLACEMENT_3D('',#3037,#3038,#3039);
#3037 = CARTESIAN_POINT('',(0.,1.8E-16,0.79));
#3038 = DIRECTION('',(-0.,2.2E-16,1.));
#3039 = DIRECTION('',(1.,0.,0.));
#3040 = ORIENTED_EDGE('',*,*,#3041,.F.);
#3041 = EDGE_CURVE('',#2928,#3033,#3042,.T.);
#3042 = LINE('',#3043,#3044);
#3043 = CARTESIAN_POINT('',(0.475,-2.1E-16,0.94));
#3044 = VECTOR('',#3045,1.);
#3045 = DIRECTION('',(0.,2.2E-16,-1.));
#3046 = ORIENTED_EDGE('',*,*,#2927,.F.);
#3047 = ORIENTED_EDGE('',*,*,#3041,.T.);
#3048 = CYLINDRICAL_SURFACE('',#3049,0.475);
#3049 = AXIS2_PLACEMENT_3D('',#3050,#3051,#3052);
#3050 = CARTESIAN_POINT('',(0.,2.1E-16,0.94));
#3051 = DIRECTION('',(0.,-2.2E-16,-1.));
#3052 = DIRECTION('',(1.,0.,0.));
#3053 = ADVANCED_FACE('',(#3054),#3057,.F.);
#3054 = FACE_BOUND('',#3055,.T.);
#3055 = EDGE_LOOP('',(#3056));
#3056 = ORIENTED_EDGE('',*,*,#3016,.F.);
#3057 = PLANE('',#3058);
#3058 = AXIS2_PLACEMENT_3D('',#3059,#3060,#3061);
#3059 = CARTESIAN_POINT('',(0.,3.E-17,0.15));
#3060 = DIRECTION('',(0.,2.2E-16,1.));
#3061 = DIRECTION('',(1.,0.,-0.));
#3062 = ADVANCED_FACE('',(#3063),#3066,.T.);
#3063 = FACE_BOUND('',#3064,.T.);
#3064 = EDGE_LOOP('',(#3065));
#3065 = ORIENTED_EDGE('',*,*,#3032,.T.);
#3066 = PLANE('',#3067);
#3067 = AXIS2_PLACEMENT_3D('',#3068,#3069,#3070);
#3068 = CARTESIAN_POINT('',(0.,1.8E-16,0.79));
#3069 = DIRECTION('',(0.,2.2E-16,1.));
#3070 = DIRECTION('',(1.,0.,-0.));
#3071 = ( GEOMETRIC_REPRESENTATION_CONTEXT(3) 
GLOBAL_UNCERTAINTY_ASSIGNED_CONTEXT((#3075)) 
GLOBAL_UNIT_ASSIGNED_CONTEXT((#3072,#3073,#3074)) REPRESENTATION_CONTEXT
('Context #1','3D Context with UNIT and UNCERTAINTY') );
#3072 = ( LENGTH_UNIT() NAMED_UNIT(*) SI_UNIT(.MILLI.,.METRE.) );
#3073 = ( NAMED_UNIT(*) PLANE_ANGLE_UNIT() SI_UNIT($,.RADIAN.) );
#3074 = ( NAMED_UNIT(*) SI_UNIT($,.STERADIAN.) SOLID_ANGLE_UNIT() );
#3075 = UNCERTAINTY_MEASURE_WITH_UNIT(LENGTH_MEASURE(5.E-06),#3072,
  'distance_accuracy_value','confusion accuracy');
#3076 = CONTEXT_DEPENDENT_SHAPE_REPRESENTATION(#3077,#3079);
#3077 = ( REPRESENTATION_RELATIONSHIP('','',#2220,#2181) 
REPRESENTATION_RELATIONSHIP_WITH_TRANSFORMATION(#3078) 
SHAPE_REPRESENTATION_RELATIONSHIP() );
#3078 = ITEM_DEFINED_TRANSFORMATION('','',#11,#2182);
#3079 = PRODUCT_DEFINITION_SHAPE('Placement','Placement of an item',
  #3080);
#3080 = NEXT_ASSEMBLY_USAGE_OCCURRENCE('2','Body','',#2176,#2215,$);
#3081 = PRODUCT_RELATED_PRODUCT_CATEGORY('part',$,(#2217));
#3082 = SHAPE_DEFINITION_REPRESENTATION(#3083,#3089);
#3083 = PRODUCT_DEFINITION_SHAPE('','',#3084);
#3084 = PRODUCT_DEFINITION('design','',#3085,#3088);
#3085 = PRODUCT_DEFINITION_FORMATION('','',#3086);
#3086 = PRODUCT('Pin1','Pin1','',(#3087));
#3087 = PRODUCT_CONTEXT('',#2,'mechanical');
#3088 = PRODUCT_DEFINITION_CONTEXT('part definition',#2,'design');
#3089 = ADVANCED_BREP_SHAPE_REPRESENTATION('',(#11,#3090),#3240);
#3090 = MANIFOLD_SOLID_BREP('',#3091);
#3091 = CLOSED_SHELL('',(#3092,#3132,#3163,#3194,#3216,#3228));
#3092 = ADVANCED_FACE('',(#3093),#3127,.F.);
#3093 = FACE_BOUND('',#3094,.F.);
#3094 = EDGE_LOOP('',(#3095,#3105,#3113,#3121));
#3095 = ORIENTED_EDGE('',*,*,#3096,.T.);
#3096 = EDGE_CURVE('',#3097,#3099,#3101,.T.);
#3097 = VERTEX_POINT('',#3098);
#3098 = CARTESIAN_POINT('',(-2.94,1.09,0.));
#3099 = VERTEX_POINT('',#3100);
#3100 = CARTESIAN_POINT('',(-2.94,1.09,0.15));
#3101 = LINE('',#3102,#3103);
#3102 = CARTESIAN_POINT('',(-2.94,1.09,0.));
#3103 = VECTOR('',#3104,1.);
#3104 = DIRECTION('',(0.,0.,1.));
#3105 = ORIENTED_EDGE('',*,*,#3106,.T.);
#3106 = EDGE_CURVE('',#3099,#3107,#3109,.T.);
#3107 = VERTEX_POINT('',#3108);
#3108 = CARTESIAN_POINT('',(-2.94,0.41,0.15));
#3109 = LINE('',#3110,#3111);
#3110 = CARTESIAN_POINT('',(-2.94,1.09,0.15));
#3111 = VECTOR('',#3112,1.);
#3112 = DIRECTION('',(0.,-1.,0.));
#3113 = ORIENTED_EDGE('',*,*,#3114,.F.);
#3114 = EDGE_CURVE('',#3115,#3107,#3117,.T.);
#3115 = VERTEX_POINT('',#3116);
#3116 = CARTESIAN_POINT('',(-2.94,0.41,0.));
#3117 = LINE('',#3118,#3119);
#3118 = CARTESIAN_POINT('',(-2.94,0.41,0.));
#3119 = VECTOR('',#3120,1.);
#3120 = DIRECTION('',(0.,0.,1.));
#3121 = ORIENTED_EDGE('',*,*,#3122,.F.);
#3122 = EDGE_CURVE('',#3097,#3115,#3123,.T.);
#3123 = LINE('',#3124,#3125);
#3124 = CARTESIAN_POINT('',(-2.94,1.09,0.));
#3125 = VECTOR('',#3126,1.);
#3126 = DIRECTION('',(0.,-1.,0.));
#3127 = PLANE('',#3128);
#3128 = AXIS2_PLACEMENT_3D('',#3129,#3130,#3131);
#3129 = CARTESIAN_POINT('',(-2.94,1.09,0.));
#3130 = DIRECTION('',(1.,0.,0.));
#3131 = DIRECTION('',(0.,-1.,0.));
#3132 = ADVANCED_FACE('',(#3133),#3158,.F.);
#3133 = FACE_BOUND('',#3134,.F.);
#3134 = EDGE_LOOP('',(#3135,#3136,#3144,#3152));
#3135 = ORIENTED_EDGE('',*,*,#3114,.T.);
#3136 = ORIENTED_EDGE('',*,*,#3137,.T.);
#3137 = EDGE_CURVE('',#3107,#3138,#3140,.T.);
#3138 = VERTEX_POINT('',#3139);
#3139 = CARTESIAN_POINT('',(-1.6,0.41,0.15));
#3140 = LINE('',#3141,#3142);
#3141 = CARTESIAN_POINT('',(-2.94,0.41,0.15));
#3142 = VECTOR('',#3143,1.);
#3143 = DIRECTION('',(1.,0.,0.));
#3144 = ORIENTED_EDGE('',*,*,#3145,.F.);
#3145 = EDGE_CURVE('',#3146,#3138,#3148,.T.);
#3146 = VERTEX_POINT('',#3147);
#3147 = CARTESIAN_POINT('',(-1.6,0.41,0.));
#3148 = LINE('',#3149,#3150);
#3149 = CARTESIAN_POINT('',(-1.6,0.41,0.));
#3150 = VECTOR('',#3151,1.);
#3151 = DIRECTION('',(0.,0.,1.));
#3152 = ORIENTED_EDGE('',*,*,#3153,.F.);
#3153 = EDGE_CURVE('',#3115,#3146,#3154,.T.);
#3154 = LINE('',#3155,#3156);
#3155 = CARTESIAN_POINT('',(-2.94,0.41,0.));
#3156 = VECTOR('',#3157,1.);
#3157 = DIRECTION('',(1.,0.,0.));
#3158 = PLANE('',#3159);
#3159 = AXIS2_PLACEMENT_3D('',#3160,#3161,#3162);
#3160 = CARTESIAN_POINT('',(-2.94,0.41,0.));
#3161 = DIRECTION('',(0.,1.,0.));
#3162 = DIRECTION('',(1.,0.,0.));
#3163 = ADVANCED_FACE('',(#3164),#3189,.F.);
#3164 = FACE_BOUND('',#3165,.F.);
#3165 = EDGE_LOOP('',(#3166,#3167,#3175,#3183));
#3166 = ORIENTED_EDGE('',*,*,#3145,.T.);
#3167 = ORIENTED_EDGE('',*,*,#3168,.T.);
#3168 = EDGE_CURVE('',#3138,#3169,#3171,.T.);
#3169 = VERTEX_POINT('',#3170);
#3170 = CARTESIAN_POINT('',(-1.6,1.09,0.15));
#3171 = LINE('',#3172,#3173);
#3172 = CARTESIAN_POINT('',(-1.6,0.41,0.15));
#3173 = VECTOR('',#3174,1.);
#3174 = DIRECTION('',(0.,1.,0.));
#3175 = ORIENTED_EDGE('',*,*,#3176,.F.);
#3176 = EDGE_CURVE('',#3177,#3169,#3179,.T.);
#3177 = VERTEX_POINT('',#3178);
#3178 = CARTESIAN_POINT('',(-1.6,1.09,0.));
#3179 = LINE('',#3180,#3181);
#3180 = CARTESIAN_POINT('',(-1.6,1.09,0.));
#3181 = VECTOR('',#3182,1.);
#3182 = DIRECTION('',(0.,0.,1.));
#3183 = ORIENTED_EDGE('',*,*,#3184,.F.);
#3184 = EDGE_CURVE('',#3146,#3177,#3185,.T.);
#3185 = LINE('',#3186,#3187);
#3186 = CARTESIAN_POINT('',(-1.6,0.41,0.));
#3187 = VECTOR('',#3188,1.);
#3188 = DIRECTION('',(0.,1.,0.));
#3189 = PLANE('',#3190);
#3190 = AXIS2_PLACEMENT_3D('',#3191,#3192,#3193);
#3191 = CARTESIAN_POINT('',(-1.6,0.41,0.));
#3192 = DIRECTION('',(-1.,0.,0.));
#3193 = DIRECTION('',(0.,1.,0.));
#3194 = ADVANCED_FACE('',(#3195),#3211,.F.);
#3195 = FACE_BOUND('',#3196,.F.);
#3196 = EDGE_LOOP('',(#3197,#3198,#3204,#3205));
#3197 = ORIENTED_EDGE('',*,*,#3176,.T.);
#3198 = ORIENTED_EDGE('',*,*,#3199,.T.);
#3199 = EDGE_CURVE('',#3169,#3099,#3200,.T.);
#3200 = LINE('',#3201,#3202);
#3201 = CARTESIAN_POINT('',(-1.6,1.09,0.15));
#3202 = VECTOR('',#3203,1.);
#3203 = DIRECTION('',(-1.,0.,0.));
#3204 = ORIENTED_EDGE('',*,*,#3096,.F.);
#3205 = ORIENTED_EDGE('',*,*,#3206,.F.);
#3206 = EDGE_CURVE('',#3177,#3097,#3207,.T.);
#3207 = LINE('',#3208,#3209);
#3208 = CARTESIAN_POINT('',(-1.6,1.09,0.));
#3209 = VECTOR('',#3210,1.);
#3210 = DIRECTION('',(-1.,0.,0.));
#3211 = PLANE('',#3212);
#3212 = AXIS2_PLACEMENT_3D('',#3213,#3214,#3215);
#3213 = CARTESIAN_POINT('',(-1.6,1.09,0.));
#3214 = DIRECTION('',(0.,-1.,0.));
#3215 = DIRECTION('',(-1.,0.,0.));
#3216 = ADVANCED_FACE('',(#3217),#3223,.F.);
#3217 = FACE_BOUND('',#3218,.F.);
#3218 = EDGE_LOOP('',(#3219,#3220,#3221,#3222));
#3219 = ORIENTED_EDGE('',*,*,#3122,.T.);
#3220 = ORIENTED_EDGE('',*,*,#3153,.T.);
#3221 = ORIENTED_EDGE('',*,*,#3184,.T.);
#3222 = ORIENTED_EDGE('',*,*,#3206,.T.);
#3223 = PLANE('',#3224);
#3224 = AXIS2_PLACEMENT_3D('',#3225,#3226,#3227);
#3225 = CARTESIAN_POINT('',(-2.27,0.75,0.));
#3226 = DIRECTION('',(0.,0.,1.));
#3227 = DIRECTION('',(1.,0.,-0.));
#3228 = ADVANCED_FACE('',(#3229),#3235,.T.);
#3229 = FACE_BOUND('',#3230,.T.);
#3230 = EDGE_LOOP('',(#3231,#3232,#3233,#3234));
#3231 = ORIENTED_EDGE('',*,*,#3106,.T.);
#3232 = ORIENTED_EDGE('',*,*,#3137,.T.);
#3233 = ORIENTED_EDGE('',*,*,#3168,.T.);
#3234 = ORIENTED_EDGE('',*,*,#3199,.T.);
#3235 = PLANE('',#3236);
#3236 = AXIS2_PLACEMENT_3D('',#3237,#3238,#3239);
#3237 = CARTESIAN_POINT('',(-2.27,0.75,0.15));
#3238 = DIRECTION('',(0.,0.,1.));
#3239 = DIRECTION('',(1.,0.,-0.));
#3240 = ( GEOMETRIC_REPRESENTATION_CONTEXT(3) 
GLOBAL_UNCERTAINTY_ASSIGNED_CONTEXT((#3244)) 
GLOBAL_UNIT_ASSIGNED_CONTEXT((#3241,#3242,#3243)) REPRESENTATION_CONTEXT
('Context #1','3D Context with UNIT and UNCERTAINTY') );
#3241 = ( LENGTH_UNIT() NAMED_UNIT(*) SI_UNIT(.MILLI.,.METRE.) );
#3242 = ( NAMED_UNIT(*) PLANE_ANGLE_UNIT() SI_UNIT($,.RADIAN.) );
#3243 = ( NAMED_UNIT(*) SI_UNIT($,.STERADIAN.) SOLID_ANGLE_UNIT() );
#3244 = UNCERTAINTY_MEASURE_WITH_UNIT(LENGTH_MEASURE(1.E-07),#3241,
  'distance_accuracy_value','confusion accuracy');
#3245 = CONTEXT_DEPENDENT_SHAPE_REPRESENTATION(#3246,#3248);
#3246 = ( REPRESENTATION_RELATIONSHIP('','',#3089,#2181) 
REPRESENTATION_RELATIONSHIP_WITH_TRANSFORMATION(#3247) 
SHAPE_REPRESENTATION_RELATIONSHIP() );
#3247 = ITEM_DEFINED_TRANSFORMATION('','',#11,#2186);
#3248 = PRODUCT_DEFINITION_SHAPE('Placement','Placement of an item',
  #3249);
#3249 = NEXT_ASSEMBLY_USAGE_OCCURRENCE('3','Pin1','',#2176,#3084,$);
#3250 = PRODUCT_RELATED_PRODUCT_CATEGORY('part',$,(#3086));
#3251 = SHAPE_DEFINITION_REPRESENTATION(#3252,#3258);
#3252 = PRODUCT_DEFINITION_SHAPE('','',#3253);
#3253 = PRODUCT_DEFINITION('design','',#3254,#3257);
#3254 = PRODUCT_DEFINITION_FORMATION('','',#3255);
#3255 = PRODUCT('Pin2','Pin2','',(#3256));
#3256 = PRODUCT_CONTEXT('',#2,'mechanical');
#3257 = PRODUCT_DEFINITION_CONTEXT('part definition',#2,'design');
#3258 = ADVANCED_BREP_SHAPE_REPRESENTATION('',(#11,#3259),#3442);
#3259 = MANIFOLD_SOLID_BREP('',#3260);
#3260 = CLOSED_SHELL('',(#3261,#3301,#3332,#3363,#3394,#3416,#3429));
#3261 = ADVANCED_FACE('',(#3262),#3296,.T.);
#3262 = FACE_BOUND('',#3263,.T.);
#3263 = EDGE_LOOP('',(#3264,#3274,#3282,#3290));
#3264 = ORIENTED_EDGE('',*,*,#3265,.T.);
#3265 = EDGE_CURVE('',#3266,#3268,#3270,.T.);
#3266 = VERTEX_POINT('',#3267);
#3267 = CARTESIAN_POINT('',(-2.94186252285,-0.751760725813,0.));
#3268 = VERTEX_POINT('',#3269);
#3269 = CARTESIAN_POINT('',(-2.94186252285,-0.751760725813,0.15));
#3270 = LINE('',#3271,#3272);
#3271 = CARTESIAN_POINT('',(-2.94186252285,-0.751760725813,0.));
#3272 = VECTOR('',#3273,1.);
#3273 = DIRECTION('',(0.,0.,1.));
#3274 = ORIENTED_EDGE('',*,*,#3275,.T.);
#3275 = EDGE_CURVE('',#3268,#3276,#3278,.T.);
#3276 = VERTEX_POINT('',#3277);
#3277 = CARTESIAN_POINT('',(-2.94186252285,-0.41,0.15));
#3278 = LINE('',#3279,#3280);
#3279 = CARTESIAN_POINT('',(-2.94186252285,-0.751760725813,0.15));
#3280 = VECTOR('',#3281,1.);
#3281 = DIRECTION('',(0.,1.,0.));
#3282 = ORIENTED_EDGE('',*,*,#3283,.F.);
#3283 = EDGE_CURVE('',#3284,#3276,#3286,.T.);
#3284 = VERTEX_POINT('',#3285);
#3285 = CARTESIAN_POINT('',(-2.94186252285,-0.41,0.));
#3286 = LINE('',#3287,#3288);
#3287 = CARTESIAN_POINT('',(-2.94186252285,-0.41,0.));
#3288 = VECTOR('',#3289,1.);
#3289 = DIRECTION('',(0.,0.,1.));
#3290 = ORIENTED_EDGE('',*,*,#3291,.F.);
#3291 = EDGE_CURVE('',#3266,#3284,#3292,.T.);
#3292 = LINE('',#3293,#3294);
#3293 = CARTESIAN_POINT('',(-2.94186252285,-0.751760725813,0.));
#3294 = VECTOR('',#3295,1.);
#3295 = DIRECTION('',(0.,1.,0.));
#3296 = PLANE('',#3297);
#3297 = AXIS2_PLACEMENT_3D('',#3298,#3299,#3300);
#3298 = CARTESIAN_POINT('',(-2.94186252285,-0.751760725813,0.));
#3299 = DIRECTION('',(-1.,0.,0.));
#3300 = DIRECTION('',(0.,1.,0.));
#3301 = ADVANCED_FACE('',(#3302),#3327,.T.);
#3302 = FACE_BOUND('',#3303,.T.);
#3303 = EDGE_LOOP('',(#3304,#3305,#3313,#3321));
#3304 = ORIENTED_EDGE('',*,*,#3283,.T.);
#3305 = ORIENTED_EDGE('',*,*,#3306,.T.);
#3306 = EDGE_CURVE('',#3276,#3307,#3309,.T.);
#3307 = VERTEX_POINT('',#3308);
#3308 = CARTESIAN_POINT('',(-1.6,-0.41,0.15));
#3309 = LINE('',#3310,#3311);
#3310 = CARTESIAN_POINT('',(-2.94186252285,-0.41,0.15));
#3311 = VECTOR('',#3312,1.);
#3312 = DIRECTION('',(1.,0.,0.));
#3313 = ORIENTED_EDGE('',*,*,#3314,.F.);
#3314 = EDGE_CURVE('',#3315,#3307,#3317,.T.);
#3315 = VERTEX_POINT('',#3316);
#3316 = CARTESIAN_POINT('',(-1.6,-0.41,0.));
#3317 = LINE('',#3318,#3319);
#3318 = CARTESIAN_POINT('',(-1.6,-0.41,0.));
#3319 = VECTOR('',#3320,1.);
#3320 = DIRECTION('',(0.,0.,1.));
#3321 = ORIENTED_EDGE('',*,*,#3322,.F.);
#3322 = EDGE_CURVE('',#3284,#3315,#3323,.T.);
#3323 = LINE('',#3324,#3325);
#3324 = CARTESIAN_POINT('',(-2.94186252285,-0.41,0.));
#3325 = VECTOR('',#3326,1.);
#3326 = DIRECTION('',(1.,0.,0.));
#3327 = PLANE('',#3328);
#3328 = AXIS2_PLACEMENT_3D('',#3329,#3330,#3331);
#3329 = CARTESIAN_POINT('',(-2.94186252285,-0.41,0.));
#3330 = DIRECTION('',(0.,1.,0.));
#3331 = DIRECTION('',(1.,0.,0.));
#3332 = ADVANCED_FACE('',(#3333),#3358,.T.);
#3333 = FACE_BOUND('',#3334,.T.);
#3334 = EDGE_LOOP('',(#3335,#3336,#3344,#3352));
#3335 = ORIENTED_EDGE('',*,*,#3314,.T.);
#3336 = ORIENTED_EDGE('',*,*,#3337,.T.);
#3337 = EDGE_CURVE('',#3307,#3338,#3340,.T.);
#3338 = VERTEX_POINT('',#3339);
#3339 = CARTESIAN_POINT('',(-1.6,-1.093521451625,0.15));
#3340 = LINE('',#3341,#3342);
#3341 = CARTESIAN_POINT('',(-1.6,-0.41,0.15));
#3342 = VECTOR('',#3343,1.);
#3343 = DIRECTION('',(0.,-1.,0.));
#3344 = ORIENTED_EDGE('',*,*,#3345,.F.);
#3345 = EDGE_CURVE('',#3346,#3338,#3348,.T.);
#3346 = VERTEX_POINT('',#3347);
#3347 = CARTESIAN_POINT('',(-1.6,-1.093521451625,0.));
#3348 = LINE('',#3349,#3350);
#3349 = CARTESIAN_POINT('',(-1.6,-1.093521451625,0.));
#3350 = VECTOR('',#3351,1.);
#3351 = DIRECTION('',(0.,0.,1.));
#3352 = ORIENTED_EDGE('',*,*,#3353,.F.);
#3353 = EDGE_CURVE('',#3315,#3346,#3354,.T.);
#3354 = LINE('',#3355,#3356);
#3355 = CARTESIAN_POINT('',(-1.6,-0.41,0.));
#3356 = VECTOR('',#3357,1.);
#3357 = DIRECTION('',(0.,-1.,0.));
#3358 = PLANE('',#3359);
#3359 = AXIS2_PLACEMENT_3D('',#3360,#3361,#3362);
#3360 = CARTESIAN_POINT('',(-1.6,-0.41,0.));
#3361 = DIRECTION('',(1.,0.,0.));
#3362 = DIRECTION('',(0.,-1.,0.));
#3363 = ADVANCED_FACE('',(#3364),#3389,.T.);
#3364 = FACE_BOUND('',#3365,.T.);
#3365 = EDGE_LOOP('',(#3366,#3367,#3375,#3383));
#3366 = ORIENTED_EDGE('',*,*,#3345,.T.);
#3367 = ORIENTED_EDGE('',*,*,#3368,.T.);
#3368 = EDGE_CURVE('',#3338,#3369,#3371,.T.);
#3369 = VERTEX_POINT('',#3370);
#3370 = CARTESIAN_POINT('',(-2.600101797037,-1.093521451625,0.15));
#3371 = LINE('',#3372,#3373);
#3372 = CARTESIAN_POINT('',(-1.6,-1.093521451625,0.15));
#3373 = VECTOR('',#3374,1.);
#3374 = DIRECTION('',(-1.,0.,0.));
#3375 = ORIENTED_EDGE('',*,*,#3376,.F.);
#3376 = EDGE_CURVE('',#3377,#3369,#3379,.T.);
#3377 = VERTEX_POINT('',#3378);
#3378 = CARTESIAN_POINT('',(-2.600101797037,-1.093521451625,0.));
#3379 = LINE('',#3380,#3381);
#3380 = CARTESIAN_POINT('',(-2.600101797037,-1.093521451625,0.));
#3381 = VECTOR('',#3382,1.);
#3382 = DIRECTION('',(0.,0.,1.));
#3383 = ORIENTED_EDGE('',*,*,#3384,.F.);
#3384 = EDGE_CURVE('',#3346,#3377,#3385,.T.);
#3385 = LINE('',#3386,#3387);
#3386 = CARTESIAN_POINT('',(-1.6,-1.093521451625,0.));
#3387 = VECTOR('',#3388,1.);
#3388 = DIRECTION('',(-1.,0.,0.));
#3389 = PLANE('',#3390);
#3390 = AXIS2_PLACEMENT_3D('',#3391,#3392,#3393);
#3391 = CARTESIAN_POINT('',(-1.6,-1.093521451625,0.));
#3392 = DIRECTION('',(0.,-1.,0.));
#3393 = DIRECTION('',(-1.,0.,0.));
#3394 = ADVANCED_FACE('',(#3395),#3411,.F.);
#3395 = FACE_BOUND('',#3396,.F.);
#3396 = EDGE_LOOP('',(#3397,#3398,#3404,#3405));
#3397 = ORIENTED_EDGE('',*,*,#3265,.T.);
#3398 = ORIENTED_EDGE('',*,*,#3399,.T.);
#3399 = EDGE_CURVE('',#3268,#3369,#3400,.T.);
#3400 = LINE('',#3401,#3402);
#3401 = CARTESIAN_POINT('',(-2.94186252285,-0.751760725813,0.15));
#3402 = VECTOR('',#3403,1.);
#3403 = DIRECTION('',(0.707106781187,-0.707106781187,0.));
#3404 = ORIENTED_EDGE('',*,*,#3376,.F.);
#3405 = ORIENTED_EDGE('',*,*,#3406,.F.);
#3406 = EDGE_CURVE('',#3266,#3377,#3407,.T.);
#3407 = LINE('',#3408,#3409);
#3408 = CARTESIAN_POINT('',(-2.94186252285,-0.751760725813,0.));
#3409 = VECTOR('',#3410,1.);
#3410 = DIRECTION('',(0.707106781187,-0.707106781187,0.));
#3411 = PLANE('',#3412);
#3412 = AXIS2_PLACEMENT_3D('',#3413,#3414,#3415);
#3413 = CARTESIAN_POINT('',(-2.94186252285,-0.751760725813,0.));
#3414 = DIRECTION('',(0.707106781187,0.707106781187,0.));
#3415 = DIRECTION('',(0.707106781187,-0.707106781187,0.));
#3416 = ADVANCED_FACE('',(#3417),#3424,.F.);
#3417 = FACE_BOUND('',#3418,.T.);
#3418 = EDGE_LOOP('',(#3419,#3420,#3421,#3422,#3423));
#3419 = ORIENTED_EDGE('',*,*,#3291,.T.);
#3420 = ORIENTED_EDGE('',*,*,#3322,.T.);
#3421 = ORIENTED_EDGE('',*,*,#3353,.T.);
#3422 = ORIENTED_EDGE('',*,*,#3384,.T.);
#3423 = ORIENTED_EDGE('',*,*,#3406,.F.);
#3424 = PLANE('',#3425);
#3425 = AXIS2_PLACEMENT_3D('',#3426,#3427,#3428);
#3426 = CARTESIAN_POINT('',(-2.229765974031,-0.727709673488,0.));
#3427 = DIRECTION('',(0.,0.,1.));
#3428 = DIRECTION('',(1.,0.,-0.));
#3429 = ADVANCED_FACE('',(#3430),#3437,.T.);
#3430 = FACE_BOUND('',#3431,.F.);
#3431 = EDGE_LOOP('',(#3432,#3433,#3434,#3435,#3436));
#3432 = ORIENTED_EDGE('',*,*,#3275,.T.);
#3433 = ORIENTED_EDGE('',*,*,#3306,.T.);
#3434 = ORIENTED_EDGE('',*,*,#3337,.T.);
#3435 = ORIENTED_EDGE('',*,*,#3368,.T.);
#3436 = ORIENTED_EDGE('',*,*,#3399,.F.);
#3437 = PLANE('',#3438);
#3438 = AXIS2_PLACEMENT_3D('',#3439,#3440,#3441);
#3439 = CARTESIAN_POINT('',(-2.229765974031,-0.727709673488,0.15));
#3440 = DIRECTION('',(0.,0.,1.));
#3441 = DIRECTION('',(1.,0.,-0.));
#3442 = ( GEOMETRIC_REPRESENTATION_CONTEXT(3) 
GLOBAL_UNCERTAINTY_ASSIGNED_CONTEXT((#3446)) 
GLOBAL_UNIT_ASSIGNED_CONTEXT((#3443,#3444,#3445)) REPRESENTATION_CONTEXT
('Context #1','3D Context with UNIT and UNCERTAINTY') );
#3443 = ( LENGTH_UNIT() NAMED_UNIT(*) SI_UNIT(.MILLI.,.METRE.) );
#3444 = ( NAMED_UNIT(*) PLANE_ANGLE_UNIT() SI_UNIT($,.RADIAN.) );
#3445 = ( NAMED_UNIT(*) SI_UNIT($,.STERADIAN.) SOLID_ANGLE_UNIT() );
#3446 = UNCERTAINTY_MEASURE_WITH_UNIT(LENGTH_MEASURE(1.E-07),#3443,
  'distance_accuracy_value','confusion accuracy');
#3447 = CONTEXT_DEPENDENT_SHAPE_REPRESENTATION(#3448,#3450);
#3448 = ( REPRESENTATION_RELATIONSHIP('','',#3258,#2181) 
REPRESENTATION_RELATIONSHIP_WITH_TRANSFORMATION(#3449) 
SHAPE_REPRESENTATION_RELATIONSHIP() );
#3449 = ITEM_DEFINED_TRANSFORMATION('','',#11,#2190);
#3450 = PRODUCT_DEFINITION_SHAPE('Placement','Placement of an item',
  #3451);
#3451 = NEXT_ASSEMBLY_USAGE_OCCURRENCE('4','Pin2','',#2176,#3253,$);
#3452 = PRODUCT_RELATED_PRODUCT_CATEGORY('part',$,(#3255));
#3453 = SHAPE_DEFINITION_REPRESENTATION(#3454,#3460);
#3454 = PRODUCT_DEFINITION_SHAPE('','',#3455);
#3455 = PRODUCT_DEFINITION('design','',#3456,#3459);
#3456 = PRODUCT_DEFINITION_FORMATION('','',#3457);
#3457 = PRODUCT('Pin3','Pin3','',(#3458));
#3458 = PRODUCT_CONTEXT('',#2,'mechanical');
#3459 = PRODUCT_DEFINITION_CONTEXT('part definition',#2,'design');
#3460 = ADVANCED_BREP_SHAPE_REPRESENTATION('',(#11,#3461),#3611);
#3461 = MANIFOLD_SOLID_BREP('',#3462);
#3462 = CLOSED_SHELL('',(#3463,#3503,#3534,#3565,#3587,#3599));
#3463 = ADVANCED_FACE('',(#3464),#3498,.T.);
#3464 = FACE_BOUND('',#3465,.T.);
#3465 = EDGE_LOOP('',(#3466,#3476,#3484,#3492));
#3466 = ORIENTED_EDGE('',*,*,#3467,.T.);
#3467 = EDGE_CURVE('',#3468,#3470,#3472,.T.);
#3468 = VERTEX_POINT('',#3469);
#3469 = CARTESIAN_POINT('',(2.94,1.09,0.));
#3470 = VERTEX_POINT('',#3471);
#3471 = CARTESIAN_POINT('',(2.94,1.09,0.15));
#3472 = LINE('',#3473,#3474);
#3473 = CARTESIAN_POINT('',(2.94,1.09,0.));
#3474 = VECTOR('',#3475,1.);
#3475 = DIRECTION('',(0.,0.,1.));
#3476 = ORIENTED_EDGE('',*,*,#3477,.T.);
#3477 = EDGE_CURVE('',#3470,#3478,#3480,.T.);
#3478 = VERTEX_POINT('',#3479);
#3479 = CARTESIAN_POINT('',(2.94,0.41,0.15));
#3480 = LINE('',#3481,#3482);
#3481 = CARTESIAN_POINT('',(2.94,1.09,0.15));
#3482 = VECTOR('',#3483,1.);
#3483 = DIRECTION('',(0.,-1.,0.));
#3484 = ORIENTED_EDGE('',*,*,#3485,.F.);
#3485 = EDGE_CURVE('',#3486,#3478,#3488,.T.);
#3486 = VERTEX_POINT('',#3487);
#3487 = CARTESIAN_POINT('',(2.94,0.41,0.));
#3488 = LINE('',#3489,#3490);
#3489 = CARTESIAN_POINT('',(2.94,0.41,0.));
#3490 = VECTOR('',#3491,1.);
#3491 = DIRECTION('',(0.,0.,1.));
#3492 = ORIENTED_EDGE('',*,*,#3493,.F.);
#3493 = EDGE_CURVE('',#3468,#3486,#3494,.T.);
#3494 = LINE('',#3495,#3496);
#3495 = CARTESIAN_POINT('',(2.94,1.09,0.));
#3496 = VECTOR('',#3497,1.);
#3497 = DIRECTION('',(0.,-1.,0.));
#3498 = PLANE('',#3499);
#3499 = AXIS2_PLACEMENT_3D('',#3500,#3501,#3502);
#3500 = CARTESIAN_POINT('',(2.94,1.09,0.));
#3501 = DIRECTION('',(1.,0.,0.));
#3502 = DIRECTION('',(0.,-1.,0.));
#3503 = ADVANCED_FACE('',(#3504),#3529,.T.);
#3504 = FACE_BOUND('',#3505,.T.);
#3505 = EDGE_LOOP('',(#3506,#3507,#3515,#3523));
#3506 = ORIENTED_EDGE('',*,*,#3485,.T.);
#3507 = ORIENTED_EDGE('',*,*,#3508,.T.);
#3508 = EDGE_CURVE('',#3478,#3509,#3511,.T.);
#3509 = VERTEX_POINT('',#3510);
#3510 = CARTESIAN_POINT('',(1.6,0.41,0.15));
#3511 = LINE('',#3512,#3513);
#3512 = CARTESIAN_POINT('',(2.94,0.41,0.15));
#3513 = VECTOR('',#3514,1.);
#3514 = DIRECTION('',(-1.,0.,0.));
#3515 = ORIENTED_EDGE('',*,*,#3516,.F.);
#3516 = EDGE_CURVE('',#3517,#3509,#3519,.T.);
#3517 = VERTEX_POINT('',#3518);
#3518 = CARTESIAN_POINT('',(1.6,0.41,0.));
#3519 = LINE('',#3520,#3521);
#3520 = CARTESIAN_POINT('',(1.6,0.41,0.));
#3521 = VECTOR('',#3522,1.);
#3522 = DIRECTION('',(0.,0.,1.));
#3523 = ORIENTED_EDGE('',*,*,#3524,.F.);
#3524 = EDGE_CURVE('',#3486,#3517,#3525,.T.);
#3525 = LINE('',#3526,#3527);
#3526 = CARTESIAN_POINT('',(2.94,0.41,0.));
#3527 = VECTOR('',#3528,1.);
#3528 = DIRECTION('',(-1.,0.,0.));
#3529 = PLANE('',#3530);
#3530 = AXIS2_PLACEMENT_3D('',#3531,#3532,#3533);
#3531 = CARTESIAN_POINT('',(2.94,0.41,0.));
#3532 = DIRECTION('',(0.,-1.,0.));
#3533 = DIRECTION('',(-1.,0.,0.));
#3534 = ADVANCED_FACE('',(#3535),#3560,.T.);
#3535 = FACE_BOUND('',#3536,.T.);
#3536 = EDGE_LOOP('',(#3537,#3538,#3546,#3554));
#3537 = ORIENTED_EDGE('',*,*,#3516,.T.);
#3538 = ORIENTED_EDGE('',*,*,#3539,.T.);
#3539 = EDGE_CURVE('',#3509,#3540,#3542,.T.);
#3540 = VERTEX_POINT('',#3541);
#3541 = CARTESIAN_POINT('',(1.6,1.09,0.15));
#3542 = LINE('',#3543,#3544);
#3543 = CARTESIAN_POINT('',(1.6,0.41,0.15));
#3544 = VECTOR('',#3545,1.);
#3545 = DIRECTION('',(0.,1.,0.));
#3546 = ORIENTED_EDGE('',*,*,#3547,.F.);
#3547 = EDGE_CURVE('',#3548,#3540,#3550,.T.);
#3548 = VERTEX_POINT('',#3549);
#3549 = CARTESIAN_POINT('',(1.6,1.09,0.));
#3550 = LINE('',#3551,#3552);
#3551 = CARTESIAN_POINT('',(1.6,1.09,0.));
#3552 = VECTOR('',#3553,1.);
#3553 = DIRECTION('',(0.,0.,1.));
#3554 = ORIENTED_EDGE('',*,*,#3555,.F.);
#3555 = EDGE_CURVE('',#3517,#3548,#3556,.T.);
#3556 = LINE('',#3557,#3558);
#3557 = CARTESIAN_POINT('',(1.6,0.41,0.));
#3558 = VECTOR('',#3559,1.);
#3559 = DIRECTION('',(0.,1.,0.));
#3560 = PLANE('',#3561);
#3561 = AXIS2_PLACEMENT_3D('',#3562,#3563,#3564);
#3562 = CARTESIAN_POINT('',(1.6,0.41,0.));
#3563 = DIRECTION('',(-1.,0.,0.));
#3564 = DIRECTION('',(0.,1.,0.));
#3565 = ADVANCED_FACE('',(#3566),#3582,.T.);
#3566 = FACE_BOUND('',#3567,.T.);
#3567 = EDGE_LOOP('',(#3568,#3569,#3575,#3576));
#3568 = ORIENTED_EDGE('',*,*,#3547,.T.);
#3569 = ORIENTED_EDGE('',*,*,#3570,.T.);
#3570 = EDGE_CURVE('',#3540,#3470,#3571,.T.);
#3571 = LINE('',#3572,#3573);
#3572 = CARTESIAN_POINT('',(1.6,1.09,0.15));
#3573 = VECTOR('',#3574,1.);
#3574 = DIRECTION('',(1.,0.,0.));
#3575 = ORIENTED_EDGE('',*,*,#3467,.F.);
#3576 = ORIENTED_EDGE('',*,*,#3577,.F.);
#3577 = EDGE_CURVE('',#3548,#3468,#3578,.T.);
#3578 = LINE('',#3579,#3580);
#3579 = CARTESIAN_POINT('',(1.6,1.09,0.));
#3580 = VECTOR('',#3581,1.);
#3581 = DIRECTION('',(1.,0.,0.));
#3582 = PLANE('',#3583);
#3583 = AXIS2_PLACEMENT_3D('',#3584,#3585,#3586);
#3584 = CARTESIAN_POINT('',(1.6,1.09,0.));
#3585 = DIRECTION('',(0.,1.,0.));
#3586 = DIRECTION('',(1.,0.,0.));
#3587 = ADVANCED_FACE('',(#3588),#3594,.F.);
#3588 = FACE_BOUND('',#3589,.T.);
#3589 = EDGE_LOOP('',(#3590,#3591,#3592,#3593));
#3590 = ORIENTED_EDGE('',*,*,#3493,.T.);
#3591 = ORIENTED_EDGE('',*,*,#3524,.T.);
#3592 = ORIENTED_EDGE('',*,*,#3555,.T.);
#3593 = ORIENTED_EDGE('',*,*,#3577,.T.);
#3594 = PLANE('',#3595);
#3595 = AXIS2_PLACEMENT_3D('',#3596,#3597,#3598);
#3596 = CARTESIAN_POINT('',(2.27,0.75,0.));
#3597 = DIRECTION('',(0.,0.,1.));
#3598 = DIRECTION('',(1.,0.,-0.));
#3599 = ADVANCED_FACE('',(#3600),#3606,.T.);
#3600 = FACE_BOUND('',#3601,.F.);
#3601 = EDGE_LOOP('',(#3602,#3603,#3604,#3605));
#3602 = ORIENTED_EDGE('',*,*,#3477,.T.);
#3603 = ORIENTED_EDGE('',*,*,#3508,.T.);
#3604 = ORIENTED_EDGE('',*,*,#3539,.T.);
#3605 = ORIENTED_EDGE('',*,*,#3570,.T.);
#3606 = PLANE('',#3607);
#3607 = AXIS2_PLACEMENT_3D('',#3608,#3609,#3610);
#3608 = CARTESIAN_POINT('',(2.27,0.75,0.15));
#3609 = DIRECTION('',(0.,0.,1.));
#3610 = DIRECTION('',(1.,0.,-0.));
#3611 = ( GEOMETRIC_REPRESENTATION_CONTEXT(3) 
GLOBAL_UNCERTAINTY_ASSIGNED_CONTEXT((#3615)) 
GLOBAL_UNIT_ASSIGNED_CONTEXT((#3612,#3613,#3614)) REPRESENTATION_CONTEXT
('Context #1','3D Context with UNIT and UNCERTAINTY') );
#3612 = ( LENGTH_UNIT() NAMED_UNIT(*) SI_UNIT(.MILLI.,.METRE.) );
#3613 = ( NAMED_UNIT(*) PLANE_ANGLE_UNIT() SI_UNIT($,.RADIAN.) );
#3614 = ( NAMED_UNIT(*) SI_UNIT($,.STERADIAN.) SOLID_ANGLE_UNIT() );
#3615 = UNCERTAINTY_MEASURE_WITH_UNIT(LENGTH_MEASURE(1.E-07),#3612,
  'distance_accuracy_value','confusion accuracy');
#3616 = CONTEXT_DEPENDENT_SHAPE_REPRESENTATION(#3617,#3619);
#3617 = ( REPRESENTATION_RELATIONSHIP('','',#3460,#2181) 
REPRESENTATION_RELATIONSHIP_WITH_TRANSFORMATION(#3618) 
SHAPE_REPRESENTATION_RELATIONSHIP() );
#3618 = ITEM_DEFINED_TRANSFORMATION('','',#11,#2194);
#3619 = PRODUCT_DEFINITION_SHAPE('Placement','Placement of an item',
  #3620);
#3620 = NEXT_ASSEMBLY_USAGE_OCCURRENCE('5','Pin3','',#2176,#3455,$);
#3621 = PRODUCT_RELATED_PRODUCT_CATEGORY('part',$,(#3457));
#3622 = SHAPE_DEFINITION_REPRESENTATION(#3623,#3629);
#3623 = PRODUCT_DEFINITION_SHAPE('','',#3624);
#3624 = PRODUCT_DEFINITION('design','',#3625,#3628);
#3625 = PRODUCT_DEFINITION_FORMATION('','',#3626);
#3626 = PRODUCT('Pin4','Pin4','',(#3627));
#3627 = PRODUCT_CONTEXT('',#2,'mechanical');
#3628 = PRODUCT_DEFINITION_CONTEXT('part definition',#2,'design');
#3629 = ADVANCED_BREP_SHAPE_REPRESENTATION('',(#11,#3630),#3780);
#3630 = MANIFOLD_SOLID_BREP('',#3631);
#3631 = CLOSED_SHELL('',(#3632,#3672,#3703,#3734,#3756,#3768));
#3632 = ADVANCED_FACE('',(#3633),#3667,.F.);
#3633 = FACE_BOUND('',#3634,.F.);
#3634 = EDGE_LOOP('',(#3635,#3645,#3653,#3661));
#3635 = ORIENTED_EDGE('',*,*,#3636,.T.);
#3636 = EDGE_CURVE('',#3637,#3639,#3641,.T.);
#3637 = VERTEX_POINT('',#3638);
#3638 = CARTESIAN_POINT('',(2.94,-1.09,0.));
#3639 = VERTEX_POINT('',#3640);
#3640 = CARTESIAN_POINT('',(2.94,-1.09,0.15));
#3641 = LINE('',#3642,#3643);
#3642 = CARTESIAN_POINT('',(2.94,-1.09,0.));
#3643 = VECTOR('',#3644,1.);
#3644 = DIRECTION('',(0.,0.,1.));
#3645 = ORIENTED_EDGE('',*,*,#3646,.T.);
#3646 = EDGE_CURVE('',#3639,#3647,#3649,.T.);
#3647 = VERTEX_POINT('',#3648);
#3648 = CARTESIAN_POINT('',(2.94,-0.41,0.15));
#3649 = LINE('',#3650,#3651);
#3650 = CARTESIAN_POINT('',(2.94,-1.09,0.15));
#3651 = VECTOR('',#3652,1.);
#3652 = DIRECTION('',(0.,1.,0.));
#3653 = ORIENTED_EDGE('',*,*,#3654,.F.);
#3654 = EDGE_CURVE('',#3655,#3647,#3657,.T.);
#3655 = VERTEX_POINT('',#3656);
#3656 = CARTESIAN_POINT('',(2.94,-0.41,0.));
#3657 = LINE('',#3658,#3659);
#3658 = CARTESIAN_POINT('',(2.94,-0.41,0.));
#3659 = VECTOR('',#3660,1.);
#3660 = DIRECTION('',(0.,0.,1.));
#3661 = ORIENTED_EDGE('',*,*,#3662,.F.);
#3662 = EDGE_CURVE('',#3637,#3655,#3663,.T.);
#3663 = LINE('',#3664,#3665);
#3664 = CARTESIAN_POINT('',(2.94,-1.09,0.));
#3665 = VECTOR('',#3666,1.);
#3666 = DIRECTION('',(0.,1.,0.));
#3667 = PLANE('',#3668);
#3668 = AXIS2_PLACEMENT_3D('',#3669,#3670,#3671);
#3669 = CARTESIAN_POINT('',(2.94,-1.09,0.));
#3670 = DIRECTION('',(-1.,0.,0.));
#3671 = DIRECTION('',(0.,1.,0.));
#3672 = ADVANCED_FACE('',(#3673),#3698,.F.);
#3673 = FACE_BOUND('',#3674,.F.);
#3674 = EDGE_LOOP('',(#3675,#3676,#3684,#3692));
#3675 = ORIENTED_EDGE('',*,*,#3654,.T.);
#3676 = ORIENTED_EDGE('',*,*,#3677,.T.);
#3677 = EDGE_CURVE('',#3647,#3678,#3680,.T.);
#3678 = VERTEX_POINT('',#3679);
#3679 = CARTESIAN_POINT('',(1.6,-0.41,0.15));
#3680 = LINE('',#3681,#3682);
#3681 = CARTESIAN_POINT('',(2.94,-0.41,0.15));
#3682 = VECTOR('',#3683,1.);
#3683 = DIRECTION('',(-1.,0.,0.));
#3684 = ORIENTED_EDGE('',*,*,#3685,.F.);
#3685 = EDGE_CURVE('',#3686,#3678,#3688,.T.);
#3686 = VERTEX_POINT('',#3687);
#3687 = CARTESIAN_POINT('',(1.6,-0.41,0.));
#3688 = LINE('',#3689,#3690);
#3689 = CARTESIAN_POINT('',(1.6,-0.41,0.));
#3690 = VECTOR('',#3691,1.);
#3691 = DIRECTION('',(0.,0.,1.));
#3692 = ORIENTED_EDGE('',*,*,#3693,.F.);
#3693 = EDGE_CURVE('',#3655,#3686,#3694,.T.);
#3694 = LINE('',#3695,#3696);
#3695 = CARTESIAN_POINT('',(2.94,-0.41,0.));
#3696 = VECTOR('',#3697,1.);
#3697 = DIRECTION('',(-1.,0.,0.));
#3698 = PLANE('',#3699);
#3699 = AXIS2_PLACEMENT_3D('',#3700,#3701,#3702);
#3700 = CARTESIAN_POINT('',(2.94,-0.41,0.));
#3701 = DIRECTION('',(0.,-1.,0.));
#3702 = DIRECTION('',(-1.,0.,0.));
#3703 = ADVANCED_FACE('',(#3704),#3729,.F.);
#3704 = FACE_BOUND('',#3705,.F.);
#3705 = EDGE_LOOP('',(#3706,#3707,#3715,#3723));
#3706 = ORIENTED_EDGE('',*,*,#3685,.T.);
#3707 = ORIENTED_EDGE('',*,*,#3708,.T.);
#3708 = EDGE_CURVE('',#3678,#3709,#3711,.T.);
#3709 = VERTEX_POINT('',#3710);
#3710 = CARTESIAN_POINT('',(1.6,-1.09,0.15));
#3711 = LINE('',#3712,#3713);
#3712 = CARTESIAN_POINT('',(1.6,-0.41,0.15));
#3713 = VECTOR('',#3714,1.);
#3714 = DIRECTION('',(0.,-1.,0.));
#3715 = ORIENTED_EDGE('',*,*,#3716,.F.);
#3716 = EDGE_CURVE('',#3717,#3709,#3719,.T.);
#3717 = VERTEX_POINT('',#3718);
#3718 = CARTESIAN_POINT('',(1.6,-1.09,0.));
#3719 = LINE('',#3720,#3721);
#3720 = CARTESIAN_POINT('',(1.6,-1.09,0.));
#3721 = VECTOR('',#3722,1.);
#3722 = DIRECTION('',(0.,0.,1.));
#3723 = ORIENTED_EDGE('',*,*,#3724,.F.);
#3724 = EDGE_CURVE('',#3686,#3717,#3725,.T.);
#3725 = LINE('',#3726,#3727);
#3726 = CARTESIAN_POINT('',(1.6,-0.41,0.));
#3727 = VECTOR('',#3728,1.);
#3728 = DIRECTION('',(0.,-1.,0.));
#3729 = PLANE('',#3730);
#3730 = AXIS2_PLACEMENT_3D('',#3731,#3732,#3733);
#3731 = CARTESIAN_POINT('',(1.6,-0.41,0.));
#3732 = DIRECTION('',(1.,0.,0.));
#3733 = DIRECTION('',(0.,-1.,0.));
#3734 = ADVANCED_FACE('',(#3735),#3751,.F.);
#3735 = FACE_BOUND('',#3736,.F.);
#3736 = EDGE_LOOP('',(#3737,#3738,#3744,#3745));
#3737 = ORIENTED_EDGE('',*,*,#3716,.T.);
#3738 = ORIENTED_EDGE('',*,*,#3739,.T.);
#3739 = EDGE_CURVE('',#3709,#3639,#3740,.T.);
#3740 = LINE('',#3741,#3742);
#3741 = CARTESIAN_POINT('',(1.6,-1.09,0.15));
#3742 = VECTOR('',#3743,1.);
#3743 = DIRECTION('',(1.,0.,0.));
#3744 = ORIENTED_EDGE('',*,*,#3636,.F.);
#3745 = ORIENTED_EDGE('',*,*,#3746,.F.);
#3746 = EDGE_CURVE('',#3717,#3637,#3747,.T.);
#3747 = LINE('',#3748,#3749);
#3748 = CARTESIAN_POINT('',(1.6,-1.09,0.));
#3749 = VECTOR('',#3750,1.);
#3750 = DIRECTION('',(1.,0.,0.));
#3751 = PLANE('',#3752);
#3752 = AXIS2_PLACEMENT_3D('',#3753,#3754,#3755);
#3753 = CARTESIAN_POINT('',(1.6,-1.09,0.));
#3754 = DIRECTION('',(0.,1.,0.));
#3755 = DIRECTION('',(1.,0.,0.));
#3756 = ADVANCED_FACE('',(#3757),#3763,.F.);
#3757 = FACE_BOUND('',#3758,.F.);
#3758 = EDGE_LOOP('',(#3759,#3760,#3761,#3762));
#3759 = ORIENTED_EDGE('',*,*,#3662,.T.);
#3760 = ORIENTED_EDGE('',*,*,#3693,.T.);
#3761 = ORIENTED_EDGE('',*,*,#3724,.T.);
#3762 = ORIENTED_EDGE('',*,*,#3746,.T.);
#3763 = PLANE('',#3764);
#3764 = AXIS2_PLACEMENT_3D('',#3765,#3766,#3767);
#3765 = CARTESIAN_POINT('',(2.27,-0.75,0.));
#3766 = DIRECTION('',(0.,0.,1.));
#3767 = DIRECTION('',(1.,0.,-0.));
#3768 = ADVANCED_FACE('',(#3769),#3775,.T.);
#3769 = FACE_BOUND('',#3770,.T.);
#3770 = EDGE_LOOP('',(#3771,#3772,#3773,#3774));
#3771 = ORIENTED_EDGE('',*,*,#3646,.T.);
#3772 = ORIENTED_EDGE('',*,*,#3677,.T.);
#3773 = ORIENTED_EDGE('',*,*,#3708,.T.);
#3774 = ORIENTED_EDGE('',*,*,#3739,.T.);
#3775 = PLANE('',#3776);
#3776 = AXIS2_PLACEMENT_3D('',#3777,#3778,#3779);
#3777 = CARTESIAN_POINT('',(2.27,-0.75,0.15));
#3778 = DIRECTION('',(0.,0.,1.));
#3779 = DIRECTION('',(1.,0.,-0.));
#3780 = ( GEOMETRIC_REPRESENTATION_CONTEXT(3) 
GLOBAL_UNCERTAINTY_ASSIGNED_CONTEXT((#3784)) 
GLOBAL_UNIT_ASSIGNED_CONTEXT((#3781,#3782,#3783)) REPRESENTATION_CONTEXT
('Context #1','3D Context with UNIT and UNCERTAINTY') );
#3781 = ( LENGTH_UNIT() NAMED_UNIT(*) SI_UNIT(.MILLI.,.METRE.) );
#3782 = ( NAMED_UNIT(*) PLANE_ANGLE_UNIT() SI_UNIT($,.RADIAN.) );
#3783 = ( NAMED_UNIT(*) SI_UNIT($,.STERADIAN.) SOLID_ANGLE_UNIT() );
#3784 = UNCERTAINTY_MEASURE_WITH_UNIT(LENGTH_MEASURE(1.E-07),#3781,
  'distance_accuracy_value','confusion accuracy');
#3785 = CONTEXT_DEPENDENT_SHAPE_REPRESENTATION(#3786,#3788);
#3786 = ( REPRESENTATION_RELATIONSHIP('','',#3629,#2181) 
REPRESENTATION_RELATIONSHIP_WITH_TRANSFORMATION(#3787) 
SHAPE_REPRESENTATION_RELATIONSHIP() );
#3787 = ITEM_DEFINED_TRANSFORMATION('','',#11,#2198);
#3788 = PRODUCT_DEFINITION_SHAPE('Placement','Placement of an item',
  #3789);
#3789 = NEXT_ASSEMBLY_USAGE_OCCURRENCE('6','Pin4','',#2176,#3624,$);
#3790 = PRODUCT_RELATED_PRODUCT_CATEGORY('part',$,(#3626));
#3791 = CONTEXT_DEPENDENT_SHAPE_REPRESENTATION(#3792,#3794);
#3792 = ( REPRESENTATION_RELATIONSHIP('','',#2181,#10) 
REPRESENTATION_RELATIONSHIP_WITH_TRANSFORMATION(#3793) 
SHAPE_REPRESENTATION_RELATIONSHIP() );
#3793 = ITEM_DEFINED_TRANSFORMATION('','',#11,#23);
#3794 = PRODUCT_DEFINITION_SHAPE('Placement','Placement of an item',
  #3795);
#3795 = NEXT_ASSEMBLY_USAGE_OCCURRENCE('8','D14','',#5,#2176,$);
#3796 = CONTEXT_DEPENDENT_SHAPE_REPRESENTATION(#3797,#3799);
#3797 = ( REPRESENTATION_RELATIONSHIP('','',#2181,#10) 
REPRESENTATION_RELATIONSHIP_WITH_TRANSFORMATION(#3798) 
SHAPE_REPRESENTATION_RELATIONSHIP() );
#3798 = ITEM_DEFINED_TRANSFORMATION('','',#11,#27);
#3799 = PRODUCT_DEFINITION_SHAPE('Placement','Placement of an item',
  #3800);
#3800 = NEXT_ASSEMBLY_USAGE_OCCURRENCE('9','D12','',#5,#2176,$);
#3801 = CONTEXT_DEPENDENT_SHAPE_REPRESENTATION(#3802,#3804);
#3802 = ( REPRESENTATION_RELATIONSHIP('','',#2181,#10) 
REPRESENTATION_RELATIONSHIP_WITH_TRANSFORMATION(#3803) 
SHAPE_REPRESENTATION_RELATIONSHIP() );
#3803 = ITEM_DEFINED_TRANSFORMATION('','',#11,#31);
#3804 = PRODUCT_DEFINITION_SHAPE('Placement','Placement of an item',
  #3805);
#3805 = NEXT_ASSEMBLY_USAGE_OCCURRENCE('10','D10','',#5,#2176,$);
#3806 = CONTEXT_DEPENDENT_SHAPE_REPRESENTATION(#3807,#3809);
#3807 = ( REPRESENTATION_RELATIONSHIP('','',#2181,#10) 
REPRESENTATION_RELATIONSHIP_WITH_TRANSFORMATION(#3808) 
SHAPE_REPRESENTATION_RELATIONSHIP() );
#3808 = ITEM_DEFINED_TRANSFORMATION('','',#11,#35);
#3809 = PRODUCT_DEFINITION_SHAPE('Placement','Placement of an item',
  #3810);
#3810 = NEXT_ASSEMBLY_USAGE_OCCURRENCE('11','D11','',#5,#2176,$);
#3811 = SHAPE_DEFINITION_REPRESENTATION(#3812,#3818);
#3812 = PRODUCT_DEFINITION_SHAPE('','',#3813);
#3813 = PRODUCT_DEFINITION('design','',#3814,#3817);
#3814 = PRODUCT_DEFINITION_FORMATION('','',#3815);
#3815 = PRODUCT('backleds_PCB','backleds_PCB','',(#3816));
#3816 = PRODUCT_CONTEXT('',#2,'mechanical');
#3817 = PRODUCT_DEFINITION_CONTEXT('part definition',#2,'design');
#3818 = ADVANCED_BREP_SHAPE_REPRESENTATION('',(#11,#3819),#7429);
#3819 = MANIFOLD_SOLID_BREP('',#3820);
#3820 = CLOSED_SHELL('',(#3821,#3854,#4766,#5678,#5700,#5717,#5734,#5751
    ,#5768,#5785,#5802,#5819,#5836,#5853,#5870,#5887,#5904,#5921,#5938,
    #5955,#5972,#5989,#6006,#6018,#6035,#6052,#6074,#6091,#6108,#6125,
    #6142,#6159,#6176,#6193,#6210,#6227,#6244,#6261,#6278,#6295,#6312,
    #6329,#6346,#6363,#6380,#6392,#6409,#6431,#6448,#6465,#6482,#6499,
    #6516,#6533,#6550,#6567,#6584,#6601,#6618,#6635,#6652,#6669,#6686,
    #6703,#6720,#6737,#6749,#6771,#6788,#6805,#6822,#6839,#6856,#6873,
    #6890,#6907,#6924,#6941,#6958,#6975,#6992,#7009,#7026,#7043,#7060,
    #7077,#7089,#7111,#7128,#7145,#7162,#7179,#7196,#7213,#7230,#7247,
    #7264,#7281,#7298,#7315,#7332,#7349,#7366,#7383,#7400,#7417));
#3821 = ADVANCED_FACE('',(#3822),#3849,.T.);
#3822 = FACE_BOUND('',#3823,.F.);
#3823 = EDGE_LOOP('',(#3824,#3834,#3841,#3842));
#3824 = ORIENTED_EDGE('',*,*,#3825,.T.);
#3825 = EDGE_CURVE('',#3826,#3828,#3830,.T.);
#3826 = VERTEX_POINT('',#3827);
#3827 = CARTESIAN_POINT('',(146.501599,-100.148779,0.));
#3828 = VERTEX_POINT('',#3829);
#3829 = CARTESIAN_POINT('',(146.501599,-100.148779,1.51));
#3830 = LINE('',#3831,#3832);
#3831 = CARTESIAN_POINT('',(146.501599,-100.148779,0.));
#3832 = VECTOR('',#3833,1.);
#3833 = DIRECTION('',(0.,0.,1.));
#3834 = ORIENTED_EDGE('',*,*,#3835,.T.);
#3835 = EDGE_CURVE('',#3828,#3828,#3836,.T.);
#3836 = CIRCLE('',#3837,19.730378);
#3837 = AXIS2_PLACEMENT_3D('',#3838,#3839,#3840);
#3838 = CARTESIAN_POINT('',(126.771221,-100.148779,1.51));
#3839 = DIRECTION('',(0.,0.,1.));
#3840 = DIRECTION('',(1.,0.,-0.));
#3841 = ORIENTED_EDGE('',*,*,#3825,.F.);
#3842 = ORIENTED_EDGE('',*,*,#3843,.F.);
#3843 = EDGE_CURVE('',#3826,#3826,#3844,.T.);
#3844 = CIRCLE('',#3845,19.730378);
#3845 = AXIS2_PLACEMENT_3D('',#3846,#3847,#3848);
#3846 = CARTESIAN_POINT('',(126.771221,-100.148779,0.));
#3847 = DIRECTION('',(0.,0.,1.));
#3848 = DIRECTION('',(1.,0.,-0.));
#3849 = CYLINDRICAL_SURFACE('',#3850,19.730378);
#3850 = AXIS2_PLACEMENT_3D('',#3851,#3852,#3853);
#3851 = CARTESIAN_POINT('',(126.771221,-100.148779,0.));
#3852 = DIRECTION('',(-0.,-0.,-1.));
#3853 = DIRECTION('',(1.,0.,-0.));
#3854 = ADVANCED_FACE('',(#3855,#3858,#4032,#4043,#4054,#4228,#4239,
    #4413,#4587),#4761,.F.);
#3855 = FACE_BOUND('',#3856,.F.);
#3856 = EDGE_LOOP('',(#3857));
#3857 = ORIENTED_EDGE('',*,*,#3843,.T.);
#3858 = FACE_BOUND('',#3859,.F.);
#3859 = EDGE_LOOP('',(#3860,#3871,#3880,#3888,#3896,#3905,#3914,#3923,
    #3931,#3939,#3948,#3957,#3966,#3974,#3982,#3991,#4000,#4009,#4017,
    #4025));
#3860 = ORIENTED_EDGE('',*,*,#3861,.F.);
#3861 = EDGE_CURVE('',#3862,#3864,#3866,.T.);
#3862 = VERTEX_POINT('',#3863);
#3863 = CARTESIAN_POINT('',(119.785155,-111.532124,0.));
#3864 = VERTEX_POINT('',#3865);
#3865 = CARTESIAN_POINT('',(119.097875,-110.844845,0.));
#3866 = CIRCLE('',#3867,0.50000016193);
#3867 = AXIS2_PLACEMENT_3D('',#3868,#3869,#3870);
#3868 = CARTESIAN_POINT('',(119.35837780538,-111.2716218155,0.));
#3869 = DIRECTION('',(0.,0.,1.));
#3870 = DIRECTION('',(0.853554112792,-0.521004200113,0.));
#3871 = ORIENTED_EDGE('',*,*,#3872,.F.);
#3872 = EDGE_CURVE('',#3873,#3862,#3875,.T.);
#3873 = VERTEX_POINT('',#3874);
#3874 = CARTESIAN_POINT('',(119.741221,-111.688426,0.));
#3875 = CIRCLE('',#3876,0.299690752285);
#3876 = AXIS2_PLACEMENT_3D('',#3877,#3878,#3879);
#3877 = CARTESIAN_POINT('',(120.04091173957,-111.6883387149,0.));
#3878 = DIRECTION('',(0.,0.,-1.));
#3879 = DIRECTION('',(-0.999999957587,-2.912503875246E-04,-0.));
#3880 = ORIENTED_EDGE('',*,*,#3881,.F.);
#3881 = EDGE_CURVE('',#3882,#3873,#3884,.T.);
#3882 = VERTEX_POINT('',#3883);
#3883 = CARTESIAN_POINT('',(119.741221,-112.388779,0.));
#3884 = LINE('',#3885,#3886);
#3885 = CARTESIAN_POINT('',(119.741221,-112.388779,0.));
#3886 = VECTOR('',#3887,1.);
#3887 = DIRECTION('',(0.,1.,0.));
#3888 = ORIENTED_EDGE('',*,*,#3889,.F.);
#3889 = EDGE_CURVE('',#3890,#3882,#3892,.T.);
#3890 = VERTEX_POINT('',#3891);
#3891 = CARTESIAN_POINT('',(119.74122,-113.089132,0.));
#3892 = LINE('',#3893,#3894);
#3893 = CARTESIAN_POINT('',(119.74122,-113.089132,0.));
#3894 = VECTOR('',#3895,1.);
#3895 = DIRECTION('',(1.42785137991E-06,0.999999999999,0.));
#3896 = ORIENTED_EDGE('',*,*,#3897,.F.);
#3897 = EDGE_CURVE('',#3898,#3890,#3900,.T.);
#3898 = VERTEX_POINT('',#3899);
#3899 = CARTESIAN_POINT('',(119.785155,-113.245434,0.));
#3900 = CIRCLE('',#3901,0.299980161927);
#3901 = AXIS2_PLACEMENT_3D('',#3902,#3903,#3904);
#3902 = CARTESIAN_POINT('',(120.04120016189,-113.0891362949,0.));
#3903 = DIRECTION('',(0.,0.,-1.));
#3904 = DIRECTION('',(-0.853540314971,-0.521026804224,-0.));
#3905 = ORIENTED_EDGE('',*,*,#3906,.F.);
#3906 = EDGE_CURVE('',#3907,#3898,#3909,.T.);
#3907 = VERTEX_POINT('',#3908);
#3908 = CARTESIAN_POINT('',(119.097876,-113.932713,0.));
#3909 = CIRCLE('',#3910,0.499998734392);
#3910 = AXIS2_PLACEMENT_3D('',#3911,#3912,#3913);
#3911 = CARTESIAN_POINT('',(119.35838150432,-113.5059395043,0.));
#3912 = DIRECTION('',(0.,0.,1.));
#3913 = DIRECTION('',(-0.521012327448,-0.853549151864,0.));
#3914 = ORIENTED_EDGE('',*,*,#3915,.F.);
#3915 = EDGE_CURVE('',#3916,#3907,#3918,.T.);
#3916 = VERTEX_POINT('',#3917);
#3917 = CARTESIAN_POINT('',(118.941574,-113.888779,0.));
#3918 = CIRCLE('',#3919,0.300023425677);
#3919 = AXIS2_PLACEMENT_3D('',#3920,#3921,#3922);
#3920 = CARTESIAN_POINT('',(118.9415677723,-114.1888024256,0.));
#3921 = DIRECTION('',(0.,0.,-1.));
#3922 = DIRECTION('',(2.075735545944E-05,0.999999999785,0.));
#3923 = ORIENTED_EDGE('',*,*,#3924,.F.);
#3924 = EDGE_CURVE('',#3925,#3916,#3927,.T.);
#3925 = VERTEX_POINT('',#3926);
#3926 = CARTESIAN_POINT('',(118.041221,-113.888778,0.));
#3927 = LINE('',#3928,#3929);
#3928 = CARTESIAN_POINT('',(118.041221,-113.888778,0.));
#3929 = VECTOR('',#3930,1.);
#3930 = DIRECTION('',(0.999999999999,-1.110675476701E-06,0.));
#3931 = ORIENTED_EDGE('',*,*,#3932,.F.);
#3932 = EDGE_CURVE('',#3933,#3925,#3935,.T.);
#3933 = VERTEX_POINT('',#3934);
#3934 = CARTESIAN_POINT('',(117.140868,-113.888779,0.));
#3935 = LINE('',#3936,#3937);
#3936 = CARTESIAN_POINT('',(117.140868,-113.888779,0.));
#3937 = VECTOR('',#3938,1.);
#3938 = DIRECTION('',(0.999999999999,1.110675476702E-06,0.));
#3939 = ORIENTED_EDGE('',*,*,#3940,.F.);
#3940 = EDGE_CURVE('',#3941,#3933,#3943,.T.);
#3941 = VERTEX_POINT('',#3942);
#3942 = CARTESIAN_POINT('',(116.984567,-113.932713,0.));
#3943 = CIRCLE('',#3944,0.299991599978);
#3944 = AXIS2_PLACEMENT_3D('',#3945,#3946,#3947);
#3945 = CARTESIAN_POINT('',(117.14086628199,-114.1887705999,0.));
#3946 = DIRECTION('',(0.,0.,-1.));
#3947 = DIRECTION('',(-0.521012195043,0.853549232685,0.));
#3948 = ORIENTED_EDGE('',*,*,#3949,.F.);
#3949 = EDGE_CURVE('',#3950,#3941,#3952,.T.);
#3950 = VERTEX_POINT('',#3951);
#3951 = CARTESIAN_POINT('',(116.297287,-113.245434,0.));
#3952 = CIRCLE('',#3953,0.50000016193);
#3953 = AXIS2_PLACEMENT_3D('',#3954,#3955,#3956);
#3954 = CARTESIAN_POINT('',(116.72406419461,-113.5059361844,0.));
#3955 = DIRECTION('',(0.,0.,1.));
#3956 = DIRECTION('',(-0.853554112792,0.521004200113,0.));
#3957 = ORIENTED_EDGE('',*,*,#3958,.F.);
#3958 = EDGE_CURVE('',#3959,#3950,#3961,.T.);
#3959 = VERTEX_POINT('',#3960);
#3960 = CARTESIAN_POINT('',(116.341221,-113.089132,0.));
#3961 = CIRCLE('',#3962,0.300023425677);
#3962 = AXIS2_PLACEMENT_3D('',#3963,#3964,#3965);
#3963 = CARTESIAN_POINT('',(116.04119757438,-113.0891257723,0.));
#3964 = DIRECTION('',(0.,0.,-1.));
#3965 = DIRECTION('',(0.999999999785,-2.075735545944E-05,0.));
#3966 = ORIENTED_EDGE('',*,*,#3967,.F.);
#3967 = EDGE_CURVE('',#3968,#3959,#3970,.T.);
#3968 = VERTEX_POINT('',#3969);
#3969 = CARTESIAN_POINT('',(116.341221,-112.388779,0.));
#3970 = LINE('',#3971,#3972);
#3971 = CARTESIAN_POINT('',(116.341221,-112.388779,0.));
#3972 = VECTOR('',#3973,1.);
#3973 = DIRECTION('',(0.,-1.,0.));
#3974 = ORIENTED_EDGE('',*,*,#3975,.F.);
#3975 = EDGE_CURVE('',#3976,#3968,#3978,.T.);
#3976 = VERTEX_POINT('',#3977);
#3977 = CARTESIAN_POINT('',(116.341222,-111.688426,0.));
#3978 = LINE('',#3979,#3980);
#3979 = CARTESIAN_POINT('',(116.341222,-111.688426,0.));
#3980 = VECTOR('',#3981,1.);
#3981 = DIRECTION('',(-1.42785137991E-06,-0.999999999999,0.));
#3982 = ORIENTED_EDGE('',*,*,#3983,.F.);
#3983 = EDGE_CURVE('',#3984,#3976,#3986,.T.);
#3984 = VERTEX_POINT('',#3985);
#3985 = CARTESIAN_POINT('',(116.297287,-111.532124,0.));
#3986 = CIRCLE('',#3987,0.300005001885);
#3987 = AXIS2_PLACEMENT_3D('',#3988,#3989,#3990);
#3988 = CARTESIAN_POINT('',(116.04121699812,-111.6884286873,0.));
#3989 = DIRECTION('',(0.,0.,-1.));
#3990 = DIRECTION('',(0.853552441673,0.521006937876,0.));
#3991 = ORIENTED_EDGE('',*,*,#3992,.F.);
#3992 = EDGE_CURVE('',#3993,#3984,#3995,.T.);
#3993 = VERTEX_POINT('',#3994);
#3994 = CARTESIAN_POINT('',(116.984566,-110.844845,0.));
#3995 = CIRCLE('',#3996,0.499999821338);
#3996 = AXIS2_PLACEMENT_3D('',#3997,#3998,#3999);
#3997 = CARTESIAN_POINT('',(116.72406376426,-111.2716217642,0.));
#3998 = DIRECTION('',(0.,0.,1.));
#3999 = DIRECTION('',(0.521004657649,0.853553833515,-0.));
#4000 = ORIENTED_EDGE('',*,*,#4001,.F.);
#4001 = EDGE_CURVE('',#4002,#3993,#4004,.T.);
#4002 = VERTEX_POINT('',#4003);
#4003 = CARTESIAN_POINT('',(117.140868,-110.888779,0.));
#4004 = CIRCLE('',#4005,0.300016442167);
#4005 = AXIS2_PLACEMENT_3D('',#4006,#4007,#4008);
#4006 = CARTESIAN_POINT('',(117.14087226474,-110.5887625578,0.));
#4007 = DIRECTION('',(0.,0.,-1.));
#4008 = DIRECTION('',(-1.421505136902E-05,-0.999999999899,-0.));
#4009 = ORIENTED_EDGE('',*,*,#4010,.F.);
#4010 = EDGE_CURVE('',#4011,#4002,#4013,.T.);
#4011 = VERTEX_POINT('',#4012);
#4012 = CARTESIAN_POINT('',(118.041221,-110.88878,0.));
#4013 = LINE('',#4014,#4015);
#4014 = CARTESIAN_POINT('',(118.041221,-110.88878,0.));
#4015 = VECTOR('',#4016,1.);
#4016 = DIRECTION('',(-0.999999999999,1.110675476702E-06,0.));
#4017 = ORIENTED_EDGE('',*,*,#4018,.F.);
#4018 = EDGE_CURVE('',#4019,#4011,#4021,.T.);
#4019 = VERTEX_POINT('',#4020);
#4020 = CARTESIAN_POINT('',(118.941574,-110.888779,0.));
#4021 = LINE('',#4022,#4023);
#4022 = CARTESIAN_POINT('',(118.941574,-110.888779,0.));
#4023 = VECTOR('',#4024,1.);
#4024 = DIRECTION('',(-0.999999999999,-1.110675476701E-06,0.));
#4025 = ORIENTED_EDGE('',*,*,#4026,.F.);
#4026 = EDGE_CURVE('',#3864,#4019,#4027,.T.);
#4027 = CIRCLE('',#4028,0.299984617892);
#4028 = AXIS2_PLACEMENT_3D('',#4029,#4030,#4031);
#4029 = CARTESIAN_POINT('',(118.94157768057,-110.5887943821,0.));
#4030 = DIRECTION('',(0.,0.,-1.));
#4031 = DIRECTION('',(0.521017779267,-0.853545824011,0.));
#4032 = FACE_BOUND('',#4033,.F.);
#4033 = EDGE_LOOP('',(#4034));
#4034 = ORIENTED_EDGE('',*,*,#4035,.T.);
#4035 = EDGE_CURVE('',#4036,#4036,#4038,.T.);
#4036 = VERTEX_POINT('',#4037);
#4037 = CARTESIAN_POINT('',(123.711221,-106.908779,0.));
#4038 = CIRCLE('',#4039,0.5);
#4039 = AXIS2_PLACEMENT_3D('',#4040,#4041,#4042);
#4040 = CARTESIAN_POINT('',(123.711221,-106.408779,0.));
#4041 = DIRECTION('',(-0.,0.,-1.));
#4042 = DIRECTION('',(-0.,-1.,0.));
#4043 = FACE_BOUND('',#4044,.F.);
#4044 = EDGE_LOOP('',(#4045));
#4045 = ORIENTED_EDGE('',*,*,#4046,.T.);
#4046 = EDGE_CURVE('',#4047,#4047,#4049,.T.);
#4047 = VERTEX_POINT('',#4048);
#4048 = CARTESIAN_POINT('',(126.251221,-106.908779,0.));
#4049 = CIRCLE('',#4050,0.5);
#4050 = AXIS2_PLACEMENT_3D('',#4051,#4052,#4053);
#4051 = CARTESIAN_POINT('',(126.251221,-106.408779,0.));
#4052 = DIRECTION('',(-0.,0.,-1.));
#4053 = DIRECTION('',(-0.,-1.,0.));
#4054 = FACE_BOUND('',#4055,.F.);
#4055 = EDGE_LOOP('',(#4056,#4067,#4076,#4084,#4092,#4101,#4110,#4119,
    #4127,#4135,#4144,#4153,#4162,#4170,#4178,#4187,#4196,#4205,#4213,
    #4221));
#4056 = ORIENTED_EDGE('',*,*,#4057,.F.);
#4057 = EDGE_CURVE('',#4058,#4060,#4062,.T.);
#4058 = VERTEX_POINT('',#4059);
#4059 = CARTESIAN_POINT('',(136.743934,-111.743345,0.));
#4060 = VERTEX_POINT('',#4061);
#4061 = CARTESIAN_POINT('',(136.056655,-111.056066,0.));
#4062 = CIRCLE('',#4063,0.499999821338);
#4063 = AXIS2_PLACEMENT_3D('',#4064,#4065,#4066);
#4064 = CARTESIAN_POINT('',(136.31715723574,-111.4828427642,0.));
#4065 = DIRECTION('',(0.,0.,1.));
#4066 = DIRECTION('',(0.853553833515,-0.521004657649,0.));
#4067 = ORIENTED_EDGE('',*,*,#4068,.F.);
#4068 = EDGE_CURVE('',#4069,#4058,#4071,.T.);
#4069 = VERTEX_POINT('',#4070);
#4070 = CARTESIAN_POINT('',(136.699999,-111.899647,0.));
#4071 = CIRCLE('',#4072,0.299672372563);
#4072 = AXIS2_PLACEMENT_3D('',#4073,#4074,#4075);
#4073 = CARTESIAN_POINT('',(136.9996713588,-111.8995561845,0.));
#4074 = DIRECTION('',(0.,0.,-1.));
#4075 = DIRECTION('',(-0.999999954081,-3.030489975809E-04,-0.));
#4076 = ORIENTED_EDGE('',*,*,#4077,.F.);
#4077 = EDGE_CURVE('',#4078,#4069,#4080,.T.);
#4078 = VERTEX_POINT('',#4079);
#4079 = CARTESIAN_POINT('',(136.7,-112.6,0.));
#4080 = LINE('',#4081,#4082);
#4081 = CARTESIAN_POINT('',(136.7,-112.6,0.));
#4082 = VECTOR('',#4083,1.);
#4083 = DIRECTION('',(-1.42785137991E-06,0.999999999999,0.));
#4084 = ORIENTED_EDGE('',*,*,#4085,.F.);
#4085 = EDGE_CURVE('',#4086,#4078,#4088,.T.);
#4086 = VERTEX_POINT('',#4087);
#4087 = CARTESIAN_POINT('',(136.7,-113.300353,0.));
#4088 = LINE('',#4089,#4090);
#4089 = CARTESIAN_POINT('',(136.7,-113.300353,0.));
#4090 = VECTOR('',#4091,1.);
#4091 = DIRECTION('',(0.,1.,0.));
#4092 = ORIENTED_EDGE('',*,*,#4093,.F.);
#4093 = EDGE_CURVE('',#4094,#4086,#4096,.T.);
#4094 = VERTEX_POINT('',#4095);
#4095 = CARTESIAN_POINT('',(136.743934,-113.456655,0.));
#4096 = CIRCLE('',#4097,0.299973743356);
#4097 = AXIS2_PLACEMENT_3D('',#4098,#4099,#4100);
#4098 = CARTESIAN_POINT('',(136.99997374325,-113.3003607372,0.));
#4099 = DIRECTION('',(0.,0.,-1.));
#4100 = DIRECTION('',(-0.853540514552,-0.521026477272,-0.));
#4101 = ORIENTED_EDGE('',*,*,#4102,.F.);
#4102 = EDGE_CURVE('',#4103,#4094,#4105,.T.);
#4103 = VERTEX_POINT('',#4104);
#4104 = CARTESIAN_POINT('',(136.056654,-114.143934,0.));
#4105 = CIRCLE('',#4106,0.49999929237);
#4106 = AXIS2_PLACEMENT_3D('',#4107,#4108,#4109);
#4107 = CARTESIAN_POINT('',(136.31715942025,-113.7171597992,0.));
#4108 = DIRECTION('',(0.,0.,1.));
#4109 = DIRECTION('',(-0.521011577885,-0.853549609402,0.));
#4110 = ORIENTED_EDGE('',*,*,#4111,.F.);
#4111 = EDGE_CURVE('',#4112,#4103,#4114,.T.);
#4112 = VERTEX_POINT('',#4113);
#4113 = CARTESIAN_POINT('',(135.900353,-114.1,0.));
#4114 = CIRCLE('',#4115,0.30001644238);
#4115 = AXIS2_PLACEMENT_3D('',#4116,#4117,#4118);
#4116 = CARTESIAN_POINT('',(135.90034773516,-114.4000164423,0.));
#4117 = DIRECTION('',(0.,0.,-1.));
#4118 = DIRECTION('',(1.754848814432E-05,0.999999999846,0.));
#4119 = ORIENTED_EDGE('',*,*,#4120,.F.);
#4120 = EDGE_CURVE('',#4121,#4112,#4123,.T.);
#4121 = VERTEX_POINT('',#4122);
#4122 = CARTESIAN_POINT('',(135.,-114.099999,0.));
#4123 = LINE('',#4124,#4125);
#4124 = CARTESIAN_POINT('',(135.,-114.099999,0.));
#4125 = VECTOR('',#4126,1.);
#4126 = DIRECTION('',(0.999999999999,-1.110675476702E-06,0.));
#4127 = ORIENTED_EDGE('',*,*,#4128,.F.);
#4128 = EDGE_CURVE('',#4129,#4121,#4131,.T.);
#4129 = VERTEX_POINT('',#4130);
#4130 = CARTESIAN_POINT('',(134.099647,-114.1,0.));
#4131 = LINE('',#4132,#4133);
#4132 = CARTESIAN_POINT('',(134.099647,-114.1,0.));
#4133 = VECTOR('',#4134,1.);
#4134 = DIRECTION('',(0.999999999999,1.110675476702E-06,0.));
#4135 = ORIENTED_EDGE('',*,*,#4136,.F.);
#4136 = EDGE_CURVE('',#4137,#4129,#4139,.T.);
#4137 = VERTEX_POINT('',#4138);
#4138 = CARTESIAN_POINT('',(133.943345,-114.143934,0.));
#4139 = CIRCLE('',#4140,0.299998582341);
#4140 = AXIS2_PLACEMENT_3D('',#4141,#4142,#4143);
#4141 = CARTESIAN_POINT('',(134.09964624464,-114.3999985823,0.));
#4142 = DIRECTION('',(0.,0.,-1.));
#4143 = DIRECTION('',(-0.521006610849,0.853552641289,0.));
#4144 = ORIENTED_EDGE('',*,*,#4145,.F.);
#4145 = EDGE_CURVE('',#4146,#4137,#4148,.T.);
#4146 = VERTEX_POINT('',#4147);
#4147 = CARTESIAN_POINT('',(133.256066,-113.456655,0.));
#4148 = CIRCLE('',#4149,0.499999821338);
#4149 = AXIS2_PLACEMENT_3D('',#4150,#4151,#4152);
#4150 = CARTESIAN_POINT('',(133.68284276426,-113.7171572357,0.));
#4151 = DIRECTION('',(0.,0.,1.));
#4152 = DIRECTION('',(-0.853553833515,0.521004657649,0.));
#4153 = ORIENTED_EDGE('',*,*,#4154,.F.);
#4154 = EDGE_CURVE('',#4155,#4146,#4157,.T.);
#4155 = VERTEX_POINT('',#4156);
#4156 = CARTESIAN_POINT('',(133.300001,-113.300353,0.));
#4157 = CIRCLE('',#4158,0.299980161927);
#4158 = AXIS2_PLACEMENT_3D('',#4159,#4160,#4161);
#4159 = CARTESIAN_POINT('',(133.0000208381,-113.3003572949,0.));
#4160 = DIRECTION('',(0.,0.,-1.));
#4161 = DIRECTION('',(0.999999999898,1.431728310523E-05,0.));
#4162 = ORIENTED_EDGE('',*,*,#4163,.F.);
#4163 = EDGE_CURVE('',#4164,#4155,#4166,.T.);
#4164 = VERTEX_POINT('',#4165);
#4165 = CARTESIAN_POINT('',(133.3,-112.6,0.));
#4166 = LINE('',#4167,#4168);
#4167 = CARTESIAN_POINT('',(133.3,-112.6,0.));
#4168 = VECTOR('',#4169,1.);
#4169 = DIRECTION('',(1.42785137991E-06,-0.999999999999,0.));
#4170 = ORIENTED_EDGE('',*,*,#4171,.F.);
#4171 = EDGE_CURVE('',#4172,#4164,#4174,.T.);
#4172 = VERTEX_POINT('',#4173);
#4173 = CARTESIAN_POINT('',(133.3,-111.899647,0.));
#4174 = LINE('',#4175,#4176);
#4175 = CARTESIAN_POINT('',(133.3,-111.899647,0.));
#4176 = VECTOR('',#4177,1.);
#4177 = DIRECTION('',(0.,-1.,0.));
#4178 = ORIENTED_EDGE('',*,*,#4179,.F.);
#4179 = EDGE_CURVE('',#4180,#4172,#4182,.T.);
#4180 = VERTEX_POINT('',#4181);
#4181 = CARTESIAN_POINT('',(133.256066,-111.743345,0.));
#4182 = CIRCLE('',#4183,0.299991600078);
#4183 = AXIS2_PLACEMENT_3D('',#4184,#4185,#4186);
#4184 = CARTESIAN_POINT('',(133.00000839993,-111.899644282,0.));
#4185 = DIRECTION('',(0.,0.,-1.));
#4186 = DIRECTION('',(0.853549232709,0.521012195003,0.));
#4187 = ORIENTED_EDGE('',*,*,#4188,.F.);
#4188 = EDGE_CURVE('',#4189,#4180,#4191,.T.);
#4189 = VERTEX_POINT('',#4190);
#4190 = CARTESIAN_POINT('',(133.943346,-111.056066,0.));
#4191 = CIRCLE('',#4192,0.500000814122);
#4192 = AXIS2_PLACEMENT_3D('',#4193,#4194,#4195);
#4193 = CARTESIAN_POINT('',(133.68284515578,-111.4828447767,0.));
#4194 = DIRECTION('',(0.,0.,1.));
#4195 = DIRECTION('',(0.521000840124,0.8535561637,-0.));
#4196 = ORIENTED_EDGE('',*,*,#4197,.F.);
#4197 = EDGE_CURVE('',#4198,#4189,#4200,.T.);
#4198 = VERTEX_POINT('',#4199);
#4199 = CARTESIAN_POINT('',(134.099647,-111.1,0.));
#4200 = CIRCLE('',#4201,0.299991599979);
#4201 = AXIS2_PLACEMENT_3D('',#4202,#4203,#4204);
#4202 = CARTESIAN_POINT('',(134.09964528199,-110.8000084,0.));
#4203 = DIRECTION('',(0.,0.,-1.));
#4204 = DIRECTION('',(5.726830121154E-06,-0.999999999984,0.));
#4205 = ORIENTED_EDGE('',*,*,#4206,.F.);
#4206 = EDGE_CURVE('',#4207,#4198,#4209,.T.);
#4207 = VERTEX_POINT('',#4208);
#4208 = CARTESIAN_POINT('',(135.,-111.100001,0.));
#4209 = LINE('',#4210,#4211);
#4210 = CARTESIAN_POINT('',(135.,-111.100001,0.));
#4211 = VECTOR('',#4212,1.);
#4212 = DIRECTION('',(-0.999999999999,1.110675492485E-06,0.));
#4213 = ORIENTED_EDGE('',*,*,#4214,.F.);
#4214 = EDGE_CURVE('',#4215,#4207,#4217,.T.);
#4215 = VERTEX_POINT('',#4216);
#4216 = CARTESIAN_POINT('',(135.900353,-111.1,0.));
#4217 = LINE('',#4218,#4219);
#4218 = CARTESIAN_POINT('',(135.900353,-111.1,0.));
#4219 = VECTOR('',#4220,1.);
#4220 = DIRECTION('',(-0.999999999999,-1.110675492485E-06,0.));
#4221 = ORIENTED_EDGE('',*,*,#4222,.F.);
#4222 = EDGE_CURVE('',#4060,#4215,#4223,.T.);
#4223 = CIRCLE('',#4224,0.299948908718);
#4224 = AXIS2_PLACEMENT_3D('',#4225,#4226,#4227);
#4225 = CARTESIAN_POINT('',(135.90036771791,-110.8000510916,0.));
#4226 = DIRECTION('',(0.,0.,-1.));
#4227 = DIRECTION('',(0.521046343354,-0.853528387388,0.));
#4228 = FACE_BOUND('',#4229,.F.);
#4229 = EDGE_LOOP('',(#4230));
#4230 = ORIENTED_EDGE('',*,*,#4231,.T.);
#4231 = EDGE_CURVE('',#4232,#4232,#4234,.T.);
#4232 = VERTEX_POINT('',#4233);
#4233 = CARTESIAN_POINT('',(128.791221,-106.908779,0.));
#4234 = CIRCLE('',#4235,0.5);
#4235 = AXIS2_PLACEMENT_3D('',#4236,#4237,#4238);
#4236 = CARTESIAN_POINT('',(128.791221,-106.408779,0.));
#4237 = DIRECTION('',(-0.,0.,-1.));
#4238 = DIRECTION('',(-0.,-1.,0.));
#4239 = FACE_BOUND('',#4240,.F.);
#4240 = EDGE_LOOP('',(#4241,#4252,#4261,#4269,#4277,#4286,#4295,#4304,
    #4312,#4320,#4329,#4338,#4347,#4355,#4363,#4372,#4381,#4390,#4398,
    #4406));
#4241 = ORIENTED_EDGE('',*,*,#4242,.F.);
#4242 = EDGE_CURVE('',#4243,#4245,#4247,.T.);
#4243 = VERTEX_POINT('',#4244);
#4244 = CARTESIAN_POINT('',(112.244566,-93.694845,0.));
#4245 = VERTEX_POINT('',#4246);
#4246 = CARTESIAN_POINT('',(111.557287,-94.382123,0.));
#4247 = CIRCLE('',#4248,0.499999045961);
#4248 = AXIS2_PLACEMENT_3D('',#4249,#4250,#4251);
#4249 = CARTESIAN_POINT('',(111.9840624055,-94.12162002646,0.));
#4250 = DIRECTION('',(0.,0.,1.));
#4251 = DIRECTION('',(0.521008183117,0.853551681579,-0.));
#4252 = ORIENTED_EDGE('',*,*,#4253,.F.);
#4253 = EDGE_CURVE('',#4254,#4243,#4256,.T.);
#4254 = VERTEX_POINT('',#4255);
#4255 = CARTESIAN_POINT('',(112.400868,-93.738779,0.));
#4256 = CIRCLE('',#4257,0.300016442166);
#4257 = AXIS2_PLACEMENT_3D('',#4258,#4259,#4260);
#4258 = CARTESIAN_POINT('',(112.40087226474,-93.43876255786,0.));
#4259 = DIRECTION('',(0.,0.,-1.));
#4260 = DIRECTION('',(-1.421505094274E-05,-0.999999999899,-0.));
#4261 = ORIENTED_EDGE('',*,*,#4262,.F.);
#4262 = EDGE_CURVE('',#4263,#4254,#4265,.T.);
#4263 = VERTEX_POINT('',#4264);
#4264 = CARTESIAN_POINT('',(113.101221,-93.738779,0.));
#4265 = LINE('',#4266,#4267);
#4266 = CARTESIAN_POINT('',(113.101221,-93.738779,0.));
#4267 = VECTOR('',#4268,1.);
#4268 = DIRECTION('',(-1.,0.,0.));
#4269 = ORIENTED_EDGE('',*,*,#4270,.F.);
#4270 = EDGE_CURVE('',#4271,#4263,#4273,.T.);
#4271 = VERTEX_POINT('',#4272);
#4272 = CARTESIAN_POINT('',(113.801574,-93.738779,0.));
#4273 = LINE('',#4274,#4275);
#4274 = CARTESIAN_POINT('',(113.801574,-93.738779,0.));
#4275 = VECTOR('',#4276,1.);
#4276 = DIRECTION('',(-1.,0.,0.));
#4277 = ORIENTED_EDGE('',*,*,#4278,.F.);
#4278 = EDGE_CURVE('',#4279,#4271,#4281,.T.);
#4279 = VERTEX_POINT('',#4280);
#4280 = CARTESIAN_POINT('',(113.957876,-93.694845,0.));
#4281 = CIRCLE('',#4282,0.300023425677);
#4282 = AXIS2_PLACEMENT_3D('',#4283,#4284,#4285);
#4283 = CARTESIAN_POINT('',(113.8015677723,-93.43875557438,0.));
#4284 = DIRECTION('',(0.,0.,-1.));
#4285 = DIRECTION('',(0.520986744086,-0.853564767599,0.));
#4286 = ORIENTED_EDGE('',*,*,#4287,.F.);
#4287 = EDGE_CURVE('',#4288,#4279,#4290,.T.);
#4288 = VERTEX_POINT('',#4289);
#4289 = CARTESIAN_POINT('',(114.645154,-94.382125,0.));
#4290 = CIRCLE('',#4291,0.499999386553);
#4291 = AXIS2_PLACEMENT_3D('',#4292,#4293,#4294);
#4292 = CARTESIAN_POINT('',(114.21837892221,-94.12162083585,0.));
#4293 = DIRECTION('',(0.,0.,1.));
#4294 = DIRECTION('',(0.853551202783,-0.521008967512,0.));
#4295 = ORIENTED_EDGE('',*,*,#4296,.F.);
#4296 = EDGE_CURVE('',#4297,#4288,#4299,.T.);
#4297 = VERTEX_POINT('',#4298);
#4298 = CARTESIAN_POINT('',(114.601221,-94.538426,0.));
#4299 = CIRCLE('',#4300,0.300003039275);
#4300 = AXIS2_PLACEMENT_3D('',#4301,#4302,#4303);
#4301 = CARTESIAN_POINT('',(114.90122403927,-94.53842585911,0.));
#4302 = DIRECTION('',(0.,0.,-1.));
#4303 = DIRECTION('',(-1.,-4.696129263895E-07,-0.));
#4304 = ORIENTED_EDGE('',*,*,#4305,.F.);
#4305 = EDGE_CURVE('',#4306,#4297,#4308,.T.);
#4306 = VERTEX_POINT('',#4307);
#4307 = CARTESIAN_POINT('',(114.601221,-95.438778,0.));
#4308 = LINE('',#4309,#4310);
#4309 = CARTESIAN_POINT('',(114.601221,-95.438778,0.));
#4310 = VECTOR('',#4311,1.);
#4311 = DIRECTION('',(0.,1.,0.));
#4312 = ORIENTED_EDGE('',*,*,#4313,.F.);
#4313 = EDGE_CURVE('',#4314,#4306,#4316,.T.);
#4314 = VERTEX_POINT('',#4315);
#4315 = CARTESIAN_POINT('',(114.601221,-96.339132,0.));
#4316 = LINE('',#4317,#4318);
#4317 = CARTESIAN_POINT('',(114.601221,-96.339132,0.));
#4318 = VECTOR('',#4319,1.);
#4319 = DIRECTION('',(0.,1.,0.));
#4320 = ORIENTED_EDGE('',*,*,#4321,.F.);
#4321 = EDGE_CURVE('',#4322,#4314,#4324,.T.);
#4322 = VERTEX_POINT('',#4323);
#4323 = CARTESIAN_POINT('',(114.645155,-96.495435,0.));
#4324 = CIRCLE('',#4325,0.299973743723);
#4325 = AXIS2_PLACEMENT_3D('',#4326,#4327,#4328);
#4326 = CARTESIAN_POINT('',(114.90119474359,-96.33914073707,0.));
#4327 = DIRECTION('',(0.,0.,-1.));
#4328 = DIRECTION('',(-0.85354051464,-0.521026477128,-0.));
#4329 = ORIENTED_EDGE('',*,*,#4330,.F.);
#4330 = EDGE_CURVE('',#4331,#4322,#4333,.T.);
#4331 = VERTEX_POINT('',#4332);
#4332 = CARTESIAN_POINT('',(113.957876,-97.182713,0.));
#4333 = CIRCLE('',#4334,0.499999045961);
#4334 = AXIS2_PLACEMENT_3D('',#4335,#4336,#4337);
#4335 = CARTESIAN_POINT('',(114.21837959449,-96.75593797353,0.));
#4336 = DIRECTION('',(0.,0.,1.));
#4337 = DIRECTION('',(-0.521008183117,-0.853551681579,0.));
#4338 = ORIENTED_EDGE('',*,*,#4339,.F.);
#4339 = EDGE_CURVE('',#4340,#4331,#4342,.T.);
#4340 = VERTEX_POINT('',#4341);
#4341 = CARTESIAN_POINT('',(113.801574,-97.138779,0.));
#4342 = CIRCLE('',#4343,0.300363881974);
#4343 = AXIS2_PLACEMENT_3D('',#4344,#4345,#4346);
#4344 = CARTESIAN_POINT('',(113.80147208031,-97.43914286468,0.));
#4345 = DIRECTION('',(0.,0.,-1.));
#4346 = DIRECTION('',(3.393207146858E-04,0.999999942431,0.));
#4347 = ORIENTED_EDGE('',*,*,#4348,.F.);
#4348 = EDGE_CURVE('',#4349,#4340,#4351,.T.);
#4349 = VERTEX_POINT('',#4350);
#4350 = CARTESIAN_POINT('',(113.101221,-97.138779,0.));
#4351 = LINE('',#4352,#4353);
#4352 = CARTESIAN_POINT('',(113.101221,-97.138779,0.));
#4353 = VECTOR('',#4354,1.);
#4354 = DIRECTION('',(1.,0.,0.));
#4355 = ORIENTED_EDGE('',*,*,#4356,.F.);
#4356 = EDGE_CURVE('',#4357,#4349,#4359,.T.);
#4357 = VERTEX_POINT('',#4358);
#4358 = CARTESIAN_POINT('',(112.400868,-97.138779,0.));
#4359 = LINE('',#4360,#4361);
#4360 = CARTESIAN_POINT('',(112.400868,-97.138779,0.));
#4361 = VECTOR('',#4362,1.);
#4362 = DIRECTION('',(1.,0.,0.));
#4363 = ORIENTED_EDGE('',*,*,#4364,.F.);
#4364 = EDGE_CURVE('',#4365,#4357,#4367,.T.);
#4365 = VERTEX_POINT('',#4366);
#4366 = CARTESIAN_POINT('',(112.244566,-97.182713,0.));
#4367 = CIRCLE('',#4368,0.299991600077);
#4368 = AXIS2_PLACEMENT_3D('',#4369,#4370,#4371);
#4369 = CARTESIAN_POINT('',(112.40086528203,-97.43877060006,0.));
#4370 = DIRECTION('',(0.,0.,-1.));
#4371 = DIRECTION('',(-0.521012195004,0.853549232709,0.));
#4372 = ORIENTED_EDGE('',*,*,#4373,.F.);
#4373 = EDGE_CURVE('',#4374,#4365,#4376,.T.);
#4374 = VERTEX_POINT('',#4375);
#4375 = CARTESIAN_POINT('',(111.557288,-96.495433,0.));
#4376 = CIRCLE('',#4377,0.499998734393);
#4377 = AXIS2_PLACEMENT_3D('',#4378,#4379,#4380);
#4378 = CARTESIAN_POINT('',(111.98406111663,-96.75593912528,0.));
#4379 = DIRECTION('',(0.,0.,1.));
#4380 = DIRECTION('',(-0.853548393783,0.521013569373,0.));
#4381 = ORIENTED_EDGE('',*,*,#4382,.F.);
#4382 = EDGE_CURVE('',#4383,#4374,#4385,.T.);
#4383 = VERTEX_POINT('',#4384);
#4384 = CARTESIAN_POINT('',(111.601221,-96.339132,0.));
#4385 = CIRCLE('',#4386,0.300027883807);
#4386 = AXIS2_PLACEMENT_3D('',#4387,#4388,#4389);
#4387 = CARTESIAN_POINT('',(111.30119311627,-96.33912515762,0.));
#4388 = DIRECTION('',(0.,0.,-1.));
#4389 = DIRECTION('',(0.99999999974,-2.280581391798E-05,0.));
#4390 = ORIENTED_EDGE('',*,*,#4391,.F.);
#4391 = EDGE_CURVE('',#4392,#4383,#4394,.T.);
#4392 = VERTEX_POINT('',#4393);
#4393 = CARTESIAN_POINT('',(111.601221,-95.43878,0.));
#4394 = LINE('',#4395,#4396);
#4395 = CARTESIAN_POINT('',(111.601221,-95.43878,0.));
#4396 = VECTOR('',#4397,1.);
#4397 = DIRECTION('',(0.,-1.,0.));
#4398 = ORIENTED_EDGE('',*,*,#4399,.F.);
#4399 = EDGE_CURVE('',#4400,#4392,#4402,.T.);
#4400 = VERTEX_POINT('',#4401);
#4401 = CARTESIAN_POINT('',(111.601221,-94.538426,0.));
#4402 = LINE('',#4403,#4404);
#4403 = CARTESIAN_POINT('',(111.601221,-94.538426,0.));
#4404 = VECTOR('',#4405,1.);
#4405 = DIRECTION('',(0.,-1.,0.));
#4406 = ORIENTED_EDGE('',*,*,#4407,.F.);
#4407 = EDGE_CURVE('',#4245,#4400,#4408,.T.);
#4408 = CIRCLE('',#4409,0.299998582397);
#4409 = AXIS2_PLACEMENT_3D('',#4410,#4411,#4412);
#4410 = CARTESIAN_POINT('',(111.3012224176,-94.53842424466,0.));
#4411 = DIRECTION('',(0.,0.,-1.));
#4412 = DIRECTION('',(0.853552641302,0.521006610828,0.));
#4413 = FACE_BOUND('',#4414,.F.);
#4414 = EDGE_LOOP('',(#4415,#4426,#4435,#4443,#4451,#4460,#4469,#4478,
    #4486,#4494,#4503,#4512,#4521,#4529,#4537,#4546,#4555,#4564,#4572,
    #4580));
#4415 = ORIENTED_EDGE('',*,*,#4416,.F.);
#4416 = EDGE_CURVE('',#4417,#4419,#4421,.T.);
#4417 = VERTEX_POINT('',#4418);
#4418 = CARTESIAN_POINT('',(125.714566,-83.604845,0.));
#4419 = VERTEX_POINT('',#4420);
#4420 = CARTESIAN_POINT('',(125.027287,-84.292124,0.));
#4421 = CIRCLE('',#4422,0.499998734392);
#4422 = AXIS2_PLACEMENT_3D('',#4423,#4424,#4425);
#4423 = CARTESIAN_POINT('',(125.45406049567,-84.03161849567,0.));
#4424 = DIRECTION('',(0.,0.,1.));
#4425 = DIRECTION('',(0.521012327448,0.853549151864,-0.));
#4426 = ORIENTED_EDGE('',*,*,#4427,.F.);
#4427 = EDGE_CURVE('',#4428,#4417,#4430,.T.);
#4428 = VERTEX_POINT('',#4429);
#4429 = CARTESIAN_POINT('',(125.870868,-83.648779,0.));
#4430 = CIRCLE('',#4431,0.300023425677);
#4431 = AXIS2_PLACEMENT_3D('',#4432,#4433,#4434);
#4432 = CARTESIAN_POINT('',(125.87087422769,-83.34875557438,0.));
#4433 = DIRECTION('',(0.,0.,-1.));
#4434 = DIRECTION('',(-2.075735531735E-05,-0.999999999785,-0.));
#4435 = ORIENTED_EDGE('',*,*,#4436,.F.);
#4436 = EDGE_CURVE('',#4437,#4428,#4439,.T.);
#4437 = VERTEX_POINT('',#4438);
#4438 = CARTESIAN_POINT('',(126.771221,-83.648779,0.));
#4439 = LINE('',#4440,#4441);
#4440 = CARTESIAN_POINT('',(126.771221,-83.648779,0.));
#4441 = VECTOR('',#4442,1.);
#4442 = DIRECTION('',(-1.,0.,0.));
#4443 = ORIENTED_EDGE('',*,*,#4444,.F.);
#4444 = EDGE_CURVE('',#4445,#4437,#4447,.T.);
#4445 = VERTEX_POINT('',#4446);
#4446 = CARTESIAN_POINT('',(127.671574,-83.648779,0.));
#4447 = LINE('',#4448,#4449);
#4448 = CARTESIAN_POINT('',(127.671574,-83.648779,0.));
#4449 = VECTOR('',#4450,1.);
#4450 = DIRECTION('',(-1.,0.,0.));
#4451 = ORIENTED_EDGE('',*,*,#4452,.F.);
#4452 = EDGE_CURVE('',#4453,#4445,#4455,.T.);
#4453 = VERTEX_POINT('',#4454);
#4454 = CARTESIAN_POINT('',(127.827876,-83.604845,0.));
#4455 = CIRCLE('',#4456,0.299991600078);
#4456 = AXIS2_PLACEMENT_3D('',#4457,#4458,#4459);
#4457 = CARTESIAN_POINT('',(127.67157671796,-83.34878739993,0.));
#4458 = DIRECTION('',(0.,0.,-1.));
#4459 = DIRECTION('',(0.521012195003,-0.853549232709,0.));
#4460 = ORIENTED_EDGE('',*,*,#4461,.F.);
#4461 = EDGE_CURVE('',#4462,#4453,#4464,.T.);
#4462 = VERTEX_POINT('',#4463);
#4463 = CARTESIAN_POINT('',(128.515155,-84.292124,0.));
#4464 = CIRCLE('',#4465,0.499999603944);
#4465 = AXIS2_PLACEMENT_3D('',#4466,#4467,#4468);
#4466 = CARTESIAN_POINT('',(128.08837888946,-84.03162111054,0.));
#4467 = DIRECTION('',(0.,0.,1.));
#4468 = DIRECTION('',(0.853552897188,-0.521006191616,0.));
#4469 = ORIENTED_EDGE('',*,*,#4470,.F.);
#4470 = EDGE_CURVE('',#4471,#4462,#4473,.T.);
#4471 = VERTEX_POINT('',#4472);
#4472 = CARTESIAN_POINT('',(128.471221,-84.448426,0.));
#4473 = CIRCLE('',#4474,0.299991600078);
#4474 = AXIS2_PLACEMENT_3D('',#4475,#4476,#4477);
#4475 = CARTESIAN_POINT('',(128.77121260006,-84.44842328203,0.));
#4476 = DIRECTION('',(0.,0.,-1.));
#4477 = DIRECTION('',(-0.999999999959,-9.060123525084E-06,-0.));
#4478 = ORIENTED_EDGE('',*,*,#4479,.F.);
#4479 = EDGE_CURVE('',#4480,#4471,#4482,.T.);
#4480 = VERTEX_POINT('',#4481);
#4481 = CARTESIAN_POINT('',(128.471221,-85.148779,0.));
#4482 = LINE('',#4483,#4484);
#4483 = CARTESIAN_POINT('',(128.471221,-85.148779,0.));
#4484 = VECTOR('',#4485,1.);
#4485 = DIRECTION('',(0.,1.,0.));
#4486 = ORIENTED_EDGE('',*,*,#4487,.F.);
#4487 = EDGE_CURVE('',#4488,#4480,#4490,.T.);
#4488 = VERTEX_POINT('',#4489);
#4489 = CARTESIAN_POINT('',(128.471221,-85.849132,0.));
#4490 = LINE('',#4491,#4492);
#4491 = CARTESIAN_POINT('',(128.471221,-85.849132,0.));
#4492 = VECTOR('',#4493,1.);
#4493 = DIRECTION('',(0.,1.,0.));
#4494 = ORIENTED_EDGE('',*,*,#4495,.F.);
#4495 = EDGE_CURVE('',#4496,#4488,#4498,.T.);
#4496 = VERTEX_POINT('',#4497);
#4497 = CARTESIAN_POINT('',(128.515155,-86.005434,0.));
#4498 = CIRCLE('',#4499,0.299991600078);
#4499 = AXIS2_PLACEMENT_3D('',#4500,#4501,#4502);
#4500 = CARTESIAN_POINT('',(128.77121260006,-85.84913471796,0.));
#4501 = DIRECTION('',(0.,0.,-1.));
#4502 = DIRECTION('',(-0.853549232709,-0.521012195003,-0.));
#4503 = ORIENTED_EDGE('',*,*,#4504,.F.);
#4504 = EDGE_CURVE('',#4505,#4496,#4507,.T.);
#4505 = VERTEX_POINT('',#4506);
#4506 = CARTESIAN_POINT('',(127.827876,-86.692713,0.));
#4507 = CIRCLE('',#4508,0.499999603944);
#4508 = AXIS2_PLACEMENT_3D('',#4509,#4510,#4511);
#4509 = CARTESIAN_POINT('',(128.08837888946,-86.26593688946,0.));
#4510 = DIRECTION('',(0.,0.,1.));
#4511 = DIRECTION('',(-0.521006191616,-0.853552897188,0.));
#4512 = ORIENTED_EDGE('',*,*,#4513,.F.);
#4513 = EDGE_CURVE('',#4514,#4505,#4516,.T.);
#4514 = VERTEX_POINT('',#4515);
#4515 = CARTESIAN_POINT('',(127.671574,-86.648779,0.));
#4516 = CIRCLE('',#4517,0.299991600078);
#4517 = AXIS2_PLACEMENT_3D('',#4518,#4519,#4520);
#4518 = CARTESIAN_POINT('',(127.67157671796,-86.94877060006,0.));
#4519 = DIRECTION('',(0.,0.,-1.));
#4520 = DIRECTION('',(-9.060123525086E-06,0.999999999959,0.));
#4521 = ORIENTED_EDGE('',*,*,#4522,.F.);
#4522 = EDGE_CURVE('',#4523,#4514,#4525,.T.);
#4523 = VERTEX_POINT('',#4524);
#4524 = CARTESIAN_POINT('',(126.771221,-86.648779,0.));
#4525 = LINE('',#4526,#4527);
#4526 = CARTESIAN_POINT('',(126.771221,-86.648779,0.));
#4527 = VECTOR('',#4528,1.);
#4528 = DIRECTION('',(1.,0.,0.));
#4529 = ORIENTED_EDGE('',*,*,#4530,.F.);
#4530 = EDGE_CURVE('',#4531,#4523,#4533,.T.);
#4531 = VERTEX_POINT('',#4532);
#4532 = CARTESIAN_POINT('',(125.870868,-86.648779,0.));
#4533 = LINE('',#4534,#4535);
#4534 = CARTESIAN_POINT('',(125.870868,-86.648779,0.));
#4535 = VECTOR('',#4536,1.);
#4536 = DIRECTION('',(1.,0.,0.));
#4537 = ORIENTED_EDGE('',*,*,#4538,.F.);
#4538 = EDGE_CURVE('',#4539,#4531,#4541,.T.);
#4539 = VERTEX_POINT('',#4540);
#4540 = CARTESIAN_POINT('',(125.714566,-86.692713,0.));
#4541 = CIRCLE('',#4542,0.299966762338);
#4542 = AXIS2_PLACEMENT_3D('',#4543,#4544,#4545);
#4543 = CARTESIAN_POINT('',(125.8708583005,-86.94874576218,0.));
#4544 = DIRECTION('',(0.,0.,-1.));
#4545 = DIRECTION('',(-0.521032061311,0.853537105864,0.));
#4546 = ORIENTED_EDGE('',*,*,#4547,.F.);
#4547 = EDGE_CURVE('',#4548,#4539,#4550,.T.);
#4548 = VERTEX_POINT('',#4549);
#4549 = CARTESIAN_POINT('',(125.027287,-86.005434,0.));
#4550 = CIRCLE('',#4551,0.499999603944);
#4551 = AXIS2_PLACEMENT_3D('',#4552,#4553,#4554);
#4552 = CARTESIAN_POINT('',(125.45406311054,-86.26593688946,0.));
#4553 = DIRECTION('',(0.,0.,1.));
#4554 = DIRECTION('',(-0.853552897188,0.521006191616,0.));
#4555 = ORIENTED_EDGE('',*,*,#4556,.F.);
#4556 = EDGE_CURVE('',#4557,#4548,#4559,.T.);
#4557 = VERTEX_POINT('',#4558);
#4558 = CARTESIAN_POINT('',(125.071221,-85.849132,0.));
#4559 = CIRCLE('',#4560,0.299683785035);
#4560 = AXIS2_PLACEMENT_3D('',#4561,#4562,#4563);
#4561 = CARTESIAN_POINT('',(124.77153722825,-85.84922124359,0.));
#4562 = DIRECTION('',(0.,0.,-1.));
#4563 = DIRECTION('',(0.99999995566,2.97792531739E-04,0.));
#4564 = ORIENTED_EDGE('',*,*,#4565,.F.);
#4565 = EDGE_CURVE('',#4566,#4557,#4568,.T.);
#4566 = VERTEX_POINT('',#4567);
#4567 = CARTESIAN_POINT('',(125.071221,-85.148779,0.));
#4568 = LINE('',#4569,#4570);
#4569 = CARTESIAN_POINT('',(125.071221,-85.148779,0.));
#4570 = VECTOR('',#4571,1.);
#4571 = DIRECTION('',(0.,-1.,0.));
#4572 = ORIENTED_EDGE('',*,*,#4573,.F.);
#4573 = EDGE_CURVE('',#4574,#4566,#4576,.T.);
#4574 = VERTEX_POINT('',#4575);
#4575 = CARTESIAN_POINT('',(125.071221,-84.448426,0.));
#4576 = LINE('',#4577,#4578);
#4577 = CARTESIAN_POINT('',(125.071221,-84.448426,0.));
#4578 = VECTOR('',#4579,1.);
#4579 = DIRECTION('',(0.,-1.,0.));
#4580 = ORIENTED_EDGE('',*,*,#4581,.F.);
#4581 = EDGE_CURVE('',#4419,#4574,#4582,.T.);
#4582 = CIRCLE('',#4583,0.299966762338);
#4583 = AXIS2_PLACEMENT_3D('',#4584,#4585,#4586);
#4584 = CARTESIAN_POINT('',(124.77125423781,-84.4484163005,0.));
#4585 = DIRECTION('',(0.,0.,-1.));
#4586 = DIRECTION('',(0.853537105864,0.521032061311,0.));
#4587 = FACE_BOUND('',#4588,.F.);
#4588 = EDGE_LOOP('',(#4589,#4600,#4609,#4617,#4625,#4634,#4643,#4652,
    #4660,#4668,#4677,#4686,#4695,#4703,#4711,#4720,#4729,#4738,#4746,
    #4754));
#4589 = ORIENTED_EDGE('',*,*,#4590,.F.);
#4590 = EDGE_CURVE('',#4591,#4593,#4595,.T.);
#4591 = VERTEX_POINT('',#4592);
#4592 = CARTESIAN_POINT('',(140.064566,-94.064845,0.));
#4593 = VERTEX_POINT('',#4594);
#4594 = CARTESIAN_POINT('',(139.377287,-94.752124,0.));
#4595 = CIRCLE('',#4596,0.499999386553);
#4596 = AXIS2_PLACEMENT_3D('',#4597,#4598,#4599);
#4597 = CARTESIAN_POINT('',(139.80406245682,-94.49162045682,0.));
#4598 = DIRECTION('',(0.,0.,1.));
#4599 = DIRECTION('',(0.52100772558,0.853551960859,-0.));
#4600 = ORIENTED_EDGE('',*,*,#4601,.F.);
#4601 = EDGE_CURVE('',#4602,#4591,#4604,.T.);
#4602 = VERTEX_POINT('',#4603);
#4603 = CARTESIAN_POINT('',(140.220868,-94.108779,0.));
#4604 = CIRCLE('',#4605,0.300381788124);
#4605 = AXIS2_PLACEMENT_3D('',#4606,#4607,#4608);
#4606 = CARTESIAN_POINT('',(140.22097495232,-93.80839723091,0.));
#4607 = DIRECTION('',(0.,0.,-1.));
#4608 = DIRECTION('',(-3.560546384349E-04,-0.999999936613,-0.));
#4609 = ORIENTED_EDGE('',*,*,#4610,.F.);
#4610 = EDGE_CURVE('',#4611,#4602,#4613,.T.);
#4611 = VERTEX_POINT('',#4612);
#4612 = CARTESIAN_POINT('',(140.921221,-94.108779,0.));
#4613 = LINE('',#4614,#4615);
#4614 = CARTESIAN_POINT('',(140.921221,-94.108779,0.));
#4615 = VECTOR('',#4616,1.);
#4616 = DIRECTION('',(-1.,0.,0.));
#4617 = ORIENTED_EDGE('',*,*,#4618,.F.);
#4618 = EDGE_CURVE('',#4619,#4611,#4621,.T.);
#4619 = VERTEX_POINT('',#4620);
#4620 = CARTESIAN_POINT('',(141.621574,-94.108779,0.));
#4621 = LINE('',#4622,#4623);
#4622 = CARTESIAN_POINT('',(141.621574,-94.108779,0.));
#4623 = VECTOR('',#4624,1.);
#4624 = DIRECTION('',(-1.,0.,0.));
#4625 = ORIENTED_EDGE('',*,*,#4626,.F.);
#4626 = EDGE_CURVE('',#4627,#4619,#4629,.T.);
#4627 = VERTEX_POINT('',#4628);
#4628 = CARTESIAN_POINT('',(141.777876,-94.064845,0.));
#4629 = CIRCLE('',#4630,0.300016442166);
#4630 = AXIS2_PLACEMENT_3D('',#4631,#4632,#4633);
#4631 = CARTESIAN_POINT('',(141.62156973525,-93.80876255786,0.));
#4632 = DIRECTION('',(0.,0.,-1.));
#4633 = DIRECTION('',(0.520992328355,-0.853561359127,0.));
#4634 = ORIENTED_EDGE('',*,*,#4635,.F.);
#4635 = EDGE_CURVE('',#4636,#4627,#4638,.T.);
#4636 = VERTEX_POINT('',#4637);
#4637 = CARTESIAN_POINT('',(142.465153,-94.752125,0.));
#4638 = CIRCLE('',#4639,0.499998393801);
#4639 = AXIS2_PLACEMENT_3D('',#4640,#4641,#4642);
#4640 = CARTESIAN_POINT('',(142.03838031372,-94.49161882339,0.));
#4641 = DIRECTION('',(0.,0.,1.));
#4642 = DIRECTION('',(0.853548114497,-0.521014026911,0.));
#4643 = ORIENTED_EDGE('',*,*,#4644,.F.);
#4644 = EDGE_CURVE('',#4645,#4636,#4647,.T.);
#4645 = VERTEX_POINT('',#4646);
#4646 = CARTESIAN_POINT('',(142.421221,-94.908426,0.));
#4647 = CIRCLE('',#4648,0.300046310824);
#4648 = AXIS2_PLACEMENT_3D('',#4649,#4650,#4651);
#4649 = CARTESIAN_POINT('',(142.72126731064,-94.90843638321,0.));
#4650 = DIRECTION('',(0.,0.,-1.));
#4651 = DIRECTION('',(-0.999999999401,3.460537095742E-05,0.));
#4652 = ORIENTED_EDGE('',*,*,#4653,.F.);
#4653 = EDGE_CURVE('',#4654,#4645,#4656,.T.);
#4654 = VERTEX_POINT('',#4655);
#4655 = CARTESIAN_POINT('',(142.421221,-95.80878,0.));
#4656 = LINE('',#4657,#4658);
#4657 = CARTESIAN_POINT('',(142.421221,-95.80878,0.));
#4658 = VECTOR('',#4659,1.);
#4659 = DIRECTION('',(0.,1.,0.));
#4660 = ORIENTED_EDGE('',*,*,#4661,.F.);
#4661 = EDGE_CURVE('',#4662,#4654,#4664,.T.);
#4662 = VERTEX_POINT('',#4663);
#4663 = CARTESIAN_POINT('',(142.421221,-96.709132,0.));
#4664 = LINE('',#4665,#4666);
#4665 = CARTESIAN_POINT('',(142.421221,-96.709132,0.));
#4666 = VECTOR('',#4667,1.);
#4667 = DIRECTION('',(0.,1.,0.));
#4668 = ORIENTED_EDGE('',*,*,#4669,.F.);
#4669 = EDGE_CURVE('',#4670,#4662,#4672,.T.);
#4670 = VERTEX_POINT('',#4671);
#4671 = CARTESIAN_POINT('',(142.465155,-96.865434,0.));
#4672 = CIRCLE('',#4673,0.300016442166);
#4673 = AXIS2_PLACEMENT_3D('',#4674,#4675,#4676);
#4674 = CARTESIAN_POINT('',(142.72123744213,-96.70912773525,0.));
#4675 = DIRECTION('',(0.,0.,-1.));
#4676 = DIRECTION('',(-0.853561359127,-0.520992328355,-0.));
#4677 = ORIENTED_EDGE('',*,*,#4678,.F.);
#4678 = EDGE_CURVE('',#4679,#4670,#4681,.T.);
#4679 = VERTEX_POINT('',#4680);
#4680 = CARTESIAN_POINT('',(141.777876,-97.552713,0.));
#4681 = CIRCLE('',#4682,0.499999386553);
#4682 = AXIS2_PLACEMENT_3D('',#4683,#4684,#4685);
#4683 = CARTESIAN_POINT('',(142.03837954318,-97.12593754318,0.));
#4684 = DIRECTION('',(0.,0.,1.));
#4685 = DIRECTION('',(-0.52100772558,-0.853551960859,0.));
#4686 = ORIENTED_EDGE('',*,*,#4687,.F.);
#4687 = EDGE_CURVE('',#4688,#4679,#4690,.T.);
#4688 = VERTEX_POINT('',#4689);
#4689 = CARTESIAN_POINT('',(141.621574,-97.508779,0.));
#4690 = CIRCLE('',#4691,0.300023425677);
#4691 = AXIS2_PLACEMENT_3D('',#4692,#4693,#4694);
#4692 = CARTESIAN_POINT('',(141.6215677723,-97.80880242561,0.));
#4693 = DIRECTION('',(0.,0.,-1.));
#4694 = DIRECTION('',(2.075735508053E-05,0.999999999785,0.));
#4695 = ORIENTED_EDGE('',*,*,#4696,.F.);
#4696 = EDGE_CURVE('',#4697,#4688,#4699,.T.);
#4697 = VERTEX_POINT('',#4698);
#4698 = CARTESIAN_POINT('',(140.921221,-97.508779,0.));
#4699 = LINE('',#4700,#4701);
#4700 = CARTESIAN_POINT('',(140.921221,-97.508779,0.));
#4701 = VECTOR('',#4702,1.);
#4702 = DIRECTION('',(1.,0.,0.));
#4703 = ORIENTED_EDGE('',*,*,#4704,.F.);
#4704 = EDGE_CURVE('',#4705,#4697,#4707,.T.);
#4705 = VERTEX_POINT('',#4706);
#4706 = CARTESIAN_POINT('',(140.220868,-97.508779,0.));
#4707 = LINE('',#4708,#4709);
#4708 = CARTESIAN_POINT('',(140.220868,-97.508779,0.));
#4709 = VECTOR('',#4710,1.);
#4710 = DIRECTION('',(1.,0.,0.));
#4711 = ORIENTED_EDGE('',*,*,#4712,.F.);
#4712 = EDGE_CURVE('',#4713,#4705,#4715,.T.);
#4713 = VERTEX_POINT('',#4714);
#4714 = CARTESIAN_POINT('',(140.064566,-97.552713,0.));
#4715 = CIRCLE('',#4716,0.300016442166);
#4716 = AXIS2_PLACEMENT_3D('',#4717,#4718,#4719);
#4717 = CARTESIAN_POINT('',(140.22087226474,-97.80879544213,0.));
#4718 = DIRECTION('',(0.,0.,-1.));
#4719 = DIRECTION('',(-0.520992328355,0.853561359127,0.));
#4720 = ORIENTED_EDGE('',*,*,#4721,.F.);
#4721 = EDGE_CURVE('',#4722,#4713,#4724,.T.);
#4722 = VERTEX_POINT('',#4723);
#4723 = CARTESIAN_POINT('',(139.377289,-96.865433,0.));
#4724 = CIRCLE('',#4725,0.499998828572);
#4725 = AXIS2_PLACEMENT_3D('',#4726,#4727,#4728);
#4726 = CARTESIAN_POINT('',(139.80406299371,-97.12593786917,0.));
#4727 = DIRECTION('',(0.,0.,1.));
#4728 = DIRECTION('',(-0.853549987165,0.521010959012,0.));
#4729 = ORIENTED_EDGE('',*,*,#4730,.F.);
#4730 = EDGE_CURVE('',#4731,#4722,#4733,.T.);
#4731 = VERTEX_POINT('',#4732);
#4732 = CARTESIAN_POINT('',(139.421221,-96.709132,0.));
#4733 = CIRCLE('',#4734,0.300014479647);
#4734 = AXIS2_PLACEMENT_3D('',#4735,#4736,#4737);
#4735 = CARTESIAN_POINT('',(139.12120652035,-96.70913056362,0.));
#4736 = DIRECTION('',(0.,0.,-1.));
#4737 = DIRECTION('',(0.999999999989,-4.787693027209E-06,0.));
#4738 = ORIENTED_EDGE('',*,*,#4739,.F.);
#4739 = EDGE_CURVE('',#4740,#4731,#4742,.T.);
#4740 = VERTEX_POINT('',#4741);
#4741 = CARTESIAN_POINT('',(139.421221,-95.808778,0.));
#4742 = LINE('',#4743,#4744);
#4743 = CARTESIAN_POINT('',(139.421221,-95.808778,0.));
#4744 = VECTOR('',#4745,1.);
#4745 = DIRECTION('',(0.,-1.,0.));
#4746 = ORIENTED_EDGE('',*,*,#4747,.F.);
#4747 = EDGE_CURVE('',#4748,#4740,#4750,.T.);
#4748 = VERTEX_POINT('',#4749);
#4749 = CARTESIAN_POINT('',(139.421221,-94.908426,0.));
#4750 = LINE('',#4751,#4752);
#4751 = CARTESIAN_POINT('',(139.421221,-94.908426,0.));
#4752 = VECTOR('',#4753,1.);
#4753 = DIRECTION('',(0.,-1.,0.));
#4754 = ORIENTED_EDGE('',*,*,#4755,.F.);
#4755 = EDGE_CURVE('',#4593,#4748,#4756,.T.);
#4756 = CIRCLE('',#4757,0.300016442166);
#4757 = AXIS2_PLACEMENT_3D('',#4758,#4759,#4760);
#4758 = CARTESIAN_POINT('',(139.12120455786,-94.90843026474,0.));
#4759 = DIRECTION('',(0.,0.,-1.));
#4760 = DIRECTION('',(0.853561359127,0.520992328355,0.));
#4761 = PLANE('',#4762);
#4762 = AXIS2_PLACEMENT_3D('',#4763,#4764,#4765);
#4763 = CARTESIAN_POINT('',(0.,0.,0.));
#4764 = DIRECTION('',(0.,0.,1.));
#4765 = DIRECTION('',(1.,0.,-0.));
#4766 = ADVANCED_FACE('',(#4767,#4770,#4944,#4955,#4966,#5140,#5151,
    #5325,#5499),#5673,.T.);
#4767 = FACE_BOUND('',#4768,.T.);
#4768 = EDGE_LOOP('',(#4769));
#4769 = ORIENTED_EDGE('',*,*,#3835,.T.);
#4770 = FACE_BOUND('',#4771,.T.);
#4771 = EDGE_LOOP('',(#4772,#4783,#4792,#4800,#4808,#4817,#4826,#4835,
    #4843,#4851,#4860,#4869,#4878,#4886,#4894,#4903,#4912,#4921,#4929,
    #4937));
#4772 = ORIENTED_EDGE('',*,*,#4773,.F.);
#4773 = EDGE_CURVE('',#4774,#4776,#4778,.T.);
#4774 = VERTEX_POINT('',#4775);
#4775 = CARTESIAN_POINT('',(119.785155,-111.532124,1.51));
#4776 = VERTEX_POINT('',#4777);
#4777 = CARTESIAN_POINT('',(119.097875,-110.844845,1.51));
#4778 = CIRCLE('',#4779,0.50000016193);
#4779 = AXIS2_PLACEMENT_3D('',#4780,#4781,#4782);
#4780 = CARTESIAN_POINT('',(119.35837780538,-111.2716218155,1.51));
#4781 = DIRECTION('',(0.,0.,1.));
#4782 = DIRECTION('',(0.853554112792,-0.521004200113,0.));
#4783 = ORIENTED_EDGE('',*,*,#4784,.F.);
#4784 = EDGE_CURVE('',#4785,#4774,#4787,.T.);
#4785 = VERTEX_POINT('',#4786);
#4786 = CARTESIAN_POINT('',(119.741221,-111.688426,1.51));
#4787 = CIRCLE('',#4788,0.299690752285);
#4788 = AXIS2_PLACEMENT_3D('',#4789,#4790,#4791);
#4789 = CARTESIAN_POINT('',(120.04091173957,-111.6883387149,1.51));
#4790 = DIRECTION('',(0.,0.,-1.));
#4791 = DIRECTION('',(-0.999999957587,-2.912503875246E-04,-0.));
#4792 = ORIENTED_EDGE('',*,*,#4793,.F.);
#4793 = EDGE_CURVE('',#4794,#4785,#4796,.T.);
#4794 = VERTEX_POINT('',#4795);
#4795 = CARTESIAN_POINT('',(119.741221,-112.388779,1.51));
#4796 = LINE('',#4797,#4798);
#4797 = CARTESIAN_POINT('',(119.741221,-112.388779,1.51));
#4798 = VECTOR('',#4799,1.);
#4799 = DIRECTION('',(0.,1.,0.));
#4800 = ORIENTED_EDGE('',*,*,#4801,.F.);
#4801 = EDGE_CURVE('',#4802,#4794,#4804,.T.);
#4802 = VERTEX_POINT('',#4803);
#4803 = CARTESIAN_POINT('',(119.74122,-113.089132,1.51));
#4804 = LINE('',#4805,#4806);
#4805 = CARTESIAN_POINT('',(119.74122,-113.089132,1.51));
#4806 = VECTOR('',#4807,1.);
#4807 = DIRECTION('',(1.42785137991E-06,0.999999999999,0.));
#4808 = ORIENTED_EDGE('',*,*,#4809,.F.);
#4809 = EDGE_CURVE('',#4810,#4802,#4812,.T.);
#4810 = VERTEX_POINT('',#4811);
#4811 = CARTESIAN_POINT('',(119.785155,-113.245434,1.51));
#4812 = CIRCLE('',#4813,0.299980161927);
#4813 = AXIS2_PLACEMENT_3D('',#4814,#4815,#4816);
#4814 = CARTESIAN_POINT('',(120.04120016189,-113.0891362949,1.51));
#4815 = DIRECTION('',(0.,0.,-1.));
#4816 = DIRECTION('',(-0.853540314971,-0.521026804224,-0.));
#4817 = ORIENTED_EDGE('',*,*,#4818,.F.);
#4818 = EDGE_CURVE('',#4819,#4810,#4821,.T.);
#4819 = VERTEX_POINT('',#4820);
#4820 = CARTESIAN_POINT('',(119.097876,-113.932713,1.51));
#4821 = CIRCLE('',#4822,0.499998734392);
#4822 = AXIS2_PLACEMENT_3D('',#4823,#4824,#4825);
#4823 = CARTESIAN_POINT('',(119.35838150432,-113.5059395043,1.51));
#4824 = DIRECTION('',(0.,0.,1.));
#4825 = DIRECTION('',(-0.521012327448,-0.853549151864,0.));
#4826 = ORIENTED_EDGE('',*,*,#4827,.F.);
#4827 = EDGE_CURVE('',#4828,#4819,#4830,.T.);
#4828 = VERTEX_POINT('',#4829);
#4829 = CARTESIAN_POINT('',(118.941574,-113.888779,1.51));
#4830 = CIRCLE('',#4831,0.300023425677);
#4831 = AXIS2_PLACEMENT_3D('',#4832,#4833,#4834);
#4832 = CARTESIAN_POINT('',(118.9415677723,-114.1888024256,1.51));
#4833 = DIRECTION('',(0.,0.,-1.));
#4834 = DIRECTION('',(2.075735545944E-05,0.999999999785,0.));
#4835 = ORIENTED_EDGE('',*,*,#4836,.F.);
#4836 = EDGE_CURVE('',#4837,#4828,#4839,.T.);
#4837 = VERTEX_POINT('',#4838);
#4838 = CARTESIAN_POINT('',(118.041221,-113.888778,1.51));
#4839 = LINE('',#4840,#4841);
#4840 = CARTESIAN_POINT('',(118.041221,-113.888778,1.51));
#4841 = VECTOR('',#4842,1.);
#4842 = DIRECTION('',(0.999999999999,-1.110675476701E-06,0.));
#4843 = ORIENTED_EDGE('',*,*,#4844,.F.);
#4844 = EDGE_CURVE('',#4845,#4837,#4847,.T.);
#4845 = VERTEX_POINT('',#4846);
#4846 = CARTESIAN_POINT('',(117.140868,-113.888779,1.51));
#4847 = LINE('',#4848,#4849);
#4848 = CARTESIAN_POINT('',(117.140868,-113.888779,1.51));
#4849 = VECTOR('',#4850,1.);
#4850 = DIRECTION('',(0.999999999999,1.110675476702E-06,0.));
#4851 = ORIENTED_EDGE('',*,*,#4852,.F.);
#4852 = EDGE_CURVE('',#4853,#4845,#4855,.T.);
#4853 = VERTEX_POINT('',#4854);
#4854 = CARTESIAN_POINT('',(116.984567,-113.932713,1.51));
#4855 = CIRCLE('',#4856,0.299991599978);
#4856 = AXIS2_PLACEMENT_3D('',#4857,#4858,#4859);
#4857 = CARTESIAN_POINT('',(117.14086628199,-114.1887705999,1.51));
#4858 = DIRECTION('',(0.,0.,-1.));
#4859 = DIRECTION('',(-0.521012195043,0.853549232685,0.));
#4860 = ORIENTED_EDGE('',*,*,#4861,.F.);
#4861 = EDGE_CURVE('',#4862,#4853,#4864,.T.);
#4862 = VERTEX_POINT('',#4863);
#4863 = CARTESIAN_POINT('',(116.297287,-113.245434,1.51));
#4864 = CIRCLE('',#4865,0.50000016193);
#4865 = AXIS2_PLACEMENT_3D('',#4866,#4867,#4868);
#4866 = CARTESIAN_POINT('',(116.72406419461,-113.5059361844,1.51));
#4867 = DIRECTION('',(0.,0.,1.));
#4868 = DIRECTION('',(-0.853554112792,0.521004200113,0.));
#4869 = ORIENTED_EDGE('',*,*,#4870,.F.);
#4870 = EDGE_CURVE('',#4871,#4862,#4873,.T.);
#4871 = VERTEX_POINT('',#4872);
#4872 = CARTESIAN_POINT('',(116.341221,-113.089132,1.51));
#4873 = CIRCLE('',#4874,0.300023425677);
#4874 = AXIS2_PLACEMENT_3D('',#4875,#4876,#4877);
#4875 = CARTESIAN_POINT('',(116.04119757438,-113.0891257723,1.51));
#4876 = DIRECTION('',(0.,0.,-1.));
#4877 = DIRECTION('',(0.999999999785,-2.075735545944E-05,0.));
#4878 = ORIENTED_EDGE('',*,*,#4879,.F.);
#4879 = EDGE_CURVE('',#4880,#4871,#4882,.T.);
#4880 = VERTEX_POINT('',#4881);
#4881 = CARTESIAN_POINT('',(116.341221,-112.388779,1.51));
#4882 = LINE('',#4883,#4884);
#4883 = CARTESIAN_POINT('',(116.341221,-112.388779,1.51));
#4884 = VECTOR('',#4885,1.);
#4885 = DIRECTION('',(0.,-1.,0.));
#4886 = ORIENTED_EDGE('',*,*,#4887,.F.);
#4887 = EDGE_CURVE('',#4888,#4880,#4890,.T.);
#4888 = VERTEX_POINT('',#4889);
#4889 = CARTESIAN_POINT('',(116.341222,-111.688426,1.51));
#4890 = LINE('',#4891,#4892);
#4891 = CARTESIAN_POINT('',(116.341222,-111.688426,1.51));
#4892 = VECTOR('',#4893,1.);
#4893 = DIRECTION('',(-1.42785137991E-06,-0.999999999999,0.));
#4894 = ORIENTED_EDGE('',*,*,#4895,.F.);
#4895 = EDGE_CURVE('',#4896,#4888,#4898,.T.);
#4896 = VERTEX_POINT('',#4897);
#4897 = CARTESIAN_POINT('',(116.297287,-111.532124,1.51));
#4898 = CIRCLE('',#4899,0.300005001885);
#4899 = AXIS2_PLACEMENT_3D('',#4900,#4901,#4902);
#4900 = CARTESIAN_POINT('',(116.04121699812,-111.6884286873,1.51));
#4901 = DIRECTION('',(0.,0.,-1.));
#4902 = DIRECTION('',(0.853552441673,0.521006937876,0.));
#4903 = ORIENTED_EDGE('',*,*,#4904,.F.);
#4904 = EDGE_CURVE('',#4905,#4896,#4907,.T.);
#4905 = VERTEX_POINT('',#4906);
#4906 = CARTESIAN_POINT('',(116.984566,-110.844845,1.51));
#4907 = CIRCLE('',#4908,0.499999821338);
#4908 = AXIS2_PLACEMENT_3D('',#4909,#4910,#4911);
#4909 = CARTESIAN_POINT('',(116.72406376426,-111.2716217642,1.51));
#4910 = DIRECTION('',(0.,0.,1.));
#4911 = DIRECTION('',(0.521004657649,0.853553833515,-0.));
#4912 = ORIENTED_EDGE('',*,*,#4913,.F.);
#4913 = EDGE_CURVE('',#4914,#4905,#4916,.T.);
#4914 = VERTEX_POINT('',#4915);
#4915 = CARTESIAN_POINT('',(117.140868,-110.888779,1.51));
#4916 = CIRCLE('',#4917,0.300016442167);
#4917 = AXIS2_PLACEMENT_3D('',#4918,#4919,#4920);
#4918 = CARTESIAN_POINT('',(117.14087226474,-110.5887625578,1.51));
#4919 = DIRECTION('',(0.,0.,-1.));
#4920 = DIRECTION('',(-1.421505136902E-05,-0.999999999899,-0.));
#4921 = ORIENTED_EDGE('',*,*,#4922,.F.);
#4922 = EDGE_CURVE('',#4923,#4914,#4925,.T.);
#4923 = VERTEX_POINT('',#4924);
#4924 = CARTESIAN_POINT('',(118.041221,-110.88878,1.51));
#4925 = LINE('',#4926,#4927);
#4926 = CARTESIAN_POINT('',(118.041221,-110.88878,1.51));
#4927 = VECTOR('',#4928,1.);
#4928 = DIRECTION('',(-0.999999999999,1.110675476702E-06,0.));
#4929 = ORIENTED_EDGE('',*,*,#4930,.F.);
#4930 = EDGE_CURVE('',#4931,#4923,#4933,.T.);
#4931 = VERTEX_POINT('',#4932);
#4932 = CARTESIAN_POINT('',(118.941574,-110.888779,1.51));
#4933 = LINE('',#4934,#4935);
#4934 = CARTESIAN_POINT('',(118.941574,-110.888779,1.51));
#4935 = VECTOR('',#4936,1.);
#4936 = DIRECTION('',(-0.999999999999,-1.110675476701E-06,0.));
#4937 = ORIENTED_EDGE('',*,*,#4938,.F.);
#4938 = EDGE_CURVE('',#4776,#4931,#4939,.T.);
#4939 = CIRCLE('',#4940,0.299984617892);
#4940 = AXIS2_PLACEMENT_3D('',#4941,#4942,#4943);
#4941 = CARTESIAN_POINT('',(118.94157768057,-110.5887943821,1.51));
#4942 = DIRECTION('',(0.,0.,-1.));
#4943 = DIRECTION('',(0.521017779267,-0.853545824011,0.));
#4944 = FACE_BOUND('',#4945,.T.);
#4945 = EDGE_LOOP('',(#4946));
#4946 = ORIENTED_EDGE('',*,*,#4947,.T.);
#4947 = EDGE_CURVE('',#4948,#4948,#4950,.T.);
#4948 = VERTEX_POINT('',#4949);
#4949 = CARTESIAN_POINT('',(123.711221,-106.908779,1.51));
#4950 = CIRCLE('',#4951,0.5);
#4951 = AXIS2_PLACEMENT_3D('',#4952,#4953,#4954);
#4952 = CARTESIAN_POINT('',(123.711221,-106.408779,1.51));
#4953 = DIRECTION('',(-0.,0.,-1.));
#4954 = DIRECTION('',(-0.,-1.,0.));
#4955 = FACE_BOUND('',#4956,.T.);
#4956 = EDGE_LOOP('',(#4957));
#4957 = ORIENTED_EDGE('',*,*,#4958,.T.);
#4958 = EDGE_CURVE('',#4959,#4959,#4961,.T.);
#4959 = VERTEX_POINT('',#4960);
#4960 = CARTESIAN_POINT('',(126.251221,-106.908779,1.51));
#4961 = CIRCLE('',#4962,0.5);
#4962 = AXIS2_PLACEMENT_3D('',#4963,#4964,#4965);
#4963 = CARTESIAN_POINT('',(126.251221,-106.408779,1.51));
#4964 = DIRECTION('',(-0.,0.,-1.));
#4965 = DIRECTION('',(-0.,-1.,0.));
#4966 = FACE_BOUND('',#4967,.T.);
#4967 = EDGE_LOOP('',(#4968,#4979,#4988,#4996,#5004,#5013,#5022,#5031,
    #5039,#5047,#5056,#5065,#5074,#5082,#5090,#5099,#5108,#5117,#5125,
    #5133));
#4968 = ORIENTED_EDGE('',*,*,#4969,.F.);
#4969 = EDGE_CURVE('',#4970,#4972,#4974,.T.);
#4970 = VERTEX_POINT('',#4971);
#4971 = CARTESIAN_POINT('',(136.743934,-111.743345,1.51));
#4972 = VERTEX_POINT('',#4973);
#4973 = CARTESIAN_POINT('',(136.056655,-111.056066,1.51));
#4974 = CIRCLE('',#4975,0.499999821338);
#4975 = AXIS2_PLACEMENT_3D('',#4976,#4977,#4978);
#4976 = CARTESIAN_POINT('',(136.31715723574,-111.4828427642,1.51));
#4977 = DIRECTION('',(0.,0.,1.));
#4978 = DIRECTION('',(0.853553833515,-0.521004657649,0.));
#4979 = ORIENTED_EDGE('',*,*,#4980,.F.);
#4980 = EDGE_CURVE('',#4981,#4970,#4983,.T.);
#4981 = VERTEX_POINT('',#4982);
#4982 = CARTESIAN_POINT('',(136.699999,-111.899647,1.51));
#4983 = CIRCLE('',#4984,0.299672372563);
#4984 = AXIS2_PLACEMENT_3D('',#4985,#4986,#4987);
#4985 = CARTESIAN_POINT('',(136.9996713588,-111.8995561845,1.51));
#4986 = DIRECTION('',(0.,0.,-1.));
#4987 = DIRECTION('',(-0.999999954081,-3.030489975809E-04,-0.));
#4988 = ORIENTED_EDGE('',*,*,#4989,.F.);
#4989 = EDGE_CURVE('',#4990,#4981,#4992,.T.);
#4990 = VERTEX_POINT('',#4991);
#4991 = CARTESIAN_POINT('',(136.7,-112.6,1.51));
#4992 = LINE('',#4993,#4994);
#4993 = CARTESIAN_POINT('',(136.7,-112.6,1.51));
#4994 = VECTOR('',#4995,1.);
#4995 = DIRECTION('',(-1.42785137991E-06,0.999999999999,0.));
#4996 = ORIENTED_EDGE('',*,*,#4997,.F.);
#4997 = EDGE_CURVE('',#4998,#4990,#5000,.T.);
#4998 = VERTEX_POINT('',#4999);
#4999 = CARTESIAN_POINT('',(136.7,-113.300353,1.51));
#5000 = LINE('',#5001,#5002);
#5001 = CARTESIAN_POINT('',(136.7,-113.300353,1.51));
#5002 = VECTOR('',#5003,1.);
#5003 = DIRECTION('',(0.,1.,0.));
#5004 = ORIENTED_EDGE('',*,*,#5005,.F.);
#5005 = EDGE_CURVE('',#5006,#4998,#5008,.T.);
#5006 = VERTEX_POINT('',#5007);
#5007 = CARTESIAN_POINT('',(136.743934,-113.456655,1.51));
#5008 = CIRCLE('',#5009,0.299973743356);
#5009 = AXIS2_PLACEMENT_3D('',#5010,#5011,#5012);
#5010 = CARTESIAN_POINT('',(136.99997374325,-113.3003607372,1.51));
#5011 = DIRECTION('',(0.,0.,-1.));
#5012 = DIRECTION('',(-0.853540514552,-0.521026477272,-0.));
#5013 = ORIENTED_EDGE('',*,*,#5014,.F.);
#5014 = EDGE_CURVE('',#5015,#5006,#5017,.T.);
#5015 = VERTEX_POINT('',#5016);
#5016 = CARTESIAN_POINT('',(136.056654,-114.143934,1.51));
#5017 = CIRCLE('',#5018,0.49999929237);
#5018 = AXIS2_PLACEMENT_3D('',#5019,#5020,#5021);
#5019 = CARTESIAN_POINT('',(136.31715942025,-113.7171597992,1.51));
#5020 = DIRECTION('',(0.,0.,1.));
#5021 = DIRECTION('',(-0.521011577885,-0.853549609402,0.));
#5022 = ORIENTED_EDGE('',*,*,#5023,.F.);
#5023 = EDGE_CURVE('',#5024,#5015,#5026,.T.);
#5024 = VERTEX_POINT('',#5025);
#5025 = CARTESIAN_POINT('',(135.900353,-114.1,1.51));
#5026 = CIRCLE('',#5027,0.30001644238);
#5027 = AXIS2_PLACEMENT_3D('',#5028,#5029,#5030);
#5028 = CARTESIAN_POINT('',(135.90034773516,-114.4000164423,1.51));
#5029 = DIRECTION('',(0.,0.,-1.));
#5030 = DIRECTION('',(1.754848814432E-05,0.999999999846,0.));
#5031 = ORIENTED_EDGE('',*,*,#5032,.F.);
#5032 = EDGE_CURVE('',#5033,#5024,#5035,.T.);
#5033 = VERTEX_POINT('',#5034);
#5034 = CARTESIAN_POINT('',(135.,-114.099999,1.51));
#5035 = LINE('',#5036,#5037);
#5036 = CARTESIAN_POINT('',(135.,-114.099999,1.51));
#5037 = VECTOR('',#5038,1.);
#5038 = DIRECTION('',(0.999999999999,-1.110675476702E-06,0.));
#5039 = ORIENTED_EDGE('',*,*,#5040,.F.);
#5040 = EDGE_CURVE('',#5041,#5033,#5043,.T.);
#5041 = VERTEX_POINT('',#5042);
#5042 = CARTESIAN_POINT('',(134.099647,-114.1,1.51));
#5043 = LINE('',#5044,#5045);
#5044 = CARTESIAN_POINT('',(134.099647,-114.1,1.51));
#5045 = VECTOR('',#5046,1.);
#5046 = DIRECTION('',(0.999999999999,1.110675476702E-06,0.));
#5047 = ORIENTED_EDGE('',*,*,#5048,.F.);
#5048 = EDGE_CURVE('',#5049,#5041,#5051,.T.);
#5049 = VERTEX_POINT('',#5050);
#5050 = CARTESIAN_POINT('',(133.943345,-114.143934,1.51));
#5051 = CIRCLE('',#5052,0.299998582341);
#5052 = AXIS2_PLACEMENT_3D('',#5053,#5054,#5055);
#5053 = CARTESIAN_POINT('',(134.09964624464,-114.3999985823,1.51));
#5054 = DIRECTION('',(0.,0.,-1.));
#5055 = DIRECTION('',(-0.521006610849,0.853552641289,0.));
#5056 = ORIENTED_EDGE('',*,*,#5057,.F.);
#5057 = EDGE_CURVE('',#5058,#5049,#5060,.T.);
#5058 = VERTEX_POINT('',#5059);
#5059 = CARTESIAN_POINT('',(133.256066,-113.456655,1.51));
#5060 = CIRCLE('',#5061,0.499999821338);
#5061 = AXIS2_PLACEMENT_3D('',#5062,#5063,#5064);
#5062 = CARTESIAN_POINT('',(133.68284276426,-113.7171572357,1.51));
#5063 = DIRECTION('',(0.,0.,1.));
#5064 = DIRECTION('',(-0.853553833515,0.521004657649,0.));
#5065 = ORIENTED_EDGE('',*,*,#5066,.F.);
#5066 = EDGE_CURVE('',#5067,#5058,#5069,.T.);
#5067 = VERTEX_POINT('',#5068);
#5068 = CARTESIAN_POINT('',(133.300001,-113.300353,1.51));
#5069 = CIRCLE('',#5070,0.299980161927);
#5070 = AXIS2_PLACEMENT_3D('',#5071,#5072,#5073);
#5071 = CARTESIAN_POINT('',(133.0000208381,-113.3003572949,1.51));
#5072 = DIRECTION('',(0.,0.,-1.));
#5073 = DIRECTION('',(0.999999999898,1.431728310523E-05,0.));
#5074 = ORIENTED_EDGE('',*,*,#5075,.F.);
#5075 = EDGE_CURVE('',#5076,#5067,#5078,.T.);
#5076 = VERTEX_POINT('',#5077);
#5077 = CARTESIAN_POINT('',(133.3,-112.6,1.51));
#5078 = LINE('',#5079,#5080);
#5079 = CARTESIAN_POINT('',(133.3,-112.6,1.51));
#5080 = VECTOR('',#5081,1.);
#5081 = DIRECTION('',(1.42785137991E-06,-0.999999999999,0.));
#5082 = ORIENTED_EDGE('',*,*,#5083,.F.);
#5083 = EDGE_CURVE('',#5084,#5076,#5086,.T.);
#5084 = VERTEX_POINT('',#5085);
#5085 = CARTESIAN_POINT('',(133.3,-111.899647,1.51));
#5086 = LINE('',#5087,#5088);
#5087 = CARTESIAN_POINT('',(133.3,-111.899647,1.51));
#5088 = VECTOR('',#5089,1.);
#5089 = DIRECTION('',(0.,-1.,0.));
#5090 = ORIENTED_EDGE('',*,*,#5091,.F.);
#5091 = EDGE_CURVE('',#5092,#5084,#5094,.T.);
#5092 = VERTEX_POINT('',#5093);
#5093 = CARTESIAN_POINT('',(133.256066,-111.743345,1.51));
#5094 = CIRCLE('',#5095,0.299991600078);
#5095 = AXIS2_PLACEMENT_3D('',#5096,#5097,#5098);
#5096 = CARTESIAN_POINT('',(133.00000839993,-111.899644282,1.51));
#5097 = DIRECTION('',(0.,0.,-1.));
#5098 = DIRECTION('',(0.853549232709,0.521012195003,0.));
#5099 = ORIENTED_EDGE('',*,*,#5100,.F.);
#5100 = EDGE_CURVE('',#5101,#5092,#5103,.T.);
#5101 = VERTEX_POINT('',#5102);
#5102 = CARTESIAN_POINT('',(133.943346,-111.056066,1.51));
#5103 = CIRCLE('',#5104,0.500000814122);
#5104 = AXIS2_PLACEMENT_3D('',#5105,#5106,#5107);
#5105 = CARTESIAN_POINT('',(133.68284515578,-111.4828447767,1.51));
#5106 = DIRECTION('',(0.,0.,1.));
#5107 = DIRECTION('',(0.521000840124,0.8535561637,-0.));
#5108 = ORIENTED_EDGE('',*,*,#5109,.F.);
#5109 = EDGE_CURVE('',#5110,#5101,#5112,.T.);
#5110 = VERTEX_POINT('',#5111);
#5111 = CARTESIAN_POINT('',(134.099647,-111.1,1.51));
#5112 = CIRCLE('',#5113,0.299991599979);
#5113 = AXIS2_PLACEMENT_3D('',#5114,#5115,#5116);
#5114 = CARTESIAN_POINT('',(134.09964528199,-110.8000084,1.51));
#5115 = DIRECTION('',(0.,0.,-1.));
#5116 = DIRECTION('',(5.726830121154E-06,-0.999999999984,0.));
#5117 = ORIENTED_EDGE('',*,*,#5118,.F.);
#5118 = EDGE_CURVE('',#5119,#5110,#5121,.T.);
#5119 = VERTEX_POINT('',#5120);
#5120 = CARTESIAN_POINT('',(135.,-111.100001,1.51));
#5121 = LINE('',#5122,#5123);
#5122 = CARTESIAN_POINT('',(135.,-111.100001,1.51));
#5123 = VECTOR('',#5124,1.);
#5124 = DIRECTION('',(-0.999999999999,1.110675492485E-06,0.));
#5125 = ORIENTED_EDGE('',*,*,#5126,.F.);
#5126 = EDGE_CURVE('',#5127,#5119,#5129,.T.);
#5127 = VERTEX_POINT('',#5128);
#5128 = CARTESIAN_POINT('',(135.900353,-111.1,1.51));
#5129 = LINE('',#5130,#5131);
#5130 = CARTESIAN_POINT('',(135.900353,-111.1,1.51));
#5131 = VECTOR('',#5132,1.);
#5132 = DIRECTION('',(-0.999999999999,-1.110675492485E-06,0.));
#5133 = ORIENTED_EDGE('',*,*,#5134,.F.);
#5134 = EDGE_CURVE('',#4972,#5127,#5135,.T.);
#5135 = CIRCLE('',#5136,0.299948908718);
#5136 = AXIS2_PLACEMENT_3D('',#5137,#5138,#5139);
#5137 = CARTESIAN_POINT('',(135.90036771791,-110.8000510916,1.51));
#5138 = DIRECTION('',(0.,0.,-1.));
#5139 = DIRECTION('',(0.521046343354,-0.853528387388,0.));
#5140 = FACE_BOUND('',#5141,.T.);
#5141 = EDGE_LOOP('',(#5142));
#5142 = ORIENTED_EDGE('',*,*,#5143,.T.);
#5143 = EDGE_CURVE('',#5144,#5144,#5146,.T.);
#5144 = VERTEX_POINT('',#5145);
#5145 = CARTESIAN_POINT('',(128.791221,-106.908779,1.51));
#5146 = CIRCLE('',#5147,0.5);
#5147 = AXIS2_PLACEMENT_3D('',#5148,#5149,#5150);
#5148 = CARTESIAN_POINT('',(128.791221,-106.408779,1.51));
#5149 = DIRECTION('',(-0.,0.,-1.));
#5150 = DIRECTION('',(-0.,-1.,0.));
#5151 = FACE_BOUND('',#5152,.T.);
#5152 = EDGE_LOOP('',(#5153,#5164,#5173,#5181,#5189,#5198,#5207,#5216,
    #5224,#5232,#5241,#5250,#5259,#5267,#5275,#5284,#5293,#5302,#5310,
    #5318));
#5153 = ORIENTED_EDGE('',*,*,#5154,.F.);
#5154 = EDGE_CURVE('',#5155,#5157,#5159,.T.);
#5155 = VERTEX_POINT('',#5156);
#5156 = CARTESIAN_POINT('',(112.244566,-93.694845,1.51));
#5157 = VERTEX_POINT('',#5158);
#5158 = CARTESIAN_POINT('',(111.557287,-94.382123,1.51));
#5159 = CIRCLE('',#5160,0.499999045961);
#5160 = AXIS2_PLACEMENT_3D('',#5161,#5162,#5163);
#5161 = CARTESIAN_POINT('',(111.9840624055,-94.12162002646,1.51));
#5162 = DIRECTION('',(0.,0.,1.));
#5163 = DIRECTION('',(0.521008183117,0.853551681579,-0.));
#5164 = ORIENTED_EDGE('',*,*,#5165,.F.);
#5165 = EDGE_CURVE('',#5166,#5155,#5168,.T.);
#5166 = VERTEX_POINT('',#5167);
#5167 = CARTESIAN_POINT('',(112.400868,-93.738779,1.51));
#5168 = CIRCLE('',#5169,0.300016442166);
#5169 = AXIS2_PLACEMENT_3D('',#5170,#5171,#5172);
#5170 = CARTESIAN_POINT('',(112.40087226474,-93.43876255786,1.51));
#5171 = DIRECTION('',(0.,0.,-1.));
#5172 = DIRECTION('',(-1.421505094274E-05,-0.999999999899,-0.));
#5173 = ORIENTED_EDGE('',*,*,#5174,.F.);
#5174 = EDGE_CURVE('',#5175,#5166,#5177,.T.);
#5175 = VERTEX_POINT('',#5176);
#5176 = CARTESIAN_POINT('',(113.101221,-93.738779,1.51));
#5177 = LINE('',#5178,#5179);
#5178 = CARTESIAN_POINT('',(113.101221,-93.738779,1.51));
#5179 = VECTOR('',#5180,1.);
#5180 = DIRECTION('',(-1.,0.,0.));
#5181 = ORIENTED_EDGE('',*,*,#5182,.F.);
#5182 = EDGE_CURVE('',#5183,#5175,#5185,.T.);
#5183 = VERTEX_POINT('',#5184);
#5184 = CARTESIAN_POINT('',(113.801574,-93.738779,1.51));
#5185 = LINE('',#5186,#5187);
#5186 = CARTESIAN_POINT('',(113.801574,-93.738779,1.51));
#5187 = VECTOR('',#5188,1.);
#5188 = DIRECTION('',(-1.,0.,0.));
#5189 = ORIENTED_EDGE('',*,*,#5190,.F.);
#5190 = EDGE_CURVE('',#5191,#5183,#5193,.T.);
#5191 = VERTEX_POINT('',#5192);
#5192 = CARTESIAN_POINT('',(113.957876,-93.694845,1.51));
#5193 = CIRCLE('',#5194,0.300023425677);
#5194 = AXIS2_PLACEMENT_3D('',#5195,#5196,#5197);
#5195 = CARTESIAN_POINT('',(113.8015677723,-93.43875557438,1.51));
#5196 = DIRECTION('',(0.,0.,-1.));
#5197 = DIRECTION('',(0.520986744086,-0.853564767599,0.));
#5198 = ORIENTED_EDGE('',*,*,#5199,.F.);
#5199 = EDGE_CURVE('',#5200,#5191,#5202,.T.);
#5200 = VERTEX_POINT('',#5201);
#5201 = CARTESIAN_POINT('',(114.645154,-94.382125,1.51));
#5202 = CIRCLE('',#5203,0.499999386553);
#5203 = AXIS2_PLACEMENT_3D('',#5204,#5205,#5206);
#5204 = CARTESIAN_POINT('',(114.21837892221,-94.12162083585,1.51));
#5205 = DIRECTION('',(0.,0.,1.));
#5206 = DIRECTION('',(0.853551202783,-0.521008967512,0.));
#5207 = ORIENTED_EDGE('',*,*,#5208,.F.);
#5208 = EDGE_CURVE('',#5209,#5200,#5211,.T.);
#5209 = VERTEX_POINT('',#5210);
#5210 = CARTESIAN_POINT('',(114.601221,-94.538426,1.51));
#5211 = CIRCLE('',#5212,0.300003039275);
#5212 = AXIS2_PLACEMENT_3D('',#5213,#5214,#5215);
#5213 = CARTESIAN_POINT('',(114.90122403927,-94.53842585911,1.51));
#5214 = DIRECTION('',(0.,0.,-1.));
#5215 = DIRECTION('',(-1.,-4.696129263895E-07,-0.));
#5216 = ORIENTED_EDGE('',*,*,#5217,.F.);
#5217 = EDGE_CURVE('',#5218,#5209,#5220,.T.);
#5218 = VERTEX_POINT('',#5219);
#5219 = CARTESIAN_POINT('',(114.601221,-95.438778,1.51));
#5220 = LINE('',#5221,#5222);
#5221 = CARTESIAN_POINT('',(114.601221,-95.438778,1.51));
#5222 = VECTOR('',#5223,1.);
#5223 = DIRECTION('',(0.,1.,0.));
#5224 = ORIENTED_EDGE('',*,*,#5225,.F.);
#5225 = EDGE_CURVE('',#5226,#5218,#5228,.T.);
#5226 = VERTEX_POINT('',#5227);
#5227 = CARTESIAN_POINT('',(114.601221,-96.339132,1.51));
#5228 = LINE('',#5229,#5230);
#5229 = CARTESIAN_POINT('',(114.601221,-96.339132,1.51));
#5230 = VECTOR('',#5231,1.);
#5231 = DIRECTION('',(0.,1.,0.));
#5232 = ORIENTED_EDGE('',*,*,#5233,.F.);
#5233 = EDGE_CURVE('',#5234,#5226,#5236,.T.);
#5234 = VERTEX_POINT('',#5235);
#5235 = CARTESIAN_POINT('',(114.645155,-96.495435,1.51));
#5236 = CIRCLE('',#5237,0.299973743723);
#5237 = AXIS2_PLACEMENT_3D('',#5238,#5239,#5240);
#5238 = CARTESIAN_POINT('',(114.90119474359,-96.33914073707,1.51));
#5239 = DIRECTION('',(0.,0.,-1.));
#5240 = DIRECTION('',(-0.85354051464,-0.521026477128,-0.));
#5241 = ORIENTED_EDGE('',*,*,#5242,.F.);
#5242 = EDGE_CURVE('',#5243,#5234,#5245,.T.);
#5243 = VERTEX_POINT('',#5244);
#5244 = CARTESIAN_POINT('',(113.957876,-97.182713,1.51));
#5245 = CIRCLE('',#5246,0.499999045961);
#5246 = AXIS2_PLACEMENT_3D('',#5247,#5248,#5249);
#5247 = CARTESIAN_POINT('',(114.21837959449,-96.75593797353,1.51));
#5248 = DIRECTION('',(0.,0.,1.));
#5249 = DIRECTION('',(-0.521008183117,-0.853551681579,0.));
#5250 = ORIENTED_EDGE('',*,*,#5251,.F.);
#5251 = EDGE_CURVE('',#5252,#5243,#5254,.T.);
#5252 = VERTEX_POINT('',#5253);
#5253 = CARTESIAN_POINT('',(113.801574,-97.138779,1.51));
#5254 = CIRCLE('',#5255,0.300363881974);
#5255 = AXIS2_PLACEMENT_3D('',#5256,#5257,#5258);
#5256 = CARTESIAN_POINT('',(113.80147208031,-97.43914286468,1.51));
#5257 = DIRECTION('',(0.,0.,-1.));
#5258 = DIRECTION('',(3.393207146858E-04,0.999999942431,0.));
#5259 = ORIENTED_EDGE('',*,*,#5260,.F.);
#5260 = EDGE_CURVE('',#5261,#5252,#5263,.T.);
#5261 = VERTEX_POINT('',#5262);
#5262 = CARTESIAN_POINT('',(113.101221,-97.138779,1.51));
#5263 = LINE('',#5264,#5265);
#5264 = CARTESIAN_POINT('',(113.101221,-97.138779,1.51));
#5265 = VECTOR('',#5266,1.);
#5266 = DIRECTION('',(1.,0.,0.));
#5267 = ORIENTED_EDGE('',*,*,#5268,.F.);
#5268 = EDGE_CURVE('',#5269,#5261,#5271,.T.);
#5269 = VERTEX_POINT('',#5270);
#5270 = CARTESIAN_POINT('',(112.400868,-97.138779,1.51));
#5271 = LINE('',#5272,#5273);
#5272 = CARTESIAN_POINT('',(112.400868,-97.138779,1.51));
#5273 = VECTOR('',#5274,1.);
#5274 = DIRECTION('',(1.,0.,0.));
#5275 = ORIENTED_EDGE('',*,*,#5276,.F.);
#5276 = EDGE_CURVE('',#5277,#5269,#5279,.T.);
#5277 = VERTEX_POINT('',#5278);
#5278 = CARTESIAN_POINT('',(112.244566,-97.182713,1.51));
#5279 = CIRCLE('',#5280,0.299991600077);
#5280 = AXIS2_PLACEMENT_3D('',#5281,#5282,#5283);
#5281 = CARTESIAN_POINT('',(112.40086528203,-97.43877060006,1.51));
#5282 = DIRECTION('',(0.,0.,-1.));
#5283 = DIRECTION('',(-0.521012195004,0.853549232709,0.));
#5284 = ORIENTED_EDGE('',*,*,#5285,.F.);
#5285 = EDGE_CURVE('',#5286,#5277,#5288,.T.);
#5286 = VERTEX_POINT('',#5287);
#5287 = CARTESIAN_POINT('',(111.557288,-96.495433,1.51));
#5288 = CIRCLE('',#5289,0.499998734393);
#5289 = AXIS2_PLACEMENT_3D('',#5290,#5291,#5292);
#5290 = CARTESIAN_POINT('',(111.98406111663,-96.75593912528,1.51));
#5291 = DIRECTION('',(0.,0.,1.));
#5292 = DIRECTION('',(-0.853548393783,0.521013569373,0.));
#5293 = ORIENTED_EDGE('',*,*,#5294,.F.);
#5294 = EDGE_CURVE('',#5295,#5286,#5297,.T.);
#5295 = VERTEX_POINT('',#5296);
#5296 = CARTESIAN_POINT('',(111.601221,-96.339132,1.51));
#5297 = CIRCLE('',#5298,0.300027883807);
#5298 = AXIS2_PLACEMENT_3D('',#5299,#5300,#5301);
#5299 = CARTESIAN_POINT('',(111.30119311627,-96.33912515762,1.51));
#5300 = DIRECTION('',(0.,0.,-1.));
#5301 = DIRECTION('',(0.99999999974,-2.280581391798E-05,0.));
#5302 = ORIENTED_EDGE('',*,*,#5303,.F.);
#5303 = EDGE_CURVE('',#5304,#5295,#5306,.T.);
#5304 = VERTEX_POINT('',#5305);
#5305 = CARTESIAN_POINT('',(111.601221,-95.43878,1.51));
#5306 = LINE('',#5307,#5308);
#5307 = CARTESIAN_POINT('',(111.601221,-95.43878,1.51));
#5308 = VECTOR('',#5309,1.);
#5309 = DIRECTION('',(0.,-1.,0.));
#5310 = ORIENTED_EDGE('',*,*,#5311,.F.);
#5311 = EDGE_CURVE('',#5312,#5304,#5314,.T.);
#5312 = VERTEX_POINT('',#5313);
#5313 = CARTESIAN_POINT('',(111.601221,-94.538426,1.51));
#5314 = LINE('',#5315,#5316);
#5315 = CARTESIAN_POINT('',(111.601221,-94.538426,1.51));
#5316 = VECTOR('',#5317,1.);
#5317 = DIRECTION('',(0.,-1.,0.));
#5318 = ORIENTED_EDGE('',*,*,#5319,.F.);
#5319 = EDGE_CURVE('',#5157,#5312,#5320,.T.);
#5320 = CIRCLE('',#5321,0.299998582397);
#5321 = AXIS2_PLACEMENT_3D('',#5322,#5323,#5324);
#5322 = CARTESIAN_POINT('',(111.3012224176,-94.53842424466,1.51));
#5323 = DIRECTION('',(0.,0.,-1.));
#5324 = DIRECTION('',(0.853552641302,0.521006610828,0.));
#5325 = FACE_BOUND('',#5326,.T.);
#5326 = EDGE_LOOP('',(#5327,#5338,#5347,#5355,#5363,#5372,#5381,#5390,
    #5398,#5406,#5415,#5424,#5433,#5441,#5449,#5458,#5467,#5476,#5484,
    #5492));
#5327 = ORIENTED_EDGE('',*,*,#5328,.F.);
#5328 = EDGE_CURVE('',#5329,#5331,#5333,.T.);
#5329 = VERTEX_POINT('',#5330);
#5330 = CARTESIAN_POINT('',(125.714566,-83.604845,1.51));
#5331 = VERTEX_POINT('',#5332);
#5332 = CARTESIAN_POINT('',(125.027287,-84.292124,1.51));
#5333 = CIRCLE('',#5334,0.499998734392);
#5334 = AXIS2_PLACEMENT_3D('',#5335,#5336,#5337);
#5335 = CARTESIAN_POINT('',(125.45406049567,-84.03161849567,1.51));
#5336 = DIRECTION('',(0.,0.,1.));
#5337 = DIRECTION('',(0.521012327448,0.853549151864,-0.));
#5338 = ORIENTED_EDGE('',*,*,#5339,.F.);
#5339 = EDGE_CURVE('',#5340,#5329,#5342,.T.);
#5340 = VERTEX_POINT('',#5341);
#5341 = CARTESIAN_POINT('',(125.870868,-83.648779,1.51));
#5342 = CIRCLE('',#5343,0.300023425677);
#5343 = AXIS2_PLACEMENT_3D('',#5344,#5345,#5346);
#5344 = CARTESIAN_POINT('',(125.87087422769,-83.34875557438,1.51));
#5345 = DIRECTION('',(0.,0.,-1.));
#5346 = DIRECTION('',(-2.075735531735E-05,-0.999999999785,-0.));
#5347 = ORIENTED_EDGE('',*,*,#5348,.F.);
#5348 = EDGE_CURVE('',#5349,#5340,#5351,.T.);
#5349 = VERTEX_POINT('',#5350);
#5350 = CARTESIAN_POINT('',(126.771221,-83.648779,1.51));
#5351 = LINE('',#5352,#5353);
#5352 = CARTESIAN_POINT('',(126.771221,-83.648779,1.51));
#5353 = VECTOR('',#5354,1.);
#5354 = DIRECTION('',(-1.,0.,0.));
#5355 = ORIENTED_EDGE('',*,*,#5356,.F.);
#5356 = EDGE_CURVE('',#5357,#5349,#5359,.T.);
#5357 = VERTEX_POINT('',#5358);
#5358 = CARTESIAN_POINT('',(127.671574,-83.648779,1.51));
#5359 = LINE('',#5360,#5361);
#5360 = CARTESIAN_POINT('',(127.671574,-83.648779,1.51));
#5361 = VECTOR('',#5362,1.);
#5362 = DIRECTION('',(-1.,0.,0.));
#5363 = ORIENTED_EDGE('',*,*,#5364,.F.);
#5364 = EDGE_CURVE('',#5365,#5357,#5367,.T.);
#5365 = VERTEX_POINT('',#5366);
#5366 = CARTESIAN_POINT('',(127.827876,-83.604845,1.51));
#5367 = CIRCLE('',#5368,0.299991600078);
#5368 = AXIS2_PLACEMENT_3D('',#5369,#5370,#5371);
#5369 = CARTESIAN_POINT('',(127.67157671796,-83.34878739993,1.51));
#5370 = DIRECTION('',(0.,0.,-1.));
#5371 = DIRECTION('',(0.521012195003,-0.853549232709,0.));
#5372 = ORIENTED_EDGE('',*,*,#5373,.F.);
#5373 = EDGE_CURVE('',#5374,#5365,#5376,.T.);
#5374 = VERTEX_POINT('',#5375);
#5375 = CARTESIAN_POINT('',(128.515155,-84.292124,1.51));
#5376 = CIRCLE('',#5377,0.499999603944);
#5377 = AXIS2_PLACEMENT_3D('',#5378,#5379,#5380);
#5378 = CARTESIAN_POINT('',(128.08837888946,-84.03162111054,1.51));
#5379 = DIRECTION('',(0.,0.,1.));
#5380 = DIRECTION('',(0.853552897188,-0.521006191616,0.));
#5381 = ORIENTED_EDGE('',*,*,#5382,.F.);
#5382 = EDGE_CURVE('',#5383,#5374,#5385,.T.);
#5383 = VERTEX_POINT('',#5384);
#5384 = CARTESIAN_POINT('',(128.471221,-84.448426,1.51));
#5385 = CIRCLE('',#5386,0.299991600078);
#5386 = AXIS2_PLACEMENT_3D('',#5387,#5388,#5389);
#5387 = CARTESIAN_POINT('',(128.77121260006,-84.44842328203,1.51));
#5388 = DIRECTION('',(0.,0.,-1.));
#5389 = DIRECTION('',(-0.999999999959,-9.060123525084E-06,-0.));
#5390 = ORIENTED_EDGE('',*,*,#5391,.F.);
#5391 = EDGE_CURVE('',#5392,#5383,#5394,.T.);
#5392 = VERTEX_POINT('',#5393);
#5393 = CARTESIAN_POINT('',(128.471221,-85.148779,1.51));
#5394 = LINE('',#5395,#5396);
#5395 = CARTESIAN_POINT('',(128.471221,-85.148779,1.51));
#5396 = VECTOR('',#5397,1.);
#5397 = DIRECTION('',(0.,1.,0.));
#5398 = ORIENTED_EDGE('',*,*,#5399,.F.);
#5399 = EDGE_CURVE('',#5400,#5392,#5402,.T.);
#5400 = VERTEX_POINT('',#5401);
#5401 = CARTESIAN_POINT('',(128.471221,-85.849132,1.51));
#5402 = LINE('',#5403,#5404);
#5403 = CARTESIAN_POINT('',(128.471221,-85.849132,1.51));
#5404 = VECTOR('',#5405,1.);
#5405 = DIRECTION('',(0.,1.,0.));
#5406 = ORIENTED_EDGE('',*,*,#5407,.F.);
#5407 = EDGE_CURVE('',#5408,#5400,#5410,.T.);
#5408 = VERTEX_POINT('',#5409);
#5409 = CARTESIAN_POINT('',(128.515155,-86.005434,1.51));
#5410 = CIRCLE('',#5411,0.299991600078);
#5411 = AXIS2_PLACEMENT_3D('',#5412,#5413,#5414);
#5412 = CARTESIAN_POINT('',(128.77121260006,-85.84913471796,1.51));
#5413 = DIRECTION('',(0.,0.,-1.));
#5414 = DIRECTION('',(-0.853549232709,-0.521012195003,-0.));
#5415 = ORIENTED_EDGE('',*,*,#5416,.F.);
#5416 = EDGE_CURVE('',#5417,#5408,#5419,.T.);
#5417 = VERTEX_POINT('',#5418);
#5418 = CARTESIAN_POINT('',(127.827876,-86.692713,1.51));
#5419 = CIRCLE('',#5420,0.499999603944);
#5420 = AXIS2_PLACEMENT_3D('',#5421,#5422,#5423);
#5421 = CARTESIAN_POINT('',(128.08837888946,-86.26593688946,1.51));
#5422 = DIRECTION('',(0.,0.,1.));
#5423 = DIRECTION('',(-0.521006191616,-0.853552897188,0.));
#5424 = ORIENTED_EDGE('',*,*,#5425,.F.);
#5425 = EDGE_CURVE('',#5426,#5417,#5428,.T.);
#5426 = VERTEX_POINT('',#5427);
#5427 = CARTESIAN_POINT('',(127.671574,-86.648779,1.51));
#5428 = CIRCLE('',#5429,0.299991600078);
#5429 = AXIS2_PLACEMENT_3D('',#5430,#5431,#5432);
#5430 = CARTESIAN_POINT('',(127.67157671796,-86.94877060006,1.51));
#5431 = DIRECTION('',(0.,0.,-1.));
#5432 = DIRECTION('',(-9.060123525086E-06,0.999999999959,0.));
#5433 = ORIENTED_EDGE('',*,*,#5434,.F.);
#5434 = EDGE_CURVE('',#5435,#5426,#5437,.T.);
#5435 = VERTEX_POINT('',#5436);
#5436 = CARTESIAN_POINT('',(126.771221,-86.648779,1.51));
#5437 = LINE('',#5438,#5439);
#5438 = CARTESIAN_POINT('',(126.771221,-86.648779,1.51));
#5439 = VECTOR('',#5440,1.);
#5440 = DIRECTION('',(1.,0.,0.));
#5441 = ORIENTED_EDGE('',*,*,#5442,.F.);
#5442 = EDGE_CURVE('',#5443,#5435,#5445,.T.);
#5443 = VERTEX_POINT('',#5444);
#5444 = CARTESIAN_POINT('',(125.870868,-86.648779,1.51));
#5445 = LINE('',#5446,#5447);
#5446 = CARTESIAN_POINT('',(125.870868,-86.648779,1.51));
#5447 = VECTOR('',#5448,1.);
#5448 = DIRECTION('',(1.,0.,0.));
#5449 = ORIENTED_EDGE('',*,*,#5450,.F.);
#5450 = EDGE_CURVE('',#5451,#5443,#5453,.T.);
#5451 = VERTEX_POINT('',#5452);
#5452 = CARTESIAN_POINT('',(125.714566,-86.692713,1.51));
#5453 = CIRCLE('',#5454,0.299966762338);
#5454 = AXIS2_PLACEMENT_3D('',#5455,#5456,#5457);
#5455 = CARTESIAN_POINT('',(125.8708583005,-86.94874576218,1.51));
#5456 = DIRECTION('',(0.,0.,-1.));
#5457 = DIRECTION('',(-0.521032061311,0.853537105864,0.));
#5458 = ORIENTED_EDGE('',*,*,#5459,.F.);
#5459 = EDGE_CURVE('',#5460,#5451,#5462,.T.);
#5460 = VERTEX_POINT('',#5461);
#5461 = CARTESIAN_POINT('',(125.027287,-86.005434,1.51));
#5462 = CIRCLE('',#5463,0.499999603944);
#5463 = AXIS2_PLACEMENT_3D('',#5464,#5465,#5466);
#5464 = CARTESIAN_POINT('',(125.45406311054,-86.26593688946,1.51));
#5465 = DIRECTION('',(0.,0.,1.));
#5466 = DIRECTION('',(-0.853552897188,0.521006191616,0.));
#5467 = ORIENTED_EDGE('',*,*,#5468,.F.);
#5468 = EDGE_CURVE('',#5469,#5460,#5471,.T.);
#5469 = VERTEX_POINT('',#5470);
#5470 = CARTESIAN_POINT('',(125.071221,-85.849132,1.51));
#5471 = CIRCLE('',#5472,0.299683785035);
#5472 = AXIS2_PLACEMENT_3D('',#5473,#5474,#5475);
#5473 = CARTESIAN_POINT('',(124.77153722825,-85.84922124359,1.51));
#5474 = DIRECTION('',(0.,0.,-1.));
#5475 = DIRECTION('',(0.99999995566,2.97792531739E-04,0.));
#5476 = ORIENTED_EDGE('',*,*,#5477,.F.);
#5477 = EDGE_CURVE('',#5478,#5469,#5480,.T.);
#5478 = VERTEX_POINT('',#5479);
#5479 = CARTESIAN_POINT('',(125.071221,-85.148779,1.51));
#5480 = LINE('',#5481,#5482);
#5481 = CARTESIAN_POINT('',(125.071221,-85.148779,1.51));
#5482 = VECTOR('',#5483,1.);
#5483 = DIRECTION('',(0.,-1.,0.));
#5484 = ORIENTED_EDGE('',*,*,#5485,.F.);
#5485 = EDGE_CURVE('',#5486,#5478,#5488,.T.);
#5486 = VERTEX_POINT('',#5487);
#5487 = CARTESIAN_POINT('',(125.071221,-84.448426,1.51));
#5488 = LINE('',#5489,#5490);
#5489 = CARTESIAN_POINT('',(125.071221,-84.448426,1.51));
#5490 = VECTOR('',#5491,1.);
#5491 = DIRECTION('',(0.,-1.,0.));
#5492 = ORIENTED_EDGE('',*,*,#5493,.F.);
#5493 = EDGE_CURVE('',#5331,#5486,#5494,.T.);
#5494 = CIRCLE('',#5495,0.299966762338);
#5495 = AXIS2_PLACEMENT_3D('',#5496,#5497,#5498);
#5496 = CARTESIAN_POINT('',(124.77125423781,-84.4484163005,1.51));
#5497 = DIRECTION('',(0.,0.,-1.));
#5498 = DIRECTION('',(0.853537105864,0.521032061311,0.));
#5499 = FACE_BOUND('',#5500,.T.);
#5500 = EDGE_LOOP('',(#5501,#5512,#5521,#5529,#5537,#5546,#5555,#5564,
    #5572,#5580,#5589,#5598,#5607,#5615,#5623,#5632,#5641,#5650,#5658,
    #5666));
#5501 = ORIENTED_EDGE('',*,*,#5502,.F.);
#5502 = EDGE_CURVE('',#5503,#5505,#5507,.T.);
#5503 = VERTEX_POINT('',#5504);
#5504 = CARTESIAN_POINT('',(140.064566,-94.064845,1.51));
#5505 = VERTEX_POINT('',#5506);
#5506 = CARTESIAN_POINT('',(139.377287,-94.752124,1.51));
#5507 = CIRCLE('',#5508,0.499999386553);
#5508 = AXIS2_PLACEMENT_3D('',#5509,#5510,#5511);
#5509 = CARTESIAN_POINT('',(139.80406245682,-94.49162045682,1.51));
#5510 = DIRECTION('',(0.,0.,1.));
#5511 = DIRECTION('',(0.52100772558,0.853551960859,-0.));
#5512 = ORIENTED_EDGE('',*,*,#5513,.F.);
#5513 = EDGE_CURVE('',#5514,#5503,#5516,.T.);
#5514 = VERTEX_POINT('',#5515);
#5515 = CARTESIAN_POINT('',(140.220868,-94.108779,1.51));
#5516 = CIRCLE('',#5517,0.300381788124);
#5517 = AXIS2_PLACEMENT_3D('',#5518,#5519,#5520);
#5518 = CARTESIAN_POINT('',(140.22097495232,-93.80839723091,1.51));
#5519 = DIRECTION('',(0.,0.,-1.));
#5520 = DIRECTION('',(-3.560546384349E-04,-0.999999936613,-0.));
#5521 = ORIENTED_EDGE('',*,*,#5522,.F.);
#5522 = EDGE_CURVE('',#5523,#5514,#5525,.T.);
#5523 = VERTEX_POINT('',#5524);
#5524 = CARTESIAN_POINT('',(140.921221,-94.108779,1.51));
#5525 = LINE('',#5526,#5527);
#5526 = CARTESIAN_POINT('',(140.921221,-94.108779,1.51));
#5527 = VECTOR('',#5528,1.);
#5528 = DIRECTION('',(-1.,0.,0.));
#5529 = ORIENTED_EDGE('',*,*,#5530,.F.);
#5530 = EDGE_CURVE('',#5531,#5523,#5533,.T.);
#5531 = VERTEX_POINT('',#5532);
#5532 = CARTESIAN_POINT('',(141.621574,-94.108779,1.51));
#5533 = LINE('',#5534,#5535);
#5534 = CARTESIAN_POINT('',(141.621574,-94.108779,1.51));
#5535 = VECTOR('',#5536,1.);
#5536 = DIRECTION('',(-1.,0.,0.));
#5537 = ORIENTED_EDGE('',*,*,#5538,.F.);
#5538 = EDGE_CURVE('',#5539,#5531,#5541,.T.);
#5539 = VERTEX_POINT('',#5540);
#5540 = CARTESIAN_POINT('',(141.777876,-94.064845,1.51));
#5541 = CIRCLE('',#5542,0.300016442166);
#5542 = AXIS2_PLACEMENT_3D('',#5543,#5544,#5545);
#5543 = CARTESIAN_POINT('',(141.62156973525,-93.80876255786,1.51));
#5544 = DIRECTION('',(0.,0.,-1.));
#5545 = DIRECTION('',(0.520992328355,-0.853561359127,0.));
#5546 = ORIENTED_EDGE('',*,*,#5547,.F.);
#5547 = EDGE_CURVE('',#5548,#5539,#5550,.T.);
#5548 = VERTEX_POINT('',#5549);
#5549 = CARTESIAN_POINT('',(142.465153,-94.752125,1.51));
#5550 = CIRCLE('',#5551,0.499998393801);
#5551 = AXIS2_PLACEMENT_3D('',#5552,#5553,#5554);
#5552 = CARTESIAN_POINT('',(142.03838031372,-94.49161882339,1.51));
#5553 = DIRECTION('',(0.,0.,1.));
#5554 = DIRECTION('',(0.853548114497,-0.521014026911,0.));
#5555 = ORIENTED_EDGE('',*,*,#5556,.F.);
#5556 = EDGE_CURVE('',#5557,#5548,#5559,.T.);
#5557 = VERTEX_POINT('',#5558);
#5558 = CARTESIAN_POINT('',(142.421221,-94.908426,1.51));
#5559 = CIRCLE('',#5560,0.300046310824);
#5560 = AXIS2_PLACEMENT_3D('',#5561,#5562,#5563);
#5561 = CARTESIAN_POINT('',(142.72126731064,-94.90843638321,1.51));
#5562 = DIRECTION('',(0.,0.,-1.));
#5563 = DIRECTION('',(-0.999999999401,3.460537095742E-05,0.));
#5564 = ORIENTED_EDGE('',*,*,#5565,.F.);
#5565 = EDGE_CURVE('',#5566,#5557,#5568,.T.);
#5566 = VERTEX_POINT('',#5567);
#5567 = CARTESIAN_POINT('',(142.421221,-95.80878,1.51));
#5568 = LINE('',#5569,#5570);
#5569 = CARTESIAN_POINT('',(142.421221,-95.80878,1.51));
#5570 = VECTOR('',#5571,1.);
#5571 = DIRECTION('',(0.,1.,0.));
#5572 = ORIENTED_EDGE('',*,*,#5573,.F.);
#5573 = EDGE_CURVE('',#5574,#5566,#5576,.T.);
#5574 = VERTEX_POINT('',#5575);
#5575 = CARTESIAN_POINT('',(142.421221,-96.709132,1.51));
#5576 = LINE('',#5577,#5578);
#5577 = CARTESIAN_POINT('',(142.421221,-96.709132,1.51));
#5578 = VECTOR('',#5579,1.);
#5579 = DIRECTION('',(0.,1.,0.));
#5580 = ORIENTED_EDGE('',*,*,#5581,.F.);
#5581 = EDGE_CURVE('',#5582,#5574,#5584,.T.);
#5582 = VERTEX_POINT('',#5583);
#5583 = CARTESIAN_POINT('',(142.465155,-96.865434,1.51));
#5584 = CIRCLE('',#5585,0.300016442166);
#5585 = AXIS2_PLACEMENT_3D('',#5586,#5587,#5588);
#5586 = CARTESIAN_POINT('',(142.72123744213,-96.70912773525,1.51));
#5587 = DIRECTION('',(0.,0.,-1.));
#5588 = DIRECTION('',(-0.853561359127,-0.520992328355,-0.));
#5589 = ORIENTED_EDGE('',*,*,#5590,.F.);
#5590 = EDGE_CURVE('',#5591,#5582,#5593,.T.);
#5591 = VERTEX_POINT('',#5592);
#5592 = CARTESIAN_POINT('',(141.777876,-97.552713,1.51));
#5593 = CIRCLE('',#5594,0.499999386553);
#5594 = AXIS2_PLACEMENT_3D('',#5595,#5596,#5597);
#5595 = CARTESIAN_POINT('',(142.03837954318,-97.12593754318,1.51));
#5596 = DIRECTION('',(0.,0.,1.));
#5597 = DIRECTION('',(-0.52100772558,-0.853551960859,0.));
#5598 = ORIENTED_EDGE('',*,*,#5599,.F.);
#5599 = EDGE_CURVE('',#5600,#5591,#5602,.T.);
#5600 = VERTEX_POINT('',#5601);
#5601 = CARTESIAN_POINT('',(141.621574,-97.508779,1.51));
#5602 = CIRCLE('',#5603,0.300023425677);
#5603 = AXIS2_PLACEMENT_3D('',#5604,#5605,#5606);
#5604 = CARTESIAN_POINT('',(141.6215677723,-97.80880242561,1.51));
#5605 = DIRECTION('',(0.,0.,-1.));
#5606 = DIRECTION('',(2.075735508053E-05,0.999999999785,0.));
#5607 = ORIENTED_EDGE('',*,*,#5608,.F.);
#5608 = EDGE_CURVE('',#5609,#5600,#5611,.T.);
#5609 = VERTEX_POINT('',#5610);
#5610 = CARTESIAN_POINT('',(140.921221,-97.508779,1.51));
#5611 = LINE('',#5612,#5613);
#5612 = CARTESIAN_POINT('',(140.921221,-97.508779,1.51));
#5613 = VECTOR('',#5614,1.);
#5614 = DIRECTION('',(1.,0.,0.));
#5615 = ORIENTED_EDGE('',*,*,#5616,.F.);
#5616 = EDGE_CURVE('',#5617,#5609,#5619,.T.);
#5617 = VERTEX_POINT('',#5618);
#5618 = CARTESIAN_POINT('',(140.220868,-97.508779,1.51));
#5619 = LINE('',#5620,#5621);
#5620 = CARTESIAN_POINT('',(140.220868,-97.508779,1.51));
#5621 = VECTOR('',#5622,1.);
#5622 = DIRECTION('',(1.,0.,0.));
#5623 = ORIENTED_EDGE('',*,*,#5624,.F.);
#5624 = EDGE_CURVE('',#5625,#5617,#5627,.T.);
#5625 = VERTEX_POINT('',#5626);
#5626 = CARTESIAN_POINT('',(140.064566,-97.552713,1.51));
#5627 = CIRCLE('',#5628,0.300016442166);
#5628 = AXIS2_PLACEMENT_3D('',#5629,#5630,#5631);
#5629 = CARTESIAN_POINT('',(140.22087226474,-97.80879544213,1.51));
#5630 = DIRECTION('',(0.,0.,-1.));
#5631 = DIRECTION('',(-0.520992328355,0.853561359127,0.));
#5632 = ORIENTED_EDGE('',*,*,#5633,.F.);
#5633 = EDGE_CURVE('',#5634,#5625,#5636,.T.);
#5634 = VERTEX_POINT('',#5635);
#5635 = CARTESIAN_POINT('',(139.377289,-96.865433,1.51));
#5636 = CIRCLE('',#5637,0.499998828572);
#5637 = AXIS2_PLACEMENT_3D('',#5638,#5639,#5640);
#5638 = CARTESIAN_POINT('',(139.80406299371,-97.12593786917,1.51));
#5639 = DIRECTION('',(0.,0.,1.));
#5640 = DIRECTION('',(-0.853549987165,0.521010959012,0.));
#5641 = ORIENTED_EDGE('',*,*,#5642,.F.);
#5642 = EDGE_CURVE('',#5643,#5634,#5645,.T.);
#5643 = VERTEX_POINT('',#5644);
#5644 = CARTESIAN_POINT('',(139.421221,-96.709132,1.51));
#5645 = CIRCLE('',#5646,0.300014479647);
#5646 = AXIS2_PLACEMENT_3D('',#5647,#5648,#5649);
#5647 = CARTESIAN_POINT('',(139.12120652035,-96.70913056362,1.51));
#5648 = DIRECTION('',(0.,0.,-1.));
#5649 = DIRECTION('',(0.999999999989,-4.787693027209E-06,0.));
#5650 = ORIENTED_EDGE('',*,*,#5651,.F.);
#5651 = EDGE_CURVE('',#5652,#5643,#5654,.T.);
#5652 = VERTEX_POINT('',#5653);
#5653 = CARTESIAN_POINT('',(139.421221,-95.808778,1.51));
#5654 = LINE('',#5655,#5656);
#5655 = CARTESIAN_POINT('',(139.421221,-95.808778,1.51));
#5656 = VECTOR('',#5657,1.);
#5657 = DIRECTION('',(0.,-1.,0.));
#5658 = ORIENTED_EDGE('',*,*,#5659,.F.);
#5659 = EDGE_CURVE('',#5660,#5652,#5662,.T.);
#5660 = VERTEX_POINT('',#5661);
#5661 = CARTESIAN_POINT('',(139.421221,-94.908426,1.51));
#5662 = LINE('',#5663,#5664);
#5663 = CARTESIAN_POINT('',(139.421221,-94.908426,1.51));
#5664 = VECTOR('',#5665,1.);
#5665 = DIRECTION('',(0.,-1.,0.));
#5666 = ORIENTED_EDGE('',*,*,#5667,.F.);
#5667 = EDGE_CURVE('',#5505,#5660,#5668,.T.);
#5668 = CIRCLE('',#5669,0.300016442166);
#5669 = AXIS2_PLACEMENT_3D('',#5670,#5671,#5672);
#5670 = CARTESIAN_POINT('',(139.12120455786,-94.90843026474,1.51));
#5671 = DIRECTION('',(0.,0.,-1.));
#5672 = DIRECTION('',(0.853561359127,0.520992328355,0.));
#5673 = PLANE('',#5674);
#5674 = AXIS2_PLACEMENT_3D('',#5675,#5676,#5677);
#5675 = CARTESIAN_POINT('',(0.,0.,1.51));
#5676 = DIRECTION('',(0.,0.,1.));
#5677 = DIRECTION('',(1.,0.,-0.));
#5678 = ADVANCED_FACE('',(#5679),#5695,.F.);
#5679 = FACE_BOUND('',#5680,.T.);
#5680 = EDGE_LOOP('',(#5681,#5687,#5688,#5694));
#5681 = ORIENTED_EDGE('',*,*,#5682,.T.);
#5682 = EDGE_CURVE('',#3862,#4774,#5683,.T.);
#5683 = LINE('',#5684,#5685);
#5684 = CARTESIAN_POINT('',(119.785155,-111.532124,0.));
#5685 = VECTOR('',#5686,1.);
#5686 = DIRECTION('',(0.,0.,1.));
#5687 = ORIENTED_EDGE('',*,*,#4773,.T.);
#5688 = ORIENTED_EDGE('',*,*,#5689,.F.);
#5689 = EDGE_CURVE('',#3864,#4776,#5690,.T.);
#5690 = LINE('',#5691,#5692);
#5691 = CARTESIAN_POINT('',(119.097875,-110.844845,0.));
#5692 = VECTOR('',#5693,1.);
#5693 = DIRECTION('',(0.,0.,1.));
#5694 = ORIENTED_EDGE('',*,*,#3861,.F.);
#5695 = CYLINDRICAL_SURFACE('',#5696,0.50000016193);
#5696 = AXIS2_PLACEMENT_3D('',#5697,#5698,#5699);
#5697 = CARTESIAN_POINT('',(119.35837780538,-111.2716218155,0.));
#5698 = DIRECTION('',(-0.,-0.,-1.));
#5699 = DIRECTION('',(0.853554112792,-0.521004200113,0.));
#5700 = ADVANCED_FACE('',(#5701),#5712,.T.);
#5701 = FACE_BOUND('',#5702,.T.);
#5702 = EDGE_LOOP('',(#5703,#5709,#5710,#5711));
#5703 = ORIENTED_EDGE('',*,*,#5704,.T.);
#5704 = EDGE_CURVE('',#3873,#4785,#5705,.T.);
#5705 = LINE('',#5706,#5707);
#5706 = CARTESIAN_POINT('',(119.741221,-111.688426,0.));
#5707 = VECTOR('',#5708,1.);
#5708 = DIRECTION('',(0.,0.,1.));
#5709 = ORIENTED_EDGE('',*,*,#4784,.T.);
#5710 = ORIENTED_EDGE('',*,*,#5682,.F.);
#5711 = ORIENTED_EDGE('',*,*,#3872,.F.);
#5712 = CYLINDRICAL_SURFACE('',#5713,0.299690752285);
#5713 = AXIS2_PLACEMENT_3D('',#5714,#5715,#5716);
#5714 = CARTESIAN_POINT('',(120.04091173957,-111.6883387149,0.));
#5715 = DIRECTION('',(0.,0.,-1.));
#5716 = DIRECTION('',(-0.999999957587,-2.912503875246E-04,-0.));
#5717 = ADVANCED_FACE('',(#5718),#5729,.T.);
#5718 = FACE_BOUND('',#5719,.T.);
#5719 = EDGE_LOOP('',(#5720,#5721,#5722,#5728));
#5720 = ORIENTED_EDGE('',*,*,#5689,.T.);
#5721 = ORIENTED_EDGE('',*,*,#4938,.T.);
#5722 = ORIENTED_EDGE('',*,*,#5723,.F.);
#5723 = EDGE_CURVE('',#4019,#4931,#5724,.T.);
#5724 = LINE('',#5725,#5726);
#5725 = CARTESIAN_POINT('',(118.941574,-110.888779,0.));
#5726 = VECTOR('',#5727,1.);
#5727 = DIRECTION('',(0.,0.,1.));
#5728 = ORIENTED_EDGE('',*,*,#4026,.F.);
#5729 = CYLINDRICAL_SURFACE('',#5730,0.299984617892);
#5730 = AXIS2_PLACEMENT_3D('',#5731,#5732,#5733);
#5731 = CARTESIAN_POINT('',(118.94157768057,-110.5887943821,0.));
#5732 = DIRECTION('',(0.,0.,-1.));
#5733 = DIRECTION('',(0.521017779267,-0.853545824011,0.));
#5734 = ADVANCED_FACE('',(#5735),#5746,.T.);
#5735 = FACE_BOUND('',#5736,.T.);
#5736 = EDGE_LOOP('',(#5737,#5743,#5744,#5745));
#5737 = ORIENTED_EDGE('',*,*,#5738,.T.);
#5738 = EDGE_CURVE('',#3882,#4794,#5739,.T.);
#5739 = LINE('',#5740,#5741);
#5740 = CARTESIAN_POINT('',(119.741221,-112.388779,0.));
#5741 = VECTOR('',#5742,1.);
#5742 = DIRECTION('',(0.,0.,1.));
#5743 = ORIENTED_EDGE('',*,*,#4793,.T.);
#5744 = ORIENTED_EDGE('',*,*,#5704,.F.);
#5745 = ORIENTED_EDGE('',*,*,#3881,.F.);
#5746 = PLANE('',#5747);
#5747 = AXIS2_PLACEMENT_3D('',#5748,#5749,#5750);
#5748 = CARTESIAN_POINT('',(119.741221,-112.388779,0.));
#5749 = DIRECTION('',(-1.,0.,0.));
#5750 = DIRECTION('',(0.,1.,0.));
#5751 = ADVANCED_FACE('',(#5752),#5763,.T.);
#5752 = FACE_BOUND('',#5753,.T.);
#5753 = EDGE_LOOP('',(#5754,#5755,#5756,#5762));
#5754 = ORIENTED_EDGE('',*,*,#5723,.T.);
#5755 = ORIENTED_EDGE('',*,*,#4930,.T.);
#5756 = ORIENTED_EDGE('',*,*,#5757,.F.);
#5757 = EDGE_CURVE('',#4011,#4923,#5758,.T.);
#5758 = LINE('',#5759,#5760);
#5759 = CARTESIAN_POINT('',(118.041221,-110.88878,0.));
#5760 = VECTOR('',#5761,1.);
#5761 = DIRECTION('',(0.,0.,1.));
#5762 = ORIENTED_EDGE('',*,*,#4018,.F.);
#5763 = PLANE('',#5764);
#5764 = AXIS2_PLACEMENT_3D('',#5765,#5766,#5767);
#5765 = CARTESIAN_POINT('',(118.941574,-110.888779,0.));
#5766 = DIRECTION('',(1.110675476701E-06,-0.999999999999,0.));
#5767 = DIRECTION('',(-0.999999999999,-1.110675476701E-06,0.));
#5768 = ADVANCED_FACE('',(#5769),#5780,.T.);
#5769 = FACE_BOUND('',#5770,.T.);
#5770 = EDGE_LOOP('',(#5771,#5777,#5778,#5779));
#5771 = ORIENTED_EDGE('',*,*,#5772,.T.);
#5772 = EDGE_CURVE('',#3890,#4802,#5773,.T.);
#5773 = LINE('',#5774,#5775);
#5774 = CARTESIAN_POINT('',(119.74122,-113.089132,0.));
#5775 = VECTOR('',#5776,1.);
#5776 = DIRECTION('',(0.,0.,1.));
#5777 = ORIENTED_EDGE('',*,*,#4801,.T.);
#5778 = ORIENTED_EDGE('',*,*,#5738,.F.);
#5779 = ORIENTED_EDGE('',*,*,#3889,.F.);
#5780 = PLANE('',#5781);
#5781 = AXIS2_PLACEMENT_3D('',#5782,#5783,#5784);
#5782 = CARTESIAN_POINT('',(119.74122,-113.089132,0.));
#5783 = DIRECTION('',(-0.999999999999,1.42785137991E-06,0.));
#5784 = DIRECTION('',(1.42785137991E-06,0.999999999999,0.));
#5785 = ADVANCED_FACE('',(#5786),#5797,.T.);
#5786 = FACE_BOUND('',#5787,.T.);
#5787 = EDGE_LOOP('',(#5788,#5789,#5790,#5796));
#5788 = ORIENTED_EDGE('',*,*,#5757,.T.);
#5789 = ORIENTED_EDGE('',*,*,#4922,.T.);
#5790 = ORIENTED_EDGE('',*,*,#5791,.F.);
#5791 = EDGE_CURVE('',#4002,#4914,#5792,.T.);
#5792 = LINE('',#5793,#5794);
#5793 = CARTESIAN_POINT('',(117.140868,-110.888779,0.));
#5794 = VECTOR('',#5795,1.);
#5795 = DIRECTION('',(0.,0.,1.));
#5796 = ORIENTED_EDGE('',*,*,#4010,.F.);
#5797 = PLANE('',#5798);
#5798 = AXIS2_PLACEMENT_3D('',#5799,#5800,#5801);
#5799 = CARTESIAN_POINT('',(118.041221,-110.88878,0.));
#5800 = DIRECTION('',(-1.110675476702E-06,-0.999999999999,0.));
#5801 = DIRECTION('',(-0.999999999999,1.110675476702E-06,0.));
#5802 = ADVANCED_FACE('',(#5803),#5814,.T.);
#5803 = FACE_BOUND('',#5804,.T.);
#5804 = EDGE_LOOP('',(#5805,#5811,#5812,#5813));
#5805 = ORIENTED_EDGE('',*,*,#5806,.T.);
#5806 = EDGE_CURVE('',#3898,#4810,#5807,.T.);
#5807 = LINE('',#5808,#5809);
#5808 = CARTESIAN_POINT('',(119.785155,-113.245434,0.));
#5809 = VECTOR('',#5810,1.);
#5810 = DIRECTION('',(0.,0.,1.));
#5811 = ORIENTED_EDGE('',*,*,#4809,.T.);
#5812 = ORIENTED_EDGE('',*,*,#5772,.F.);
#5813 = ORIENTED_EDGE('',*,*,#3897,.F.);
#5814 = CYLINDRICAL_SURFACE('',#5815,0.299980161927);
#5815 = AXIS2_PLACEMENT_3D('',#5816,#5817,#5818);
#5816 = CARTESIAN_POINT('',(120.04120016189,-113.0891362949,0.));
#5817 = DIRECTION('',(0.,0.,-1.));
#5818 = DIRECTION('',(-0.853540314971,-0.521026804224,-0.));
#5819 = ADVANCED_FACE('',(#5820),#5831,.T.);
#5820 = FACE_BOUND('',#5821,.T.);
#5821 = EDGE_LOOP('',(#5822,#5823,#5824,#5830));
#5822 = ORIENTED_EDGE('',*,*,#5791,.T.);
#5823 = ORIENTED_EDGE('',*,*,#4913,.T.);
#5824 = ORIENTED_EDGE('',*,*,#5825,.F.);
#5825 = EDGE_CURVE('',#3993,#4905,#5826,.T.);
#5826 = LINE('',#5827,#5828);
#5827 = CARTESIAN_POINT('',(116.984566,-110.844845,0.));
#5828 = VECTOR('',#5829,1.);
#5829 = DIRECTION('',(0.,0.,1.));
#5830 = ORIENTED_EDGE('',*,*,#4001,.F.);
#5831 = CYLINDRICAL_SURFACE('',#5832,0.300016442167);
#5832 = AXIS2_PLACEMENT_3D('',#5833,#5834,#5835);
#5833 = CARTESIAN_POINT('',(117.14087226474,-110.5887625578,0.));
#5834 = DIRECTION('',(0.,0.,-1.));
#5835 = DIRECTION('',(-1.421505136902E-05,-0.999999999899,-0.));
#5836 = ADVANCED_FACE('',(#5837),#5848,.F.);
#5837 = FACE_BOUND('',#5838,.T.);
#5838 = EDGE_LOOP('',(#5839,#5845,#5846,#5847));
#5839 = ORIENTED_EDGE('',*,*,#5840,.T.);
#5840 = EDGE_CURVE('',#3907,#4819,#5841,.T.);
#5841 = LINE('',#5842,#5843);
#5842 = CARTESIAN_POINT('',(119.097876,-113.932713,0.));
#5843 = VECTOR('',#5844,1.);
#5844 = DIRECTION('',(0.,0.,1.));
#5845 = ORIENTED_EDGE('',*,*,#4818,.T.);
#5846 = ORIENTED_EDGE('',*,*,#5806,.F.);
#5847 = ORIENTED_EDGE('',*,*,#3906,.F.);
#5848 = CYLINDRICAL_SURFACE('',#5849,0.499998734392);
#5849 = AXIS2_PLACEMENT_3D('',#5850,#5851,#5852);
#5850 = CARTESIAN_POINT('',(119.35838150432,-113.5059395043,0.));
#5851 = DIRECTION('',(-0.,-0.,-1.));
#5852 = DIRECTION('',(-0.521012327448,-0.853549151864,0.));
#5853 = ADVANCED_FACE('',(#5854),#5865,.F.);
#5854 = FACE_BOUND('',#5855,.T.);
#5855 = EDGE_LOOP('',(#5856,#5857,#5858,#5864));
#5856 = ORIENTED_EDGE('',*,*,#5825,.T.);
#5857 = ORIENTED_EDGE('',*,*,#4904,.T.);
#5858 = ORIENTED_EDGE('',*,*,#5859,.F.);
#5859 = EDGE_CURVE('',#3984,#4896,#5860,.T.);
#5860 = LINE('',#5861,#5862);
#5861 = CARTESIAN_POINT('',(116.297287,-111.532124,0.));
#5862 = VECTOR('',#5863,1.);
#5863 = DIRECTION('',(0.,0.,1.));
#5864 = ORIENTED_EDGE('',*,*,#3992,.F.);
#5865 = CYLINDRICAL_SURFACE('',#5866,0.499999821338);
#5866 = AXIS2_PLACEMENT_3D('',#5867,#5868,#5869);
#5867 = CARTESIAN_POINT('',(116.72406376426,-111.2716217642,0.));
#5868 = DIRECTION('',(-0.,-0.,-1.));
#5869 = DIRECTION('',(0.521004657649,0.853553833515,-0.));
#5870 = ADVANCED_FACE('',(#5871),#5882,.T.);
#5871 = FACE_BOUND('',#5872,.T.);
#5872 = EDGE_LOOP('',(#5873,#5879,#5880,#5881));
#5873 = ORIENTED_EDGE('',*,*,#5874,.T.);
#5874 = EDGE_CURVE('',#3916,#4828,#5875,.T.);
#5875 = LINE('',#5876,#5877);
#5876 = CARTESIAN_POINT('',(118.941574,-113.888779,0.));
#5877 = VECTOR('',#5878,1.);
#5878 = DIRECTION('',(0.,0.,1.));
#5879 = ORIENTED_EDGE('',*,*,#4827,.T.);
#5880 = ORIENTED_EDGE('',*,*,#5840,.F.);
#5881 = ORIENTED_EDGE('',*,*,#3915,.F.);
#5882 = CYLINDRICAL_SURFACE('',#5883,0.300023425677);
#5883 = AXIS2_PLACEMENT_3D('',#5884,#5885,#5886);
#5884 = CARTESIAN_POINT('',(118.9415677723,-114.1888024256,0.));
#5885 = DIRECTION('',(0.,0.,-1.));
#5886 = DIRECTION('',(2.075735545944E-05,0.999999999785,0.));
#5887 = ADVANCED_FACE('',(#5888),#5899,.T.);
#5888 = FACE_BOUND('',#5889,.T.);
#5889 = EDGE_LOOP('',(#5890,#5891,#5892,#5898));
#5890 = ORIENTED_EDGE('',*,*,#5859,.T.);
#5891 = ORIENTED_EDGE('',*,*,#4895,.T.);
#5892 = ORIENTED_EDGE('',*,*,#5893,.F.);
#5893 = EDGE_CURVE('',#3976,#4888,#5894,.T.);
#5894 = LINE('',#5895,#5896);
#5895 = CARTESIAN_POINT('',(116.341222,-111.688426,0.));
#5896 = VECTOR('',#5897,1.);
#5897 = DIRECTION('',(0.,0.,1.));
#5898 = ORIENTED_EDGE('',*,*,#3983,.F.);
#5899 = CYLINDRICAL_SURFACE('',#5900,0.300005001885);
#5900 = AXIS2_PLACEMENT_3D('',#5901,#5902,#5903);
#5901 = CARTESIAN_POINT('',(116.04121699812,-111.6884286873,0.));
#5902 = DIRECTION('',(0.,0.,-1.));
#5903 = DIRECTION('',(0.853552441673,0.521006937876,0.));
#5904 = ADVANCED_FACE('',(#5905),#5916,.T.);
#5905 = FACE_BOUND('',#5906,.T.);
#5906 = EDGE_LOOP('',(#5907,#5913,#5914,#5915));
#5907 = ORIENTED_EDGE('',*,*,#5908,.T.);
#5908 = EDGE_CURVE('',#3925,#4837,#5909,.T.);
#5909 = LINE('',#5910,#5911);
#5910 = CARTESIAN_POINT('',(118.041221,-113.888778,0.));
#5911 = VECTOR('',#5912,1.);
#5912 = DIRECTION('',(0.,0.,1.));
#5913 = ORIENTED_EDGE('',*,*,#4836,.T.);
#5914 = ORIENTED_EDGE('',*,*,#5874,.F.);
#5915 = ORIENTED_EDGE('',*,*,#3924,.F.);
#5916 = PLANE('',#5917);
#5917 = AXIS2_PLACEMENT_3D('',#5918,#5919,#5920);
#5918 = CARTESIAN_POINT('',(118.041221,-113.888778,0.));
#5919 = DIRECTION('',(1.110675476701E-06,0.999999999999,-0.));
#5920 = DIRECTION('',(0.999999999999,-1.110675476701E-06,0.));
#5921 = ADVANCED_FACE('',(#5922),#5933,.T.);
#5922 = FACE_BOUND('',#5923,.T.);
#5923 = EDGE_LOOP('',(#5924,#5925,#5926,#5932));
#5924 = ORIENTED_EDGE('',*,*,#5893,.T.);
#5925 = ORIENTED_EDGE('',*,*,#4887,.T.);
#5926 = ORIENTED_EDGE('',*,*,#5927,.F.);
#5927 = EDGE_CURVE('',#3968,#4880,#5928,.T.);
#5928 = LINE('',#5929,#5930);
#5929 = CARTESIAN_POINT('',(116.341221,-112.388779,0.));
#5930 = VECTOR('',#5931,1.);
#5931 = DIRECTION('',(0.,0.,1.));
#5932 = ORIENTED_EDGE('',*,*,#3975,.F.);
#5933 = PLANE('',#5934);
#5934 = AXIS2_PLACEMENT_3D('',#5935,#5936,#5937);
#5935 = CARTESIAN_POINT('',(116.341222,-111.688426,0.));
#5936 = DIRECTION('',(0.999999999999,-1.42785137991E-06,0.));
#5937 = DIRECTION('',(-1.42785137991E-06,-0.999999999999,0.));
#5938 = ADVANCED_FACE('',(#5939),#5950,.T.);
#5939 = FACE_BOUND('',#5940,.T.);
#5940 = EDGE_LOOP('',(#5941,#5947,#5948,#5949));
#5941 = ORIENTED_EDGE('',*,*,#5942,.T.);
#5942 = EDGE_CURVE('',#3933,#4845,#5943,.T.);
#5943 = LINE('',#5944,#5945);
#5944 = CARTESIAN_POINT('',(117.140868,-113.888779,0.));
#5945 = VECTOR('',#5946,1.);
#5946 = DIRECTION('',(0.,0.,1.));
#5947 = ORIENTED_EDGE('',*,*,#4844,.T.);
#5948 = ORIENTED_EDGE('',*,*,#5908,.F.);
#5949 = ORIENTED_EDGE('',*,*,#3932,.F.);
#5950 = PLANE('',#5951);
#5951 = AXIS2_PLACEMENT_3D('',#5952,#5953,#5954);
#5952 = CARTESIAN_POINT('',(117.140868,-113.888779,0.));
#5953 = DIRECTION('',(-1.110675476702E-06,0.999999999999,0.));
#5954 = DIRECTION('',(0.999999999999,1.110675476702E-06,0.));
#5955 = ADVANCED_FACE('',(#5956),#5967,.T.);
#5956 = FACE_BOUND('',#5957,.T.);
#5957 = EDGE_LOOP('',(#5958,#5959,#5960,#5966));
#5958 = ORIENTED_EDGE('',*,*,#5927,.T.);
#5959 = ORIENTED_EDGE('',*,*,#4879,.T.);
#5960 = ORIENTED_EDGE('',*,*,#5961,.F.);
#5961 = EDGE_CURVE('',#3959,#4871,#5962,.T.);
#5962 = LINE('',#5963,#5964);
#5963 = CARTESIAN_POINT('',(116.341221,-113.089132,0.));
#5964 = VECTOR('',#5965,1.);
#5965 = DIRECTION('',(0.,0.,1.));
#5966 = ORIENTED_EDGE('',*,*,#3967,.F.);
#5967 = PLANE('',#5968);
#5968 = AXIS2_PLACEMENT_3D('',#5969,#5970,#5971);
#5969 = CARTESIAN_POINT('',(116.341221,-112.388779,0.));
#5970 = DIRECTION('',(1.,0.,-0.));
#5971 = DIRECTION('',(0.,-1.,0.));
#5972 = ADVANCED_FACE('',(#5973),#5984,.T.);
#5973 = FACE_BOUND('',#5974,.T.);
#5974 = EDGE_LOOP('',(#5975,#5981,#5982,#5983));
#5975 = ORIENTED_EDGE('',*,*,#5976,.T.);
#5976 = EDGE_CURVE('',#3941,#4853,#5977,.T.);
#5977 = LINE('',#5978,#5979);
#5978 = CARTESIAN_POINT('',(116.984567,-113.932713,0.));
#5979 = VECTOR('',#5980,1.);
#5980 = DIRECTION('',(0.,0.,1.));
#5981 = ORIENTED_EDGE('',*,*,#4852,.T.);
#5982 = ORIENTED_EDGE('',*,*,#5942,.F.);
#5983 = ORIENTED_EDGE('',*,*,#3940,.F.);
#5984 = CYLINDRICAL_SURFACE('',#5985,0.299991599978);
#5985 = AXIS2_PLACEMENT_3D('',#5986,#5987,#5988);
#5986 = CARTESIAN_POINT('',(117.14086628199,-114.1887705999,0.));
#5987 = DIRECTION('',(0.,0.,-1.));
#5988 = DIRECTION('',(-0.521012195043,0.853549232685,0.));
#5989 = ADVANCED_FACE('',(#5990),#6001,.T.);
#5990 = FACE_BOUND('',#5991,.T.);
#5991 = EDGE_LOOP('',(#5992,#5993,#5994,#6000));
#5992 = ORIENTED_EDGE('',*,*,#5961,.T.);
#5993 = ORIENTED_EDGE('',*,*,#4870,.T.);
#5994 = ORIENTED_EDGE('',*,*,#5995,.F.);
#5995 = EDGE_CURVE('',#3950,#4862,#5996,.T.);
#5996 = LINE('',#5997,#5998);
#5997 = CARTESIAN_POINT('',(116.297287,-113.245434,0.));
#5998 = VECTOR('',#5999,1.);
#5999 = DIRECTION('',(0.,0.,1.));
#6000 = ORIENTED_EDGE('',*,*,#3958,.F.);
#6001 = CYLINDRICAL_SURFACE('',#6002,0.300023425677);
#6002 = AXIS2_PLACEMENT_3D('',#6003,#6004,#6005);
#6003 = CARTESIAN_POINT('',(116.04119757438,-113.0891257723,0.));
#6004 = DIRECTION('',(0.,0.,-1.));
#6005 = DIRECTION('',(0.999999999785,-2.075735545944E-05,0.));
#6006 = ADVANCED_FACE('',(#6007),#6013,.F.);
#6007 = FACE_BOUND('',#6008,.T.);
#6008 = EDGE_LOOP('',(#6009,#6010,#6011,#6012));
#6009 = ORIENTED_EDGE('',*,*,#5995,.T.);
#6010 = ORIENTED_EDGE('',*,*,#4861,.T.);
#6011 = ORIENTED_EDGE('',*,*,#5976,.F.);
#6012 = ORIENTED_EDGE('',*,*,#3949,.F.);
#6013 = CYLINDRICAL_SURFACE('',#6014,0.50000016193);
#6014 = AXIS2_PLACEMENT_3D('',#6015,#6016,#6017);
#6015 = CARTESIAN_POINT('',(116.72406419461,-113.5059361844,0.));
#6016 = DIRECTION('',(-0.,-0.,-1.));
#6017 = DIRECTION('',(-0.853554112792,0.521004200113,0.));
#6018 = ADVANCED_FACE('',(#6019),#6030,.F.);
#6019 = FACE_BOUND('',#6020,.T.);
#6020 = EDGE_LOOP('',(#6021,#6022,#6028,#6029));
#6021 = ORIENTED_EDGE('',*,*,#4035,.T.);
#6022 = ORIENTED_EDGE('',*,*,#6023,.T.);
#6023 = EDGE_CURVE('',#4036,#4948,#6024,.T.);
#6024 = LINE('',#6025,#6026);
#6025 = CARTESIAN_POINT('',(123.711221,-106.908779,-4.6E-02));
#6026 = VECTOR('',#6027,1.);
#6027 = DIRECTION('',(0.,0.,1.));
#6028 = ORIENTED_EDGE('',*,*,#4947,.F.);
#6029 = ORIENTED_EDGE('',*,*,#6023,.F.);
#6030 = CYLINDRICAL_SURFACE('',#6031,0.5);
#6031 = AXIS2_PLACEMENT_3D('',#6032,#6033,#6034);
#6032 = CARTESIAN_POINT('',(123.711221,-106.408779,-4.6E-02));
#6033 = DIRECTION('',(-0.,-0.,-1.));
#6034 = DIRECTION('',(-0.,-1.,0.));
#6035 = ADVANCED_FACE('',(#6036),#6047,.F.);
#6036 = FACE_BOUND('',#6037,.T.);
#6037 = EDGE_LOOP('',(#6038,#6039,#6045,#6046));
#6038 = ORIENTED_EDGE('',*,*,#4046,.T.);
#6039 = ORIENTED_EDGE('',*,*,#6040,.T.);
#6040 = EDGE_CURVE('',#4047,#4959,#6041,.T.);
#6041 = LINE('',#6042,#6043);
#6042 = CARTESIAN_POINT('',(126.251221,-106.908779,-4.6E-02));
#6043 = VECTOR('',#6044,1.);
#6044 = DIRECTION('',(0.,0.,1.));
#6045 = ORIENTED_EDGE('',*,*,#4958,.F.);
#6046 = ORIENTED_EDGE('',*,*,#6040,.F.);
#6047 = CYLINDRICAL_SURFACE('',#6048,0.5);
#6048 = AXIS2_PLACEMENT_3D('',#6049,#6050,#6051);
#6049 = CARTESIAN_POINT('',(126.251221,-106.408779,-4.6E-02));
#6050 = DIRECTION('',(-0.,-0.,-1.));
#6051 = DIRECTION('',(-0.,-1.,0.));
#6052 = ADVANCED_FACE('',(#6053),#6069,.F.);
#6053 = FACE_BOUND('',#6054,.T.);
#6054 = EDGE_LOOP('',(#6055,#6061,#6062,#6068));
#6055 = ORIENTED_EDGE('',*,*,#6056,.T.);
#6056 = EDGE_CURVE('',#4058,#4970,#6057,.T.);
#6057 = LINE('',#6058,#6059);
#6058 = CARTESIAN_POINT('',(136.743934,-111.743345,0.));
#6059 = VECTOR('',#6060,1.);
#6060 = DIRECTION('',(0.,0.,1.));
#6061 = ORIENTED_EDGE('',*,*,#4969,.T.);
#6062 = ORIENTED_EDGE('',*,*,#6063,.F.);
#6063 = EDGE_CURVE('',#4060,#4972,#6064,.T.);
#6064 = LINE('',#6065,#6066);
#6065 = CARTESIAN_POINT('',(136.056655,-111.056066,0.));
#6066 = VECTOR('',#6067,1.);
#6067 = DIRECTION('',(0.,0.,1.));
#6068 = ORIENTED_EDGE('',*,*,#4057,.F.);
#6069 = CYLINDRICAL_SURFACE('',#6070,0.499999821338);
#6070 = AXIS2_PLACEMENT_3D('',#6071,#6072,#6073);
#6071 = CARTESIAN_POINT('',(136.31715723574,-111.4828427642,0.));
#6072 = DIRECTION('',(-0.,-0.,-1.));
#6073 = DIRECTION('',(0.853553833515,-0.521004657649,0.));
#6074 = ADVANCED_FACE('',(#6075),#6086,.T.);
#6075 = FACE_BOUND('',#6076,.T.);
#6076 = EDGE_LOOP('',(#6077,#6083,#6084,#6085));
#6077 = ORIENTED_EDGE('',*,*,#6078,.T.);
#6078 = EDGE_CURVE('',#4069,#4981,#6079,.T.);
#6079 = LINE('',#6080,#6081);
#6080 = CARTESIAN_POINT('',(136.699999,-111.899647,0.));
#6081 = VECTOR('',#6082,1.);
#6082 = DIRECTION('',(0.,0.,1.));
#6083 = ORIENTED_EDGE('',*,*,#4980,.T.);
#6084 = ORIENTED_EDGE('',*,*,#6056,.F.);
#6085 = ORIENTED_EDGE('',*,*,#4068,.F.);
#6086 = CYLINDRICAL_SURFACE('',#6087,0.299672372563);
#6087 = AXIS2_PLACEMENT_3D('',#6088,#6089,#6090);
#6088 = CARTESIAN_POINT('',(136.9996713588,-111.8995561845,0.));
#6089 = DIRECTION('',(0.,0.,-1.));
#6090 = DIRECTION('',(-0.999999954081,-3.030489975809E-04,-0.));
#6091 = ADVANCED_FACE('',(#6092),#6103,.T.);
#6092 = FACE_BOUND('',#6093,.T.);
#6093 = EDGE_LOOP('',(#6094,#6095,#6096,#6102));
#6094 = ORIENTED_EDGE('',*,*,#6063,.T.);
#6095 = ORIENTED_EDGE('',*,*,#5134,.T.);
#6096 = ORIENTED_EDGE('',*,*,#6097,.F.);
#6097 = EDGE_CURVE('',#4215,#5127,#6098,.T.);
#6098 = LINE('',#6099,#6100);
#6099 = CARTESIAN_POINT('',(135.900353,-111.1,0.));
#6100 = VECTOR('',#6101,1.);
#6101 = DIRECTION('',(0.,0.,1.));
#6102 = ORIENTED_EDGE('',*,*,#4222,.F.);
#6103 = CYLINDRICAL_SURFACE('',#6104,0.299948908718);
#6104 = AXIS2_PLACEMENT_3D('',#6105,#6106,#6107);
#6105 = CARTESIAN_POINT('',(135.90036771791,-110.8000510916,0.));
#6106 = DIRECTION('',(0.,0.,-1.));
#6107 = DIRECTION('',(0.521046343354,-0.853528387388,0.));
#6108 = ADVANCED_FACE('',(#6109),#6120,.T.);
#6109 = FACE_BOUND('',#6110,.T.);
#6110 = EDGE_LOOP('',(#6111,#6117,#6118,#6119));
#6111 = ORIENTED_EDGE('',*,*,#6112,.T.);
#6112 = EDGE_CURVE('',#4078,#4990,#6113,.T.);
#6113 = LINE('',#6114,#6115);
#6114 = CARTESIAN_POINT('',(136.7,-112.6,0.));
#6115 = VECTOR('',#6116,1.);
#6116 = DIRECTION('',(0.,0.,1.));
#6117 = ORIENTED_EDGE('',*,*,#4989,.T.);
#6118 = ORIENTED_EDGE('',*,*,#6078,.F.);
#6119 = ORIENTED_EDGE('',*,*,#4077,.F.);
#6120 = PLANE('',#6121);
#6121 = AXIS2_PLACEMENT_3D('',#6122,#6123,#6124);
#6122 = CARTESIAN_POINT('',(136.7,-112.6,0.));
#6123 = DIRECTION('',(-0.999999999999,-1.42785137991E-06,0.));
#6124 = DIRECTION('',(-1.42785137991E-06,0.999999999999,0.));
#6125 = ADVANCED_FACE('',(#6126),#6137,.T.);
#6126 = FACE_BOUND('',#6127,.T.);
#6127 = EDGE_LOOP('',(#6128,#6129,#6130,#6136));
#6128 = ORIENTED_EDGE('',*,*,#6097,.T.);
#6129 = ORIENTED_EDGE('',*,*,#5126,.T.);
#6130 = ORIENTED_EDGE('',*,*,#6131,.F.);
#6131 = EDGE_CURVE('',#4207,#5119,#6132,.T.);
#6132 = LINE('',#6133,#6134);
#6133 = CARTESIAN_POINT('',(135.,-111.100001,0.));
#6134 = VECTOR('',#6135,1.);
#6135 = DIRECTION('',(0.,0.,1.));
#6136 = ORIENTED_EDGE('',*,*,#4214,.F.);
#6137 = PLANE('',#6138);
#6138 = AXIS2_PLACEMENT_3D('',#6139,#6140,#6141);
#6139 = CARTESIAN_POINT('',(135.900353,-111.1,0.));
#6140 = DIRECTION('',(1.110675492485E-06,-0.999999999999,0.));
#6141 = DIRECTION('',(-0.999999999999,-1.110675492485E-06,0.));
#6142 = ADVANCED_FACE('',(#6143),#6154,.T.);
#6143 = FACE_BOUND('',#6144,.T.);
#6144 = EDGE_LOOP('',(#6145,#6151,#6152,#6153));
#6145 = ORIENTED_EDGE('',*,*,#6146,.T.);
#6146 = EDGE_CURVE('',#4086,#4998,#6147,.T.);
#6147 = LINE('',#6148,#6149);
#6148 = CARTESIAN_POINT('',(136.7,-113.300353,0.));
#6149 = VECTOR('',#6150,1.);
#6150 = DIRECTION('',(0.,0.,1.));
#6151 = ORIENTED_EDGE('',*,*,#4997,.T.);
#6152 = ORIENTED_EDGE('',*,*,#6112,.F.);
#6153 = ORIENTED_EDGE('',*,*,#4085,.F.);
#6154 = PLANE('',#6155);
#6155 = AXIS2_PLACEMENT_3D('',#6156,#6157,#6158);
#6156 = CARTESIAN_POINT('',(136.7,-113.300353,0.));
#6157 = DIRECTION('',(-1.,0.,0.));
#6158 = DIRECTION('',(0.,1.,0.));
#6159 = ADVANCED_FACE('',(#6160),#6171,.T.);
#6160 = FACE_BOUND('',#6161,.T.);
#6161 = EDGE_LOOP('',(#6162,#6163,#6164,#6170));
#6162 = ORIENTED_EDGE('',*,*,#6131,.T.);
#6163 = ORIENTED_EDGE('',*,*,#5118,.T.);
#6164 = ORIENTED_EDGE('',*,*,#6165,.F.);
#6165 = EDGE_CURVE('',#4198,#5110,#6166,.T.);
#6166 = LINE('',#6167,#6168);
#6167 = CARTESIAN_POINT('',(134.099647,-111.1,0.));
#6168 = VECTOR('',#6169,1.);
#6169 = DIRECTION('',(0.,0.,1.));
#6170 = ORIENTED_EDGE('',*,*,#4206,.F.);
#6171 = PLANE('',#6172);
#6172 = AXIS2_PLACEMENT_3D('',#6173,#6174,#6175);
#6173 = CARTESIAN_POINT('',(135.,-111.100001,0.));
#6174 = DIRECTION('',(-1.110675492485E-06,-0.999999999999,0.));
#6175 = DIRECTION('',(-0.999999999999,1.110675492485E-06,0.));
#6176 = ADVANCED_FACE('',(#6177),#6188,.T.);
#6177 = FACE_BOUND('',#6178,.T.);
#6178 = EDGE_LOOP('',(#6179,#6185,#6186,#6187));
#6179 = ORIENTED_EDGE('',*,*,#6180,.T.);
#6180 = EDGE_CURVE('',#4094,#5006,#6181,.T.);
#6181 = LINE('',#6182,#6183);
#6182 = CARTESIAN_POINT('',(136.743934,-113.456655,0.));
#6183 = VECTOR('',#6184,1.);
#6184 = DIRECTION('',(0.,0.,1.));
#6185 = ORIENTED_EDGE('',*,*,#5005,.T.);
#6186 = ORIENTED_EDGE('',*,*,#6146,.F.);
#6187 = ORIENTED_EDGE('',*,*,#4093,.F.);
#6188 = CYLINDRICAL_SURFACE('',#6189,0.299973743356);
#6189 = AXIS2_PLACEMENT_3D('',#6190,#6191,#6192);
#6190 = CARTESIAN_POINT('',(136.99997374325,-113.3003607372,0.));
#6191 = DIRECTION('',(0.,0.,-1.));
#6192 = DIRECTION('',(-0.853540514552,-0.521026477272,-0.));
#6193 = ADVANCED_FACE('',(#6194),#6205,.T.);
#6194 = FACE_BOUND('',#6195,.T.);
#6195 = EDGE_LOOP('',(#6196,#6197,#6198,#6204));
#6196 = ORIENTED_EDGE('',*,*,#6165,.T.);
#6197 = ORIENTED_EDGE('',*,*,#5109,.T.);
#6198 = ORIENTED_EDGE('',*,*,#6199,.F.);
#6199 = EDGE_CURVE('',#4189,#5101,#6200,.T.);
#6200 = LINE('',#6201,#6202);
#6201 = CARTESIAN_POINT('',(133.943346,-111.056066,0.));
#6202 = VECTOR('',#6203,1.);
#6203 = DIRECTION('',(0.,0.,1.));
#6204 = ORIENTED_EDGE('',*,*,#4197,.F.);
#6205 = CYLINDRICAL_SURFACE('',#6206,0.299991599979);
#6206 = AXIS2_PLACEMENT_3D('',#6207,#6208,#6209);
#6207 = CARTESIAN_POINT('',(134.09964528199,-110.8000084,0.));
#6208 = DIRECTION('',(0.,0.,-1.));
#6209 = DIRECTION('',(5.726830121154E-06,-0.999999999984,0.));
#6210 = ADVANCED_FACE('',(#6211),#6222,.F.);
#6211 = FACE_BOUND('',#6212,.T.);
#6212 = EDGE_LOOP('',(#6213,#6219,#6220,#6221));
#6213 = ORIENTED_EDGE('',*,*,#6214,.T.);
#6214 = EDGE_CURVE('',#4103,#5015,#6215,.T.);
#6215 = LINE('',#6216,#6217);
#6216 = CARTESIAN_POINT('',(136.056654,-114.143934,0.));
#6217 = VECTOR('',#6218,1.);
#6218 = DIRECTION('',(0.,0.,1.));
#6219 = ORIENTED_EDGE('',*,*,#5014,.T.);
#6220 = ORIENTED_EDGE('',*,*,#6180,.F.);
#6221 = ORIENTED_EDGE('',*,*,#4102,.F.);
#6222 = CYLINDRICAL_SURFACE('',#6223,0.49999929237);
#6223 = AXIS2_PLACEMENT_3D('',#6224,#6225,#6226);
#6224 = CARTESIAN_POINT('',(136.31715942025,-113.7171597992,0.));
#6225 = DIRECTION('',(-0.,-0.,-1.));
#6226 = DIRECTION('',(-0.521011577885,-0.853549609402,0.));
#6227 = ADVANCED_FACE('',(#6228),#6239,.F.);
#6228 = FACE_BOUND('',#6229,.T.);
#6229 = EDGE_LOOP('',(#6230,#6231,#6232,#6238));
#6230 = ORIENTED_EDGE('',*,*,#6199,.T.);
#6231 = ORIENTED_EDGE('',*,*,#5100,.T.);
#6232 = ORIENTED_EDGE('',*,*,#6233,.F.);
#6233 = EDGE_CURVE('',#4180,#5092,#6234,.T.);
#6234 = LINE('',#6235,#6236);
#6235 = CARTESIAN_POINT('',(133.256066,-111.743345,0.));
#6236 = VECTOR('',#6237,1.);
#6237 = DIRECTION('',(0.,0.,1.));
#6238 = ORIENTED_EDGE('',*,*,#4188,.F.);
#6239 = CYLINDRICAL_SURFACE('',#6240,0.500000814122);
#6240 = AXIS2_PLACEMENT_3D('',#6241,#6242,#6243);
#6241 = CARTESIAN_POINT('',(133.68284515578,-111.4828447767,0.));
#6242 = DIRECTION('',(-0.,-0.,-1.));
#6243 = DIRECTION('',(0.521000840124,0.8535561637,-0.));
#6244 = ADVANCED_FACE('',(#6245),#6256,.T.);
#6245 = FACE_BOUND('',#6246,.T.);
#6246 = EDGE_LOOP('',(#6247,#6253,#6254,#6255));
#6247 = ORIENTED_EDGE('',*,*,#6248,.T.);
#6248 = EDGE_CURVE('',#4112,#5024,#6249,.T.);
#6249 = LINE('',#6250,#6251);
#6250 = CARTESIAN_POINT('',(135.900353,-114.1,0.));
#6251 = VECTOR('',#6252,1.);
#6252 = DIRECTION('',(0.,0.,1.));
#6253 = ORIENTED_EDGE('',*,*,#5023,.T.);
#6254 = ORIENTED_EDGE('',*,*,#6214,.F.);
#6255 = ORIENTED_EDGE('',*,*,#4111,.F.);
#6256 = CYLINDRICAL_SURFACE('',#6257,0.30001644238);
#6257 = AXIS2_PLACEMENT_3D('',#6258,#6259,#6260);
#6258 = CARTESIAN_POINT('',(135.90034773516,-114.4000164423,0.));
#6259 = DIRECTION('',(0.,0.,-1.));
#6260 = DIRECTION('',(1.754848814432E-05,0.999999999846,0.));
#6261 = ADVANCED_FACE('',(#6262),#6273,.T.);
#6262 = FACE_BOUND('',#6263,.T.);
#6263 = EDGE_LOOP('',(#6264,#6265,#6266,#6272));
#6264 = ORIENTED_EDGE('',*,*,#6233,.T.);
#6265 = ORIENTED_EDGE('',*,*,#5091,.T.);
#6266 = ORIENTED_EDGE('',*,*,#6267,.F.);
#6267 = EDGE_CURVE('',#4172,#5084,#6268,.T.);
#6268 = LINE('',#6269,#6270);
#6269 = CARTESIAN_POINT('',(133.3,-111.899647,0.));
#6270 = VECTOR('',#6271,1.);
#6271 = DIRECTION('',(0.,0.,1.));
#6272 = ORIENTED_EDGE('',*,*,#4179,.F.);
#6273 = CYLINDRICAL_SURFACE('',#6274,0.299991600078);
#6274 = AXIS2_PLACEMENT_3D('',#6275,#6276,#6277);
#6275 = CARTESIAN_POINT('',(133.00000839993,-111.899644282,0.));
#6276 = DIRECTION('',(0.,0.,-1.));
#6277 = DIRECTION('',(0.853549232709,0.521012195003,0.));
#6278 = ADVANCED_FACE('',(#6279),#6290,.T.);
#6279 = FACE_BOUND('',#6280,.T.);
#6280 = EDGE_LOOP('',(#6281,#6287,#6288,#6289));
#6281 = ORIENTED_EDGE('',*,*,#6282,.T.);
#6282 = EDGE_CURVE('',#4121,#5033,#6283,.T.);
#6283 = LINE('',#6284,#6285);
#6284 = CARTESIAN_POINT('',(135.,-114.099999,0.));
#6285 = VECTOR('',#6286,1.);
#6286 = DIRECTION('',(0.,0.,1.));
#6287 = ORIENTED_EDGE('',*,*,#5032,.T.);
#6288 = ORIENTED_EDGE('',*,*,#6248,.F.);
#6289 = ORIENTED_EDGE('',*,*,#4120,.F.);
#6290 = PLANE('',#6291);
#6291 = AXIS2_PLACEMENT_3D('',#6292,#6293,#6294);
#6292 = CARTESIAN_POINT('',(135.,-114.099999,0.));
#6293 = DIRECTION('',(1.110675476702E-06,0.999999999999,-0.));
#6294 = DIRECTION('',(0.999999999999,-1.110675476702E-06,0.));
#6295 = ADVANCED_FACE('',(#6296),#6307,.T.);
#6296 = FACE_BOUND('',#6297,.T.);
#6297 = EDGE_LOOP('',(#6298,#6299,#6300,#6306));
#6298 = ORIENTED_EDGE('',*,*,#6267,.T.);
#6299 = ORIENTED_EDGE('',*,*,#5083,.T.);
#6300 = ORIENTED_EDGE('',*,*,#6301,.F.);
#6301 = EDGE_CURVE('',#4164,#5076,#6302,.T.);
#6302 = LINE('',#6303,#6304);
#6303 = CARTESIAN_POINT('',(133.3,-112.6,0.));
#6304 = VECTOR('',#6305,1.);
#6305 = DIRECTION('',(0.,0.,1.));
#6306 = ORIENTED_EDGE('',*,*,#4171,.F.);
#6307 = PLANE('',#6308);
#6308 = AXIS2_PLACEMENT_3D('',#6309,#6310,#6311);
#6309 = CARTESIAN_POINT('',(133.3,-111.899647,0.));
#6310 = DIRECTION('',(1.,0.,-0.));
#6311 = DIRECTION('',(0.,-1.,0.));
#6312 = ADVANCED_FACE('',(#6313),#6324,.T.);
#6313 = FACE_BOUND('',#6314,.T.);
#6314 = EDGE_LOOP('',(#6315,#6321,#6322,#6323));
#6315 = ORIENTED_EDGE('',*,*,#6316,.T.);
#6316 = EDGE_CURVE('',#4129,#5041,#6317,.T.);
#6317 = LINE('',#6318,#6319);
#6318 = CARTESIAN_POINT('',(134.099647,-114.1,0.));
#6319 = VECTOR('',#6320,1.);
#6320 = DIRECTION('',(0.,0.,1.));
#6321 = ORIENTED_EDGE('',*,*,#5040,.T.);
#6322 = ORIENTED_EDGE('',*,*,#6282,.F.);
#6323 = ORIENTED_EDGE('',*,*,#4128,.F.);
#6324 = PLANE('',#6325);
#6325 = AXIS2_PLACEMENT_3D('',#6326,#6327,#6328);
#6326 = CARTESIAN_POINT('',(134.099647,-114.1,0.));
#6327 = DIRECTION('',(-1.110675476702E-06,0.999999999999,0.));
#6328 = DIRECTION('',(0.999999999999,1.110675476702E-06,0.));
#6329 = ADVANCED_FACE('',(#6330),#6341,.T.);
#6330 = FACE_BOUND('',#6331,.T.);
#6331 = EDGE_LOOP('',(#6332,#6333,#6334,#6340));
#6332 = ORIENTED_EDGE('',*,*,#6301,.T.);
#6333 = ORIENTED_EDGE('',*,*,#5075,.T.);
#6334 = ORIENTED_EDGE('',*,*,#6335,.F.);
#6335 = EDGE_CURVE('',#4155,#5067,#6336,.T.);
#6336 = LINE('',#6337,#6338);
#6337 = CARTESIAN_POINT('',(133.300001,-113.300353,0.));
#6338 = VECTOR('',#6339,1.);
#6339 = DIRECTION('',(0.,0.,1.));
#6340 = ORIENTED_EDGE('',*,*,#4163,.F.);
#6341 = PLANE('',#6342);
#6342 = AXIS2_PLACEMENT_3D('',#6343,#6344,#6345);
#6343 = CARTESIAN_POINT('',(133.3,-112.6,0.));
#6344 = DIRECTION('',(0.999999999999,1.42785137991E-06,-0.));
#6345 = DIRECTION('',(1.42785137991E-06,-0.999999999999,0.));
#6346 = ADVANCED_FACE('',(#6347),#6358,.T.);
#6347 = FACE_BOUND('',#6348,.T.);
#6348 = EDGE_LOOP('',(#6349,#6355,#6356,#6357));
#6349 = ORIENTED_EDGE('',*,*,#6350,.T.);
#6350 = EDGE_CURVE('',#4137,#5049,#6351,.T.);
#6351 = LINE('',#6352,#6353);
#6352 = CARTESIAN_POINT('',(133.943345,-114.143934,0.));
#6353 = VECTOR('',#6354,1.);
#6354 = DIRECTION('',(0.,0.,1.));
#6355 = ORIENTED_EDGE('',*,*,#5048,.T.);
#6356 = ORIENTED_EDGE('',*,*,#6316,.F.);
#6357 = ORIENTED_EDGE('',*,*,#4136,.F.);
#6358 = CYLINDRICAL_SURFACE('',#6359,0.299998582341);
#6359 = AXIS2_PLACEMENT_3D('',#6360,#6361,#6362);
#6360 = CARTESIAN_POINT('',(134.09964624464,-114.3999985823,0.));
#6361 = DIRECTION('',(0.,0.,-1.));
#6362 = DIRECTION('',(-0.521006610849,0.853552641289,0.));
#6363 = ADVANCED_FACE('',(#6364),#6375,.T.);
#6364 = FACE_BOUND('',#6365,.T.);
#6365 = EDGE_LOOP('',(#6366,#6367,#6368,#6374));
#6366 = ORIENTED_EDGE('',*,*,#6335,.T.);
#6367 = ORIENTED_EDGE('',*,*,#5066,.T.);
#6368 = ORIENTED_EDGE('',*,*,#6369,.F.);
#6369 = EDGE_CURVE('',#4146,#5058,#6370,.T.);
#6370 = LINE('',#6371,#6372);
#6371 = CARTESIAN_POINT('',(133.256066,-113.456655,0.));
#6372 = VECTOR('',#6373,1.);
#6373 = DIRECTION('',(0.,0.,1.));
#6374 = ORIENTED_EDGE('',*,*,#4154,.F.);
#6375 = CYLINDRICAL_SURFACE('',#6376,0.299980161927);
#6376 = AXIS2_PLACEMENT_3D('',#6377,#6378,#6379);
#6377 = CARTESIAN_POINT('',(133.0000208381,-113.3003572949,0.));
#6378 = DIRECTION('',(0.,0.,-1.));
#6379 = DIRECTION('',(0.999999999898,1.431728310523E-05,0.));
#6380 = ADVANCED_FACE('',(#6381),#6387,.F.);
#6381 = FACE_BOUND('',#6382,.T.);
#6382 = EDGE_LOOP('',(#6383,#6384,#6385,#6386));
#6383 = ORIENTED_EDGE('',*,*,#6369,.T.);
#6384 = ORIENTED_EDGE('',*,*,#5057,.T.);
#6385 = ORIENTED_EDGE('',*,*,#6350,.F.);
#6386 = ORIENTED_EDGE('',*,*,#4145,.F.);
#6387 = CYLINDRICAL_SURFACE('',#6388,0.499999821338);
#6388 = AXIS2_PLACEMENT_3D('',#6389,#6390,#6391);
#6389 = CARTESIAN_POINT('',(133.68284276426,-113.7171572357,0.));
#6390 = DIRECTION('',(-0.,-0.,-1.));
#6391 = DIRECTION('',(-0.853553833515,0.521004657649,0.));
#6392 = ADVANCED_FACE('',(#6393),#6404,.F.);
#6393 = FACE_BOUND('',#6394,.T.);
#6394 = EDGE_LOOP('',(#6395,#6396,#6402,#6403));
#6395 = ORIENTED_EDGE('',*,*,#4231,.T.);
#6396 = ORIENTED_EDGE('',*,*,#6397,.T.);
#6397 = EDGE_CURVE('',#4232,#5144,#6398,.T.);
#6398 = LINE('',#6399,#6400);
#6399 = CARTESIAN_POINT('',(128.791221,-106.908779,-4.6E-02));
#6400 = VECTOR('',#6401,1.);
#6401 = DIRECTION('',(0.,0.,1.));
#6402 = ORIENTED_EDGE('',*,*,#5143,.F.);
#6403 = ORIENTED_EDGE('',*,*,#6397,.F.);
#6404 = CYLINDRICAL_SURFACE('',#6405,0.5);
#6405 = AXIS2_PLACEMENT_3D('',#6406,#6407,#6408);
#6406 = CARTESIAN_POINT('',(128.791221,-106.408779,-4.6E-02));
#6407 = DIRECTION('',(-0.,-0.,-1.));
#6408 = DIRECTION('',(-0.,-1.,0.));
#6409 = ADVANCED_FACE('',(#6410),#6426,.F.);
#6410 = FACE_BOUND('',#6411,.T.);
#6411 = EDGE_LOOP('',(#6412,#6418,#6419,#6425));
#6412 = ORIENTED_EDGE('',*,*,#6413,.T.);
#6413 = EDGE_CURVE('',#4243,#5155,#6414,.T.);
#6414 = LINE('',#6415,#6416);
#6415 = CARTESIAN_POINT('',(112.244566,-93.694845,0.));
#6416 = VECTOR('',#6417,1.);
#6417 = DIRECTION('',(0.,0.,1.));
#6418 = ORIENTED_EDGE('',*,*,#5154,.T.);
#6419 = ORIENTED_EDGE('',*,*,#6420,.F.);
#6420 = EDGE_CURVE('',#4245,#5157,#6421,.T.);
#6421 = LINE('',#6422,#6423);
#6422 = CARTESIAN_POINT('',(111.557287,-94.382123,0.));
#6423 = VECTOR('',#6424,1.);
#6424 = DIRECTION('',(0.,0.,1.));
#6425 = ORIENTED_EDGE('',*,*,#4242,.F.);
#6426 = CYLINDRICAL_SURFACE('',#6427,0.499999045961);
#6427 = AXIS2_PLACEMENT_3D('',#6428,#6429,#6430);
#6428 = CARTESIAN_POINT('',(111.9840624055,-94.12162002646,0.));
#6429 = DIRECTION('',(-0.,-0.,-1.));
#6430 = DIRECTION('',(0.521008183117,0.853551681579,-0.));
#6431 = ADVANCED_FACE('',(#6432),#6443,.T.);
#6432 = FACE_BOUND('',#6433,.T.);
#6433 = EDGE_LOOP('',(#6434,#6440,#6441,#6442));
#6434 = ORIENTED_EDGE('',*,*,#6435,.T.);
#6435 = EDGE_CURVE('',#4254,#5166,#6436,.T.);
#6436 = LINE('',#6437,#6438);
#6437 = CARTESIAN_POINT('',(112.400868,-93.738779,0.));
#6438 = VECTOR('',#6439,1.);
#6439 = DIRECTION('',(0.,0.,1.));
#6440 = ORIENTED_EDGE('',*,*,#5165,.T.);
#6441 = ORIENTED_EDGE('',*,*,#6413,.F.);
#6442 = ORIENTED_EDGE('',*,*,#4253,.F.);
#6443 = CYLINDRICAL_SURFACE('',#6444,0.300016442166);
#6444 = AXIS2_PLACEMENT_3D('',#6445,#6446,#6447);
#6445 = CARTESIAN_POINT('',(112.40087226474,-93.43876255786,0.));
#6446 = DIRECTION('',(0.,0.,-1.));
#6447 = DIRECTION('',(-1.421505094274E-05,-0.999999999899,-0.));
#6448 = ADVANCED_FACE('',(#6449),#6460,.T.);
#6449 = FACE_BOUND('',#6450,.T.);
#6450 = EDGE_LOOP('',(#6451,#6452,#6453,#6459));
#6451 = ORIENTED_EDGE('',*,*,#6420,.T.);
#6452 = ORIENTED_EDGE('',*,*,#5319,.T.);
#6453 = ORIENTED_EDGE('',*,*,#6454,.F.);
#6454 = EDGE_CURVE('',#4400,#5312,#6455,.T.);
#6455 = LINE('',#6456,#6457);
#6456 = CARTESIAN_POINT('',(111.601221,-94.538426,0.));
#6457 = VECTOR('',#6458,1.);
#6458 = DIRECTION('',(0.,0.,1.));
#6459 = ORIENTED_EDGE('',*,*,#4407,.F.);
#6460 = CYLINDRICAL_SURFACE('',#6461,0.299998582397);
#6461 = AXIS2_PLACEMENT_3D('',#6462,#6463,#6464);
#6462 = CARTESIAN_POINT('',(111.3012224176,-94.53842424466,0.));
#6463 = DIRECTION('',(0.,0.,-1.));
#6464 = DIRECTION('',(0.853552641302,0.521006610828,0.));
#6465 = ADVANCED_FACE('',(#6466),#6477,.T.);
#6466 = FACE_BOUND('',#6467,.T.);
#6467 = EDGE_LOOP('',(#6468,#6474,#6475,#6476));
#6468 = ORIENTED_EDGE('',*,*,#6469,.T.);
#6469 = EDGE_CURVE('',#4263,#5175,#6470,.T.);
#6470 = LINE('',#6471,#6472);
#6471 = CARTESIAN_POINT('',(113.101221,-93.738779,0.));
#6472 = VECTOR('',#6473,1.);
#6473 = DIRECTION('',(0.,0.,1.));
#6474 = ORIENTED_EDGE('',*,*,#5174,.T.);
#6475 = ORIENTED_EDGE('',*,*,#6435,.F.);
#6476 = ORIENTED_EDGE('',*,*,#4262,.F.);
#6477 = PLANE('',#6478);
#6478 = AXIS2_PLACEMENT_3D('',#6479,#6480,#6481);
#6479 = CARTESIAN_POINT('',(113.101221,-93.738779,0.));
#6480 = DIRECTION('',(0.,-1.,0.));
#6481 = DIRECTION('',(-1.,0.,0.));
#6482 = ADVANCED_FACE('',(#6483),#6494,.T.);
#6483 = FACE_BOUND('',#6484,.T.);
#6484 = EDGE_LOOP('',(#6485,#6486,#6487,#6493));
#6485 = ORIENTED_EDGE('',*,*,#6454,.T.);
#6486 = ORIENTED_EDGE('',*,*,#5311,.T.);
#6487 = ORIENTED_EDGE('',*,*,#6488,.F.);
#6488 = EDGE_CURVE('',#4392,#5304,#6489,.T.);
#6489 = LINE('',#6490,#6491);
#6490 = CARTESIAN_POINT('',(111.601221,-95.43878,0.));
#6491 = VECTOR('',#6492,1.);
#6492 = DIRECTION('',(0.,0.,1.));
#6493 = ORIENTED_EDGE('',*,*,#4399,.F.);
#6494 = PLANE('',#6495);
#6495 = AXIS2_PLACEMENT_3D('',#6496,#6497,#6498);
#6496 = CARTESIAN_POINT('',(111.601221,-94.538426,0.));
#6497 = DIRECTION('',(1.,0.,-0.));
#6498 = DIRECTION('',(0.,-1.,0.));
#6499 = ADVANCED_FACE('',(#6500),#6511,.T.);
#6500 = FACE_BOUND('',#6501,.T.);
#6501 = EDGE_LOOP('',(#6502,#6508,#6509,#6510));
#6502 = ORIENTED_EDGE('',*,*,#6503,.T.);
#6503 = EDGE_CURVE('',#4271,#5183,#6504,.T.);
#6504 = LINE('',#6505,#6506);
#6505 = CARTESIAN_POINT('',(113.801574,-93.738779,0.));
#6506 = VECTOR('',#6507,1.);
#6507 = DIRECTION('',(0.,0.,1.));
#6508 = ORIENTED_EDGE('',*,*,#5182,.T.);
#6509 = ORIENTED_EDGE('',*,*,#6469,.F.);
#6510 = ORIENTED_EDGE('',*,*,#4270,.F.);
#6511 = PLANE('',#6512);
#6512 = AXIS2_PLACEMENT_3D('',#6513,#6514,#6515);
#6513 = CARTESIAN_POINT('',(113.801574,-93.738779,0.));
#6514 = DIRECTION('',(0.,-1.,0.));
#6515 = DIRECTION('',(-1.,0.,0.));
#6516 = ADVANCED_FACE('',(#6517),#6528,.T.);
#6517 = FACE_BOUND('',#6518,.T.);
#6518 = EDGE_LOOP('',(#6519,#6520,#6521,#6527));
#6519 = ORIENTED_EDGE('',*,*,#6488,.T.);
#6520 = ORIENTED_EDGE('',*,*,#5303,.T.);
#6521 = ORIENTED_EDGE('',*,*,#6522,.F.);
#6522 = EDGE_CURVE('',#4383,#5295,#6523,.T.);
#6523 = LINE('',#6524,#6525);
#6524 = CARTESIAN_POINT('',(111.601221,-96.339132,0.));
#6525 = VECTOR('',#6526,1.);
#6526 = DIRECTION('',(0.,0.,1.));
#6527 = ORIENTED_EDGE('',*,*,#4391,.F.);
#6528 = PLANE('',#6529);
#6529 = AXIS2_PLACEMENT_3D('',#6530,#6531,#6532);
#6530 = CARTESIAN_POINT('',(111.601221,-95.43878,0.));
#6531 = DIRECTION('',(1.,0.,-0.));
#6532 = DIRECTION('',(0.,-1.,0.));
#6533 = ADVANCED_FACE('',(#6534),#6545,.T.);
#6534 = FACE_BOUND('',#6535,.T.);
#6535 = EDGE_LOOP('',(#6536,#6542,#6543,#6544));
#6536 = ORIENTED_EDGE('',*,*,#6537,.T.);
#6537 = EDGE_CURVE('',#4279,#5191,#6538,.T.);
#6538 = LINE('',#6539,#6540);
#6539 = CARTESIAN_POINT('',(113.957876,-93.694845,0.));
#6540 = VECTOR('',#6541,1.);
#6541 = DIRECTION('',(0.,0.,1.));
#6542 = ORIENTED_EDGE('',*,*,#5190,.T.);
#6543 = ORIENTED_EDGE('',*,*,#6503,.F.);
#6544 = ORIENTED_EDGE('',*,*,#4278,.F.);
#6545 = CYLINDRICAL_SURFACE('',#6546,0.300023425677);
#6546 = AXIS2_PLACEMENT_3D('',#6547,#6548,#6549);
#6547 = CARTESIAN_POINT('',(113.8015677723,-93.43875557438,0.));
#6548 = DIRECTION('',(0.,0.,-1.));
#6549 = DIRECTION('',(0.520986744086,-0.853564767599,0.));
#6550 = ADVANCED_FACE('',(#6551),#6562,.T.);
#6551 = FACE_BOUND('',#6552,.T.);
#6552 = EDGE_LOOP('',(#6553,#6554,#6555,#6561));
#6553 = ORIENTED_EDGE('',*,*,#6522,.T.);
#6554 = ORIENTED_EDGE('',*,*,#5294,.T.);
#6555 = ORIENTED_EDGE('',*,*,#6556,.F.);
#6556 = EDGE_CURVE('',#4374,#5286,#6557,.T.);
#6557 = LINE('',#6558,#6559);
#6558 = CARTESIAN_POINT('',(111.557288,-96.495433,0.));
#6559 = VECTOR('',#6560,1.);
#6560 = DIRECTION('',(0.,0.,1.));
#6561 = ORIENTED_EDGE('',*,*,#4382,.F.);
#6562 = CYLINDRICAL_SURFACE('',#6563,0.300027883807);
#6563 = AXIS2_PLACEMENT_3D('',#6564,#6565,#6566);
#6564 = CARTESIAN_POINT('',(111.30119311627,-96.33912515762,0.));
#6565 = DIRECTION('',(0.,0.,-1.));
#6566 = DIRECTION('',(0.99999999974,-2.280581391798E-05,0.));
#6567 = ADVANCED_FACE('',(#6568),#6579,.F.);
#6568 = FACE_BOUND('',#6569,.T.);
#6569 = EDGE_LOOP('',(#6570,#6576,#6577,#6578));
#6570 = ORIENTED_EDGE('',*,*,#6571,.T.);
#6571 = EDGE_CURVE('',#4288,#5200,#6572,.T.);
#6572 = LINE('',#6573,#6574);
#6573 = CARTESIAN_POINT('',(114.645154,-94.382125,0.));
#6574 = VECTOR('',#6575,1.);
#6575 = DIRECTION('',(0.,0.,1.));
#6576 = ORIENTED_EDGE('',*,*,#5199,.T.);
#6577 = ORIENTED_EDGE('',*,*,#6537,.F.);
#6578 = ORIENTED_EDGE('',*,*,#4287,.F.);
#6579 = CYLINDRICAL_SURFACE('',#6580,0.499999386553);
#6580 = AXIS2_PLACEMENT_3D('',#6581,#6582,#6583);
#6581 = CARTESIAN_POINT('',(114.21837892221,-94.12162083585,0.));
#6582 = DIRECTION('',(-0.,-0.,-1.));
#6583 = DIRECTION('',(0.853551202783,-0.521008967512,0.));
#6584 = ADVANCED_FACE('',(#6585),#6596,.F.);
#6585 = FACE_BOUND('',#6586,.T.);
#6586 = EDGE_LOOP('',(#6587,#6588,#6589,#6595));
#6587 = ORIENTED_EDGE('',*,*,#6556,.T.);
#6588 = ORIENTED_EDGE('',*,*,#5285,.T.);
#6589 = ORIENTED_EDGE('',*,*,#6590,.F.);
#6590 = EDGE_CURVE('',#4365,#5277,#6591,.T.);
#6591 = LINE('',#6592,#6593);
#6592 = CARTESIAN_POINT('',(112.244566,-97.182713,0.));
#6593 = VECTOR('',#6594,1.);
#6594 = DIRECTION('',(0.,0.,1.));
#6595 = ORIENTED_EDGE('',*,*,#4373,.F.);
#6596 = CYLINDRICAL_SURFACE('',#6597,0.499998734393);
#6597 = AXIS2_PLACEMENT_3D('',#6598,#6599,#6600);
#6598 = CARTESIAN_POINT('',(111.98406111663,-96.75593912528,0.));
#6599 = DIRECTION('',(-0.,-0.,-1.));
#6600 = DIRECTION('',(-0.853548393783,0.521013569373,0.));
#6601 = ADVANCED_FACE('',(#6602),#6613,.T.);
#6602 = FACE_BOUND('',#6603,.T.);
#6603 = EDGE_LOOP('',(#6604,#6610,#6611,#6612));
#6604 = ORIENTED_EDGE('',*,*,#6605,.T.);
#6605 = EDGE_CURVE('',#4297,#5209,#6606,.T.);
#6606 = LINE('',#6607,#6608);
#6607 = CARTESIAN_POINT('',(114.601221,-94.538426,0.));
#6608 = VECTOR('',#6609,1.);
#6609 = DIRECTION('',(0.,0.,1.));
#6610 = ORIENTED_EDGE('',*,*,#5208,.T.);
#6611 = ORIENTED_EDGE('',*,*,#6571,.F.);
#6612 = ORIENTED_EDGE('',*,*,#4296,.F.);
#6613 = CYLINDRICAL_SURFACE('',#6614,0.300003039275);
#6614 = AXIS2_PLACEMENT_3D('',#6615,#6616,#6617);
#6615 = CARTESIAN_POINT('',(114.90122403927,-94.53842585911,0.));
#6616 = DIRECTION('',(0.,0.,-1.));
#6617 = DIRECTION('',(-1.,-4.696129263895E-07,-0.));
#6618 = ADVANCED_FACE('',(#6619),#6630,.T.);
#6619 = FACE_BOUND('',#6620,.T.);
#6620 = EDGE_LOOP('',(#6621,#6622,#6623,#6629));
#6621 = ORIENTED_EDGE('',*,*,#6590,.T.);
#6622 = ORIENTED_EDGE('',*,*,#5276,.T.);
#6623 = ORIENTED_EDGE('',*,*,#6624,.F.);
#6624 = EDGE_CURVE('',#4357,#5269,#6625,.T.);
#6625 = LINE('',#6626,#6627);
#6626 = CARTESIAN_POINT('',(112.400868,-97.138779,0.));
#6627 = VECTOR('',#6628,1.);
#6628 = DIRECTION('',(0.,0.,1.));
#6629 = ORIENTED_EDGE('',*,*,#4364,.F.);
#6630 = CYLINDRICAL_SURFACE('',#6631,0.299991600077);
#6631 = AXIS2_PLACEMENT_3D('',#6632,#6633,#6634);
#6632 = CARTESIAN_POINT('',(112.40086528203,-97.43877060006,0.));
#6633 = DIRECTION('',(0.,0.,-1.));
#6634 = DIRECTION('',(-0.521012195004,0.853549232709,0.));
#6635 = ADVANCED_FACE('',(#6636),#6647,.T.);
#6636 = FACE_BOUND('',#6637,.T.);
#6637 = EDGE_LOOP('',(#6638,#6644,#6645,#6646));
#6638 = ORIENTED_EDGE('',*,*,#6639,.T.);
#6639 = EDGE_CURVE('',#4306,#5218,#6640,.T.);
#6640 = LINE('',#6641,#6642);
#6641 = CARTESIAN_POINT('',(114.601221,-95.438778,0.));
#6642 = VECTOR('',#6643,1.);
#6643 = DIRECTION('',(0.,0.,1.));
#6644 = ORIENTED_EDGE('',*,*,#5217,.T.);
#6645 = ORIENTED_EDGE('',*,*,#6605,.F.);
#6646 = ORIENTED_EDGE('',*,*,#4305,.F.);
#6647 = PLANE('',#6648);
#6648 = AXIS2_PLACEMENT_3D('',#6649,#6650,#6651);
#6649 = CARTESIAN_POINT('',(114.601221,-95.438778,0.));
#6650 = DIRECTION('',(-1.,0.,0.));
#6651 = DIRECTION('',(0.,1.,0.));
#6652 = ADVANCED_FACE('',(#6653),#6664,.T.);
#6653 = FACE_BOUND('',#6654,.T.);
#6654 = EDGE_LOOP('',(#6655,#6656,#6657,#6663));
#6655 = ORIENTED_EDGE('',*,*,#6624,.T.);
#6656 = ORIENTED_EDGE('',*,*,#5268,.T.);
#6657 = ORIENTED_EDGE('',*,*,#6658,.F.);
#6658 = EDGE_CURVE('',#4349,#5261,#6659,.T.);
#6659 = LINE('',#6660,#6661);
#6660 = CARTESIAN_POINT('',(113.101221,-97.138779,0.));
#6661 = VECTOR('',#6662,1.);
#6662 = DIRECTION('',(0.,0.,1.));
#6663 = ORIENTED_EDGE('',*,*,#4356,.F.);
#6664 = PLANE('',#6665);
#6665 = AXIS2_PLACEMENT_3D('',#6666,#6667,#6668);
#6666 = CARTESIAN_POINT('',(112.400868,-97.138779,0.));
#6667 = DIRECTION('',(0.,1.,0.));
#6668 = DIRECTION('',(1.,0.,0.));
#6669 = ADVANCED_FACE('',(#6670),#6681,.T.);
#6670 = FACE_BOUND('',#6671,.T.);
#6671 = EDGE_LOOP('',(#6672,#6678,#6679,#6680));
#6672 = ORIENTED_EDGE('',*,*,#6673,.T.);
#6673 = EDGE_CURVE('',#4314,#5226,#6674,.T.);
#6674 = LINE('',#6675,#6676);
#6675 = CARTESIAN_POINT('',(114.601221,-96.339132,0.));
#6676 = VECTOR('',#6677,1.);
#6677 = DIRECTION('',(0.,0.,1.));
#6678 = ORIENTED_EDGE('',*,*,#5225,.T.);
#6679 = ORIENTED_EDGE('',*,*,#6639,.F.);
#6680 = ORIENTED_EDGE('',*,*,#4313,.F.);
#6681 = PLANE('',#6682);
#6682 = AXIS2_PLACEMENT_3D('',#6683,#6684,#6685);
#6683 = CARTESIAN_POINT('',(114.601221,-96.339132,0.));
#6684 = DIRECTION('',(-1.,0.,0.));
#6685 = DIRECTION('',(0.,1.,0.));
#6686 = ADVANCED_FACE('',(#6687),#6698,.T.);
#6687 = FACE_BOUND('',#6688,.T.);
#6688 = EDGE_LOOP('',(#6689,#6690,#6691,#6697));
#6689 = ORIENTED_EDGE('',*,*,#6658,.T.);
#6690 = ORIENTED_EDGE('',*,*,#5260,.T.);
#6691 = ORIENTED_EDGE('',*,*,#6692,.F.);
#6692 = EDGE_CURVE('',#4340,#5252,#6693,.T.);
#6693 = LINE('',#6694,#6695);
#6694 = CARTESIAN_POINT('',(113.801574,-97.138779,0.));
#6695 = VECTOR('',#6696,1.);
#6696 = DIRECTION('',(0.,0.,1.));
#6697 = ORIENTED_EDGE('',*,*,#4348,.F.);
#6698 = PLANE('',#6699);
#6699 = AXIS2_PLACEMENT_3D('',#6700,#6701,#6702);
#6700 = CARTESIAN_POINT('',(113.101221,-97.138779,0.));
#6701 = DIRECTION('',(0.,1.,0.));
#6702 = DIRECTION('',(1.,0.,0.));
#6703 = ADVANCED_FACE('',(#6704),#6715,.T.);
#6704 = FACE_BOUND('',#6705,.T.);
#6705 = EDGE_LOOP('',(#6706,#6712,#6713,#6714));
#6706 = ORIENTED_EDGE('',*,*,#6707,.T.);
#6707 = EDGE_CURVE('',#4322,#5234,#6708,.T.);
#6708 = LINE('',#6709,#6710);
#6709 = CARTESIAN_POINT('',(114.645155,-96.495435,0.));
#6710 = VECTOR('',#6711,1.);
#6711 = DIRECTION('',(0.,0.,1.));
#6712 = ORIENTED_EDGE('',*,*,#5233,.T.);
#6713 = ORIENTED_EDGE('',*,*,#6673,.F.);
#6714 = ORIENTED_EDGE('',*,*,#4321,.F.);
#6715 = CYLINDRICAL_SURFACE('',#6716,0.299973743723);
#6716 = AXIS2_PLACEMENT_3D('',#6717,#6718,#6719);
#6717 = CARTESIAN_POINT('',(114.90119474359,-96.33914073707,0.));
#6718 = DIRECTION('',(0.,0.,-1.));
#6719 = DIRECTION('',(-0.85354051464,-0.521026477128,-0.));
#6720 = ADVANCED_FACE('',(#6721),#6732,.T.);
#6721 = FACE_BOUND('',#6722,.T.);
#6722 = EDGE_LOOP('',(#6723,#6724,#6725,#6731));
#6723 = ORIENTED_EDGE('',*,*,#6692,.T.);
#6724 = ORIENTED_EDGE('',*,*,#5251,.T.);
#6725 = ORIENTED_EDGE('',*,*,#6726,.F.);
#6726 = EDGE_CURVE('',#4331,#5243,#6727,.T.);
#6727 = LINE('',#6728,#6729);
#6728 = CARTESIAN_POINT('',(113.957876,-97.182713,0.));
#6729 = VECTOR('',#6730,1.);
#6730 = DIRECTION('',(0.,0.,1.));
#6731 = ORIENTED_EDGE('',*,*,#4339,.F.);
#6732 = CYLINDRICAL_SURFACE('',#6733,0.300363881974);
#6733 = AXIS2_PLACEMENT_3D('',#6734,#6735,#6736);
#6734 = CARTESIAN_POINT('',(113.80147208031,-97.43914286468,0.));
#6735 = DIRECTION('',(0.,0.,-1.));
#6736 = DIRECTION('',(3.393207146858E-04,0.999999942431,0.));
#6737 = ADVANCED_FACE('',(#6738),#6744,.F.);
#6738 = FACE_BOUND('',#6739,.T.);
#6739 = EDGE_LOOP('',(#6740,#6741,#6742,#6743));
#6740 = ORIENTED_EDGE('',*,*,#6726,.T.);
#6741 = ORIENTED_EDGE('',*,*,#5242,.T.);
#6742 = ORIENTED_EDGE('',*,*,#6707,.F.);
#6743 = ORIENTED_EDGE('',*,*,#4330,.F.);
#6744 = CYLINDRICAL_SURFACE('',#6745,0.499999045961);
#6745 = AXIS2_PLACEMENT_3D('',#6746,#6747,#6748);
#6746 = CARTESIAN_POINT('',(114.21837959449,-96.75593797353,0.));
#6747 = DIRECTION('',(-0.,-0.,-1.));
#6748 = DIRECTION('',(-0.521008183117,-0.853551681579,0.));
#6749 = ADVANCED_FACE('',(#6750),#6766,.F.);
#6750 = FACE_BOUND('',#6751,.T.);
#6751 = EDGE_LOOP('',(#6752,#6758,#6759,#6765));
#6752 = ORIENTED_EDGE('',*,*,#6753,.T.);
#6753 = EDGE_CURVE('',#4417,#5329,#6754,.T.);
#6754 = LINE('',#6755,#6756);
#6755 = CARTESIAN_POINT('',(125.714566,-83.604845,0.));
#6756 = VECTOR('',#6757,1.);
#6757 = DIRECTION('',(0.,0.,1.));
#6758 = ORIENTED_EDGE('',*,*,#5328,.T.);
#6759 = ORIENTED_EDGE('',*,*,#6760,.F.);
#6760 = EDGE_CURVE('',#4419,#5331,#6761,.T.);
#6761 = LINE('',#6762,#6763);
#6762 = CARTESIAN_POINT('',(125.027287,-84.292124,0.));
#6763 = VECTOR('',#6764,1.);
#6764 = DIRECTION('',(0.,0.,1.));
#6765 = ORIENTED_EDGE('',*,*,#4416,.F.);
#6766 = CYLINDRICAL_SURFACE('',#6767,0.499998734392);
#6767 = AXIS2_PLACEMENT_3D('',#6768,#6769,#6770);
#6768 = CARTESIAN_POINT('',(125.45406049567,-84.03161849567,0.));
#6769 = DIRECTION('',(-0.,-0.,-1.));
#6770 = DIRECTION('',(0.521012327448,0.853549151864,-0.));
#6771 = ADVANCED_FACE('',(#6772),#6783,.T.);
#6772 = FACE_BOUND('',#6773,.T.);
#6773 = EDGE_LOOP('',(#6774,#6780,#6781,#6782));
#6774 = ORIENTED_EDGE('',*,*,#6775,.T.);
#6775 = EDGE_CURVE('',#4428,#5340,#6776,.T.);
#6776 = LINE('',#6777,#6778);
#6777 = CARTESIAN_POINT('',(125.870868,-83.648779,0.));
#6778 = VECTOR('',#6779,1.);
#6779 = DIRECTION('',(0.,0.,1.));
#6780 = ORIENTED_EDGE('',*,*,#5339,.T.);
#6781 = ORIENTED_EDGE('',*,*,#6753,.F.);
#6782 = ORIENTED_EDGE('',*,*,#4427,.F.);
#6783 = CYLINDRICAL_SURFACE('',#6784,0.300023425677);
#6784 = AXIS2_PLACEMENT_3D('',#6785,#6786,#6787);
#6785 = CARTESIAN_POINT('',(125.87087422769,-83.34875557438,0.));
#6786 = DIRECTION('',(0.,0.,-1.));
#6787 = DIRECTION('',(-2.075735531735E-05,-0.999999999785,-0.));
#6788 = ADVANCED_FACE('',(#6789),#6800,.T.);
#6789 = FACE_BOUND('',#6790,.T.);
#6790 = EDGE_LOOP('',(#6791,#6792,#6793,#6799));
#6791 = ORIENTED_EDGE('',*,*,#6760,.T.);
#6792 = ORIENTED_EDGE('',*,*,#5493,.T.);
#6793 = ORIENTED_EDGE('',*,*,#6794,.F.);
#6794 = EDGE_CURVE('',#4574,#5486,#6795,.T.);
#6795 = LINE('',#6796,#6797);
#6796 = CARTESIAN_POINT('',(125.071221,-84.448426,0.));
#6797 = VECTOR('',#6798,1.);
#6798 = DIRECTION('',(0.,0.,1.));
#6799 = ORIENTED_EDGE('',*,*,#4581,.F.);
#6800 = CYLINDRICAL_SURFACE('',#6801,0.299966762338);
#6801 = AXIS2_PLACEMENT_3D('',#6802,#6803,#6804);
#6802 = CARTESIAN_POINT('',(124.77125423781,-84.4484163005,0.));
#6803 = DIRECTION('',(0.,0.,-1.));
#6804 = DIRECTION('',(0.853537105864,0.521032061311,0.));
#6805 = ADVANCED_FACE('',(#6806),#6817,.T.);
#6806 = FACE_BOUND('',#6807,.T.);
#6807 = EDGE_LOOP('',(#6808,#6814,#6815,#6816));
#6808 = ORIENTED_EDGE('',*,*,#6809,.T.);
#6809 = EDGE_CURVE('',#4437,#5349,#6810,.T.);
#6810 = LINE('',#6811,#6812);
#6811 = CARTESIAN_POINT('',(126.771221,-83.648779,0.));
#6812 = VECTOR('',#6813,1.);
#6813 = DIRECTION('',(0.,0.,1.));
#6814 = ORIENTED_EDGE('',*,*,#5348,.T.);
#6815 = ORIENTED_EDGE('',*,*,#6775,.F.);
#6816 = ORIENTED_EDGE('',*,*,#4436,.F.);
#6817 = PLANE('',#6818);
#6818 = AXIS2_PLACEMENT_3D('',#6819,#6820,#6821);
#6819 = CARTESIAN_POINT('',(126.771221,-83.648779,0.));
#6820 = DIRECTION('',(0.,-1.,0.));
#6821 = DIRECTION('',(-1.,0.,0.));
#6822 = ADVANCED_FACE('',(#6823),#6834,.T.);
#6823 = FACE_BOUND('',#6824,.T.);
#6824 = EDGE_LOOP('',(#6825,#6826,#6827,#6833));
#6825 = ORIENTED_EDGE('',*,*,#6794,.T.);
#6826 = ORIENTED_EDGE('',*,*,#5485,.T.);
#6827 = ORIENTED_EDGE('',*,*,#6828,.F.);
#6828 = EDGE_CURVE('',#4566,#5478,#6829,.T.);
#6829 = LINE('',#6830,#6831);
#6830 = CARTESIAN_POINT('',(125.071221,-85.148779,0.));
#6831 = VECTOR('',#6832,1.);
#6832 = DIRECTION('',(0.,0.,1.));
#6833 = ORIENTED_EDGE('',*,*,#4573,.F.);
#6834 = PLANE('',#6835);
#6835 = AXIS2_PLACEMENT_3D('',#6836,#6837,#6838);
#6836 = CARTESIAN_POINT('',(125.071221,-84.448426,0.));
#6837 = DIRECTION('',(1.,0.,-0.));
#6838 = DIRECTION('',(0.,-1.,0.));
#6839 = ADVANCED_FACE('',(#6840),#6851,.T.);
#6840 = FACE_BOUND('',#6841,.T.);
#6841 = EDGE_LOOP('',(#6842,#6848,#6849,#6850));
#6842 = ORIENTED_EDGE('',*,*,#6843,.T.);
#6843 = EDGE_CURVE('',#4445,#5357,#6844,.T.);
#6844 = LINE('',#6845,#6846);
#6845 = CARTESIAN_POINT('',(127.671574,-83.648779,0.));
#6846 = VECTOR('',#6847,1.);
#6847 = DIRECTION('',(0.,0.,1.));
#6848 = ORIENTED_EDGE('',*,*,#5356,.T.);
#6849 = ORIENTED_EDGE('',*,*,#6809,.F.);
#6850 = ORIENTED_EDGE('',*,*,#4444,.F.);
#6851 = PLANE('',#6852);
#6852 = AXIS2_PLACEMENT_3D('',#6853,#6854,#6855);
#6853 = CARTESIAN_POINT('',(127.671574,-83.648779,0.));
#6854 = DIRECTION('',(0.,-1.,0.));
#6855 = DIRECTION('',(-1.,0.,0.));
#6856 = ADVANCED_FACE('',(#6857),#6868,.T.);
#6857 = FACE_BOUND('',#6858,.T.);
#6858 = EDGE_LOOP('',(#6859,#6860,#6861,#6867));
#6859 = ORIENTED_EDGE('',*,*,#6828,.T.);
#6860 = ORIENTED_EDGE('',*,*,#5477,.T.);
#6861 = ORIENTED_EDGE('',*,*,#6862,.F.);
#6862 = EDGE_CURVE('',#4557,#5469,#6863,.T.);
#6863 = LINE('',#6864,#6865);
#6864 = CARTESIAN_POINT('',(125.071221,-85.849132,0.));
#6865 = VECTOR('',#6866,1.);
#6866 = DIRECTION('',(0.,0.,1.));
#6867 = ORIENTED_EDGE('',*,*,#4565,.F.);
#6868 = PLANE('',#6869);
#6869 = AXIS2_PLACEMENT_3D('',#6870,#6871,#6872);
#6870 = CARTESIAN_POINT('',(125.071221,-85.148779,0.));
#6871 = DIRECTION('',(1.,0.,-0.));
#6872 = DIRECTION('',(0.,-1.,0.));
#6873 = ADVANCED_FACE('',(#6874),#6885,.T.);
#6874 = FACE_BOUND('',#6875,.T.);
#6875 = EDGE_LOOP('',(#6876,#6882,#6883,#6884));
#6876 = ORIENTED_EDGE('',*,*,#6877,.T.);
#6877 = EDGE_CURVE('',#4453,#5365,#6878,.T.);
#6878 = LINE('',#6879,#6880);
#6879 = CARTESIAN_POINT('',(127.827876,-83.604845,0.));
#6880 = VECTOR('',#6881,1.);
#6881 = DIRECTION('',(0.,0.,1.));
#6882 = ORIENTED_EDGE('',*,*,#5364,.T.);
#6883 = ORIENTED_EDGE('',*,*,#6843,.F.);
#6884 = ORIENTED_EDGE('',*,*,#4452,.F.);
#6885 = CYLINDRICAL_SURFACE('',#6886,0.299991600078);
#6886 = AXIS2_PLACEMENT_3D('',#6887,#6888,#6889);
#6887 = CARTESIAN_POINT('',(127.67157671796,-83.34878739993,0.));
#6888 = DIRECTION('',(0.,0.,-1.));
#6889 = DIRECTION('',(0.521012195003,-0.853549232709,0.));
#6890 = ADVANCED_FACE('',(#6891),#6902,.T.);
#6891 = FACE_BOUND('',#6892,.T.);
#6892 = EDGE_LOOP('',(#6893,#6894,#6895,#6901));
#6893 = ORIENTED_EDGE('',*,*,#6862,.T.);
#6894 = ORIENTED_EDGE('',*,*,#5468,.T.);
#6895 = ORIENTED_EDGE('',*,*,#6896,.F.);
#6896 = EDGE_CURVE('',#4548,#5460,#6897,.T.);
#6897 = LINE('',#6898,#6899);
#6898 = CARTESIAN_POINT('',(125.027287,-86.005434,0.));
#6899 = VECTOR('',#6900,1.);
#6900 = DIRECTION('',(0.,0.,1.));
#6901 = ORIENTED_EDGE('',*,*,#4556,.F.);
#6902 = CYLINDRICAL_SURFACE('',#6903,0.299683785035);
#6903 = AXIS2_PLACEMENT_3D('',#6904,#6905,#6906);
#6904 = CARTESIAN_POINT('',(124.77153722825,-85.84922124359,0.));
#6905 = DIRECTION('',(0.,0.,-1.));
#6906 = DIRECTION('',(0.99999995566,2.97792531739E-04,0.));
#6907 = ADVANCED_FACE('',(#6908),#6919,.F.);
#6908 = FACE_BOUND('',#6909,.T.);
#6909 = EDGE_LOOP('',(#6910,#6916,#6917,#6918));
#6910 = ORIENTED_EDGE('',*,*,#6911,.T.);
#6911 = EDGE_CURVE('',#4462,#5374,#6912,.T.);
#6912 = LINE('',#6913,#6914);
#6913 = CARTESIAN_POINT('',(128.515155,-84.292124,0.));
#6914 = VECTOR('',#6915,1.);
#6915 = DIRECTION('',(0.,0.,1.));
#6916 = ORIENTED_EDGE('',*,*,#5373,.T.);
#6917 = ORIENTED_EDGE('',*,*,#6877,.F.);
#6918 = ORIENTED_EDGE('',*,*,#4461,.F.);
#6919 = CYLINDRICAL_SURFACE('',#6920,0.499999603944);
#6920 = AXIS2_PLACEMENT_3D('',#6921,#6922,#6923);
#6921 = CARTESIAN_POINT('',(128.08837888946,-84.03162111054,0.));
#6922 = DIRECTION('',(-0.,-0.,-1.));
#6923 = DIRECTION('',(0.853552897188,-0.521006191616,0.));
#6924 = ADVANCED_FACE('',(#6925),#6936,.F.);
#6925 = FACE_BOUND('',#6926,.T.);
#6926 = EDGE_LOOP('',(#6927,#6928,#6929,#6935));
#6927 = ORIENTED_EDGE('',*,*,#6896,.T.);
#6928 = ORIENTED_EDGE('',*,*,#5459,.T.);
#6929 = ORIENTED_EDGE('',*,*,#6930,.F.);
#6930 = EDGE_CURVE('',#4539,#5451,#6931,.T.);
#6931 = LINE('',#6932,#6933);
#6932 = CARTESIAN_POINT('',(125.714566,-86.692713,0.));
#6933 = VECTOR('',#6934,1.);
#6934 = DIRECTION('',(0.,0.,1.));
#6935 = ORIENTED_EDGE('',*,*,#4547,.F.);
#6936 = CYLINDRICAL_SURFACE('',#6937,0.499999603944);
#6937 = AXIS2_PLACEMENT_3D('',#6938,#6939,#6940);
#6938 = CARTESIAN_POINT('',(125.45406311054,-86.26593688946,0.));
#6939 = DIRECTION('',(-0.,-0.,-1.));
#6940 = DIRECTION('',(-0.853552897188,0.521006191616,0.));
#6941 = ADVANCED_FACE('',(#6942),#6953,.T.);
#6942 = FACE_BOUND('',#6943,.T.);
#6943 = EDGE_LOOP('',(#6944,#6950,#6951,#6952));
#6944 = ORIENTED_EDGE('',*,*,#6945,.T.);
#6945 = EDGE_CURVE('',#4471,#5383,#6946,.T.);
#6946 = LINE('',#6947,#6948);
#6947 = CARTESIAN_POINT('',(128.471221,-84.448426,0.));
#6948 = VECTOR('',#6949,1.);
#6949 = DIRECTION('',(0.,0.,1.));
#6950 = ORIENTED_EDGE('',*,*,#5382,.T.);
#6951 = ORIENTED_EDGE('',*,*,#6911,.F.);
#6952 = ORIENTED_EDGE('',*,*,#4470,.F.);
#6953 = CYLINDRICAL_SURFACE('',#6954,0.299991600078);
#6954 = AXIS2_PLACEMENT_3D('',#6955,#6956,#6957);
#6955 = CARTESIAN_POINT('',(128.77121260006,-84.44842328203,0.));
#6956 = DIRECTION('',(0.,0.,-1.));
#6957 = DIRECTION('',(-0.999999999959,-9.060123525084E-06,-0.));
#6958 = ADVANCED_FACE('',(#6959),#6970,.T.);
#6959 = FACE_BOUND('',#6960,.T.);
#6960 = EDGE_LOOP('',(#6961,#6962,#6963,#6969));
#6961 = ORIENTED_EDGE('',*,*,#6930,.T.);
#6962 = ORIENTED_EDGE('',*,*,#5450,.T.);
#6963 = ORIENTED_EDGE('',*,*,#6964,.F.);
#6964 = EDGE_CURVE('',#4531,#5443,#6965,.T.);
#6965 = LINE('',#6966,#6967);
#6966 = CARTESIAN_POINT('',(125.870868,-86.648779,0.));
#6967 = VECTOR('',#6968,1.);
#6968 = DIRECTION('',(0.,0.,1.));
#6969 = ORIENTED_EDGE('',*,*,#4538,.F.);
#6970 = CYLINDRICAL_SURFACE('',#6971,0.299966762338);
#6971 = AXIS2_PLACEMENT_3D('',#6972,#6973,#6974);
#6972 = CARTESIAN_POINT('',(125.8708583005,-86.94874576218,0.));
#6973 = DIRECTION('',(0.,0.,-1.));
#6974 = DIRECTION('',(-0.521032061311,0.853537105864,0.));
#6975 = ADVANCED_FACE('',(#6976),#6987,.T.);
#6976 = FACE_BOUND('',#6977,.T.);
#6977 = EDGE_LOOP('',(#6978,#6984,#6985,#6986));
#6978 = ORIENTED_EDGE('',*,*,#6979,.T.);
#6979 = EDGE_CURVE('',#4480,#5392,#6980,.T.);
#6980 = LINE('',#6981,#6982);
#6981 = CARTESIAN_POINT('',(128.471221,-85.148779,0.));
#6982 = VECTOR('',#6983,1.);
#6983 = DIRECTION('',(0.,0.,1.));
#6984 = ORIENTED_EDGE('',*,*,#5391,.T.);
#6985 = ORIENTED_EDGE('',*,*,#6945,.F.);
#6986 = ORIENTED_EDGE('',*,*,#4479,.F.);
#6987 = PLANE('',#6988);
#6988 = AXIS2_PLACEMENT_3D('',#6989,#6990,#6991);
#6989 = CARTESIAN_POINT('',(128.471221,-85.148779,0.));
#6990 = DIRECTION('',(-1.,0.,0.));
#6991 = DIRECTION('',(0.,1.,0.));
#6992 = ADVANCED_FACE('',(#6993),#7004,.T.);
#6993 = FACE_BOUND('',#6994,.T.);
#6994 = EDGE_LOOP('',(#6995,#6996,#6997,#7003));
#6995 = ORIENTED_EDGE('',*,*,#6964,.T.);
#6996 = ORIENTED_EDGE('',*,*,#5442,.T.);
#6997 = ORIENTED_EDGE('',*,*,#6998,.F.);
#6998 = EDGE_CURVE('',#4523,#5435,#6999,.T.);
#6999 = LINE('',#7000,#7001);
#7000 = CARTESIAN_POINT('',(126.771221,-86.648779,0.));
#7001 = VECTOR('',#7002,1.);
#7002 = DIRECTION('',(0.,0.,1.));
#7003 = ORIENTED_EDGE('',*,*,#4530,.F.);
#7004 = PLANE('',#7005);
#7005 = AXIS2_PLACEMENT_3D('',#7006,#7007,#7008);
#7006 = CARTESIAN_POINT('',(125.870868,-86.648779,0.));
#7007 = DIRECTION('',(0.,1.,0.));
#7008 = DIRECTION('',(1.,0.,0.));
#7009 = ADVANCED_FACE('',(#7010),#7021,.T.);
#7010 = FACE_BOUND('',#7011,.T.);
#7011 = EDGE_LOOP('',(#7012,#7018,#7019,#7020));
#7012 = ORIENTED_EDGE('',*,*,#7013,.T.);
#7013 = EDGE_CURVE('',#4488,#5400,#7014,.T.);
#7014 = LINE('',#7015,#7016);
#7015 = CARTESIAN_POINT('',(128.471221,-85.849132,0.));
#7016 = VECTOR('',#7017,1.);
#7017 = DIRECTION('',(0.,0.,1.));
#7018 = ORIENTED_EDGE('',*,*,#5399,.T.);
#7019 = ORIENTED_EDGE('',*,*,#6979,.F.);
#7020 = ORIENTED_EDGE('',*,*,#4487,.F.);
#7021 = PLANE('',#7022);
#7022 = AXIS2_PLACEMENT_3D('',#7023,#7024,#7025);
#7023 = CARTESIAN_POINT('',(128.471221,-85.849132,0.));
#7024 = DIRECTION('',(-1.,0.,0.));
#7025 = DIRECTION('',(0.,1.,0.));
#7026 = ADVANCED_FACE('',(#7027),#7038,.T.);
#7027 = FACE_BOUND('',#7028,.T.);
#7028 = EDGE_LOOP('',(#7029,#7030,#7031,#7037));
#7029 = ORIENTED_EDGE('',*,*,#6998,.T.);
#7030 = ORIENTED_EDGE('',*,*,#5434,.T.);
#7031 = ORIENTED_EDGE('',*,*,#7032,.F.);
#7032 = EDGE_CURVE('',#4514,#5426,#7033,.T.);
#7033 = LINE('',#7034,#7035);
#7034 = CARTESIAN_POINT('',(127.671574,-86.648779,0.));
#7035 = VECTOR('',#7036,1.);
#7036 = DIRECTION('',(0.,0.,1.));
#7037 = ORIENTED_EDGE('',*,*,#4522,.F.);
#7038 = PLANE('',#7039);
#7039 = AXIS2_PLACEMENT_3D('',#7040,#7041,#7042);
#7040 = CARTESIAN_POINT('',(126.771221,-86.648779,0.));
#7041 = DIRECTION('',(0.,1.,0.));
#7042 = DIRECTION('',(1.,0.,0.));
#7043 = ADVANCED_FACE('',(#7044),#7055,.T.);
#7044 = FACE_BOUND('',#7045,.T.);
#7045 = EDGE_LOOP('',(#7046,#7052,#7053,#7054));
#7046 = ORIENTED_EDGE('',*,*,#7047,.T.);
#7047 = EDGE_CURVE('',#4496,#5408,#7048,.T.);
#7048 = LINE('',#7049,#7050);
#7049 = CARTESIAN_POINT('',(128.515155,-86.005434,0.));
#7050 = VECTOR('',#7051,1.);
#7051 = DIRECTION('',(0.,0.,1.));
#7052 = ORIENTED_EDGE('',*,*,#5407,.T.);
#7053 = ORIENTED_EDGE('',*,*,#7013,.F.);
#7054 = ORIENTED_EDGE('',*,*,#4495,.F.);
#7055 = CYLINDRICAL_SURFACE('',#7056,0.299991600078);
#7056 = AXIS2_PLACEMENT_3D('',#7057,#7058,#7059);
#7057 = CARTESIAN_POINT('',(128.77121260006,-85.84913471796,0.));
#7058 = DIRECTION('',(0.,0.,-1.));
#7059 = DIRECTION('',(-0.853549232709,-0.521012195003,-0.));
#7060 = ADVANCED_FACE('',(#7061),#7072,.T.);
#7061 = FACE_BOUND('',#7062,.T.);
#7062 = EDGE_LOOP('',(#7063,#7064,#7065,#7071));
#7063 = ORIENTED_EDGE('',*,*,#7032,.T.);
#7064 = ORIENTED_EDGE('',*,*,#5425,.T.);
#7065 = ORIENTED_EDGE('',*,*,#7066,.F.);
#7066 = EDGE_CURVE('',#4505,#5417,#7067,.T.);
#7067 = LINE('',#7068,#7069);
#7068 = CARTESIAN_POINT('',(127.827876,-86.692713,0.));
#7069 = VECTOR('',#7070,1.);
#7070 = DIRECTION('',(0.,0.,1.));
#7071 = ORIENTED_EDGE('',*,*,#4513,.F.);
#7072 = CYLINDRICAL_SURFACE('',#7073,0.299991600078);
#7073 = AXIS2_PLACEMENT_3D('',#7074,#7075,#7076);
#7074 = CARTESIAN_POINT('',(127.67157671796,-86.94877060006,0.));
#7075 = DIRECTION('',(0.,0.,-1.));
#7076 = DIRECTION('',(-9.060123525086E-06,0.999999999959,0.));
#7077 = ADVANCED_FACE('',(#7078),#7084,.F.);
#7078 = FACE_BOUND('',#7079,.T.);
#7079 = EDGE_LOOP('',(#7080,#7081,#7082,#7083));
#7080 = ORIENTED_EDGE('',*,*,#7066,.T.);
#7081 = ORIENTED_EDGE('',*,*,#5416,.T.);
#7082 = ORIENTED_EDGE('',*,*,#7047,.F.);
#7083 = ORIENTED_EDGE('',*,*,#4504,.F.);
#7084 = CYLINDRICAL_SURFACE('',#7085,0.499999603944);
#7085 = AXIS2_PLACEMENT_3D('',#7086,#7087,#7088);
#7086 = CARTESIAN_POINT('',(128.08837888946,-86.26593688946,0.));
#7087 = DIRECTION('',(-0.,-0.,-1.));
#7088 = DIRECTION('',(-0.521006191616,-0.853552897188,0.));
#7089 = ADVANCED_FACE('',(#7090),#7106,.F.);
#7090 = FACE_BOUND('',#7091,.T.);
#7091 = EDGE_LOOP('',(#7092,#7098,#7099,#7105));
#7092 = ORIENTED_EDGE('',*,*,#7093,.T.);
#7093 = EDGE_CURVE('',#4591,#5503,#7094,.T.);
#7094 = LINE('',#7095,#7096);
#7095 = CARTESIAN_POINT('',(140.064566,-94.064845,0.));
#7096 = VECTOR('',#7097,1.);
#7097 = DIRECTION('',(0.,0.,1.));
#7098 = ORIENTED_EDGE('',*,*,#5502,.T.);
#7099 = ORIENTED_EDGE('',*,*,#7100,.F.);
#7100 = EDGE_CURVE('',#4593,#5505,#7101,.T.);
#7101 = LINE('',#7102,#7103);
#7102 = CARTESIAN_POINT('',(139.377287,-94.752124,0.));
#7103 = VECTOR('',#7104,1.);
#7104 = DIRECTION('',(0.,0.,1.));
#7105 = ORIENTED_EDGE('',*,*,#4590,.F.);
#7106 = CYLINDRICAL_SURFACE('',#7107,0.499999386553);
#7107 = AXIS2_PLACEMENT_3D('',#7108,#7109,#7110);
#7108 = CARTESIAN_POINT('',(139.80406245682,-94.49162045682,0.));
#7109 = DIRECTION('',(-0.,-0.,-1.));
#7110 = DIRECTION('',(0.52100772558,0.853551960859,-0.));
#7111 = ADVANCED_FACE('',(#7112),#7123,.T.);
#7112 = FACE_BOUND('',#7113,.T.);
#7113 = EDGE_LOOP('',(#7114,#7120,#7121,#7122));
#7114 = ORIENTED_EDGE('',*,*,#7115,.T.);
#7115 = EDGE_CURVE('',#4602,#5514,#7116,.T.);
#7116 = LINE('',#7117,#7118);
#7117 = CARTESIAN_POINT('',(140.220868,-94.108779,0.));
#7118 = VECTOR('',#7119,1.);
#7119 = DIRECTION('',(0.,0.,1.));
#7120 = ORIENTED_EDGE('',*,*,#5513,.T.);
#7121 = ORIENTED_EDGE('',*,*,#7093,.F.);
#7122 = ORIENTED_EDGE('',*,*,#4601,.F.);
#7123 = CYLINDRICAL_SURFACE('',#7124,0.300381788124);
#7124 = AXIS2_PLACEMENT_3D('',#7125,#7126,#7127);
#7125 = CARTESIAN_POINT('',(140.22097495232,-93.80839723091,0.));
#7126 = DIRECTION('',(0.,0.,-1.));
#7127 = DIRECTION('',(-3.560546384349E-04,-0.999999936613,-0.));
#7128 = ADVANCED_FACE('',(#7129),#7140,.T.);
#7129 = FACE_BOUND('',#7130,.T.);
#7130 = EDGE_LOOP('',(#7131,#7132,#7133,#7139));
#7131 = ORIENTED_EDGE('',*,*,#7100,.T.);
#7132 = ORIENTED_EDGE('',*,*,#5667,.T.);
#7133 = ORIENTED_EDGE('',*,*,#7134,.F.);
#7134 = EDGE_CURVE('',#4748,#5660,#7135,.T.);
#7135 = LINE('',#7136,#7137);
#7136 = CARTESIAN_POINT('',(139.421221,-94.908426,0.));
#7137 = VECTOR('',#7138,1.);
#7138 = DIRECTION('',(0.,0.,1.));
#7139 = ORIENTED_EDGE('',*,*,#4755,.F.);
#7140 = CYLINDRICAL_SURFACE('',#7141,0.300016442166);
#7141 = AXIS2_PLACEMENT_3D('',#7142,#7143,#7144);
#7142 = CARTESIAN_POINT('',(139.12120455786,-94.90843026474,0.));
#7143 = DIRECTION('',(0.,0.,-1.));
#7144 = DIRECTION('',(0.853561359127,0.520992328355,0.));
#7145 = ADVANCED_FACE('',(#7146),#7157,.T.);
#7146 = FACE_BOUND('',#7147,.T.);
#7147 = EDGE_LOOP('',(#7148,#7154,#7155,#7156));
#7148 = ORIENTED_EDGE('',*,*,#7149,.T.);
#7149 = EDGE_CURVE('',#4611,#5523,#7150,.T.);
#7150 = LINE('',#7151,#7152);
#7151 = CARTESIAN_POINT('',(140.921221,-94.108779,0.));
#7152 = VECTOR('',#7153,1.);
#7153 = DIRECTION('',(0.,0.,1.));
#7154 = ORIENTED_EDGE('',*,*,#5522,.T.);
#7155 = ORIENTED_EDGE('',*,*,#7115,.F.);
#7156 = ORIENTED_EDGE('',*,*,#4610,.F.);
#7157 = PLANE('',#7158);
#7158 = AXIS2_PLACEMENT_3D('',#7159,#7160,#7161);
#7159 = CARTESIAN_POINT('',(140.921221,-94.108779,0.));
#7160 = DIRECTION('',(0.,-1.,0.));
#7161 = DIRECTION('',(-1.,0.,0.));
#7162 = ADVANCED_FACE('',(#7163),#7174,.T.);
#7163 = FACE_BOUND('',#7164,.T.);
#7164 = EDGE_LOOP('',(#7165,#7166,#7167,#7173));
#7165 = ORIENTED_EDGE('',*,*,#7134,.T.);
#7166 = ORIENTED_EDGE('',*,*,#5659,.T.);
#7167 = ORIENTED_EDGE('',*,*,#7168,.F.);
#7168 = EDGE_CURVE('',#4740,#5652,#7169,.T.);
#7169 = LINE('',#7170,#7171);
#7170 = CARTESIAN_POINT('',(139.421221,-95.808778,0.));
#7171 = VECTOR('',#7172,1.);
#7172 = DIRECTION('',(0.,0.,1.));
#7173 = ORIENTED_EDGE('',*,*,#4747,.F.);
#7174 = PLANE('',#7175);
#7175 = AXIS2_PLACEMENT_3D('',#7176,#7177,#7178);
#7176 = CARTESIAN_POINT('',(139.421221,-94.908426,0.));
#7177 = DIRECTION('',(1.,0.,-0.));
#7178 = DIRECTION('',(0.,-1.,0.));
#7179 = ADVANCED_FACE('',(#7180),#7191,.T.);
#7180 = FACE_BOUND('',#7181,.T.);
#7181 = EDGE_LOOP('',(#7182,#7188,#7189,#7190));
#7182 = ORIENTED_EDGE('',*,*,#7183,.T.);
#7183 = EDGE_CURVE('',#4619,#5531,#7184,.T.);
#7184 = LINE('',#7185,#7186);
#7185 = CARTESIAN_POINT('',(141.621574,-94.108779,0.));
#7186 = VECTOR('',#7187,1.);
#7187 = DIRECTION('',(0.,0.,1.));
#7188 = ORIENTED_EDGE('',*,*,#5530,.T.);
#7189 = ORIENTED_EDGE('',*,*,#7149,.F.);
#7190 = ORIENTED_EDGE('',*,*,#4618,.F.);
#7191 = PLANE('',#7192);
#7192 = AXIS2_PLACEMENT_3D('',#7193,#7194,#7195);
#7193 = CARTESIAN_POINT('',(141.621574,-94.108779,0.));
#7194 = DIRECTION('',(0.,-1.,0.));
#7195 = DIRECTION('',(-1.,0.,0.));
#7196 = ADVANCED_FACE('',(#7197),#7208,.T.);
#7197 = FACE_BOUND('',#7198,.T.);
#7198 = EDGE_LOOP('',(#7199,#7200,#7201,#7207));
#7199 = ORIENTED_EDGE('',*,*,#7168,.T.);
#7200 = ORIENTED_EDGE('',*,*,#5651,.T.);
#7201 = ORIENTED_EDGE('',*,*,#7202,.F.);
#7202 = EDGE_CURVE('',#4731,#5643,#7203,.T.);
#7203 = LINE('',#7204,#7205);
#7204 = CARTESIAN_POINT('',(139.421221,-96.709132,0.));
#7205 = VECTOR('',#7206,1.);
#7206 = DIRECTION('',(0.,0.,1.));
#7207 = ORIENTED_EDGE('',*,*,#4739,.F.);
#7208 = PLANE('',#7209);
#7209 = AXIS2_PLACEMENT_3D('',#7210,#7211,#7212);
#7210 = CARTESIAN_POINT('',(139.421221,-95.808778,0.));
#7211 = DIRECTION('',(1.,0.,-0.));
#7212 = DIRECTION('',(0.,-1.,0.));
#7213 = ADVANCED_FACE('',(#7214),#7225,.T.);
#7214 = FACE_BOUND('',#7215,.T.);
#7215 = EDGE_LOOP('',(#7216,#7222,#7223,#7224));
#7216 = ORIENTED_EDGE('',*,*,#7217,.T.);
#7217 = EDGE_CURVE('',#4627,#5539,#7218,.T.);
#7218 = LINE('',#7219,#7220);
#7219 = CARTESIAN_POINT('',(141.777876,-94.064845,0.));
#7220 = VECTOR('',#7221,1.);
#7221 = DIRECTION('',(0.,0.,1.));
#7222 = ORIENTED_EDGE('',*,*,#5538,.T.);
#7223 = ORIENTED_EDGE('',*,*,#7183,.F.);
#7224 = ORIENTED_EDGE('',*,*,#4626,.F.);
#7225 = CYLINDRICAL_SURFACE('',#7226,0.300016442166);
#7226 = AXIS2_PLACEMENT_3D('',#7227,#7228,#7229);
#7227 = CARTESIAN_POINT('',(141.62156973525,-93.80876255786,0.));
#7228 = DIRECTION('',(0.,0.,-1.));
#7229 = DIRECTION('',(0.520992328355,-0.853561359127,0.));
#7230 = ADVANCED_FACE('',(#7231),#7242,.T.);
#7231 = FACE_BOUND('',#7232,.T.);
#7232 = EDGE_LOOP('',(#7233,#7234,#7235,#7241));
#7233 = ORIENTED_EDGE('',*,*,#7202,.T.);
#7234 = ORIENTED_EDGE('',*,*,#5642,.T.);
#7235 = ORIENTED_EDGE('',*,*,#7236,.F.);
#7236 = EDGE_CURVE('',#4722,#5634,#7237,.T.);
#7237 = LINE('',#7238,#7239);
#7238 = CARTESIAN_POINT('',(139.377289,-96.865433,0.));
#7239 = VECTOR('',#7240,1.);
#7240 = DIRECTION('',(0.,0.,1.));
#7241 = ORIENTED_EDGE('',*,*,#4730,.F.);
#7242 = CYLINDRICAL_SURFACE('',#7243,0.300014479647);
#7243 = AXIS2_PLACEMENT_3D('',#7244,#7245,#7246);
#7244 = CARTESIAN_POINT('',(139.12120652035,-96.70913056362,0.));
#7245 = DIRECTION('',(0.,0.,-1.));
#7246 = DIRECTION('',(0.999999999989,-4.787693027209E-06,0.));
#7247 = ADVANCED_FACE('',(#7248),#7259,.F.);
#7248 = FACE_BOUND('',#7249,.T.);
#7249 = EDGE_LOOP('',(#7250,#7256,#7257,#7258));
#7250 = ORIENTED_EDGE('',*,*,#7251,.T.);
#7251 = EDGE_CURVE('',#4636,#5548,#7252,.T.);
#7252 = LINE('',#7253,#7254);
#7253 = CARTESIAN_POINT('',(142.465153,-94.752125,0.));
#7254 = VECTOR('',#7255,1.);
#7255 = DIRECTION('',(0.,0.,1.));
#7256 = ORIENTED_EDGE('',*,*,#5547,.T.);
#7257 = ORIENTED_EDGE('',*,*,#7217,.F.);
#7258 = ORIENTED_EDGE('',*,*,#4635,.F.);
#7259 = CYLINDRICAL_SURFACE('',#7260,0.499998393801);
#7260 = AXIS2_PLACEMENT_3D('',#7261,#7262,#7263);
#7261 = CARTESIAN_POINT('',(142.03838031372,-94.49161882339,0.));
#7262 = DIRECTION('',(-0.,-0.,-1.));
#7263 = DIRECTION('',(0.853548114497,-0.521014026911,0.));
#7264 = ADVANCED_FACE('',(#7265),#7276,.F.);
#7265 = FACE_BOUND('',#7266,.T.);
#7266 = EDGE_LOOP('',(#7267,#7268,#7269,#7275));
#7267 = ORIENTED_EDGE('',*,*,#7236,.T.);
#7268 = ORIENTED_EDGE('',*,*,#5633,.T.);
#7269 = ORIENTED_EDGE('',*,*,#7270,.F.);
#7270 = EDGE_CURVE('',#4713,#5625,#7271,.T.);
#7271 = LINE('',#7272,#7273);
#7272 = CARTESIAN_POINT('',(140.064566,-97.552713,0.));
#7273 = VECTOR('',#7274,1.);
#7274 = DIRECTION('',(0.,0.,1.));
#7275 = ORIENTED_EDGE('',*,*,#4721,.F.);
#7276 = CYLINDRICAL_SURFACE('',#7277,0.499998828572);
#7277 = AXIS2_PLACEMENT_3D('',#7278,#7279,#7280);
#7278 = CARTESIAN_POINT('',(139.80406299371,-97.12593786917,0.));
#7279 = DIRECTION('',(-0.,-0.,-1.));
#7280 = DIRECTION('',(-0.853549987165,0.521010959012,0.));
#7281 = ADVANCED_FACE('',(#7282),#7293,.T.);
#7282 = FACE_BOUND('',#7283,.T.);
#7283 = EDGE_LOOP('',(#7284,#7290,#7291,#7292));
#7284 = ORIENTED_EDGE('',*,*,#7285,.T.);
#7285 = EDGE_CURVE('',#4645,#5557,#7286,.T.);
#7286 = LINE('',#7287,#7288);
#7287 = CARTESIAN_POINT('',(142.421221,-94.908426,0.));
#7288 = VECTOR('',#7289,1.);
#7289 = DIRECTION('',(0.,0.,1.));
#7290 = ORIENTED_EDGE('',*,*,#5556,.T.);
#7291 = ORIENTED_EDGE('',*,*,#7251,.F.);
#7292 = ORIENTED_EDGE('',*,*,#4644,.F.);
#7293 = CYLINDRICAL_SURFACE('',#7294,0.300046310824);
#7294 = AXIS2_PLACEMENT_3D('',#7295,#7296,#7297);
#7295 = CARTESIAN_POINT('',(142.72126731064,-94.90843638321,0.));
#7296 = DIRECTION('',(0.,0.,-1.));
#7297 = DIRECTION('',(-0.999999999401,3.460537095742E-05,0.));
#7298 = ADVANCED_FACE('',(#7299),#7310,.T.);
#7299 = FACE_BOUND('',#7300,.T.);
#7300 = EDGE_LOOP('',(#7301,#7302,#7303,#7309));
#7301 = ORIENTED_EDGE('',*,*,#7270,.T.);
#7302 = ORIENTED_EDGE('',*,*,#5624,.T.);
#7303 = ORIENTED_EDGE('',*,*,#7304,.F.);
#7304 = EDGE_CURVE('',#4705,#5617,#7305,.T.);
#7305 = LINE('',#7306,#7307);
#7306 = CARTESIAN_POINT('',(140.220868,-97.508779,0.));
#7307 = VECTOR('',#7308,1.);
#7308 = DIRECTION('',(0.,0.,1.));
#7309 = ORIENTED_EDGE('',*,*,#4712,.F.);
#7310 = CYLINDRICAL_SURFACE('',#7311,0.300016442166);
#7311 = AXIS2_PLACEMENT_3D('',#7312,#7313,#7314);
#7312 = CARTESIAN_POINT('',(140.22087226474,-97.80879544213,0.));
#7313 = DIRECTION('',(0.,0.,-1.));
#7314 = DIRECTION('',(-0.520992328355,0.853561359127,0.));
#7315 = ADVANCED_FACE('',(#7316),#7327,.T.);
#7316 = FACE_BOUND('',#7317,.T.);
#7317 = EDGE_LOOP('',(#7318,#7324,#7325,#7326));
#7318 = ORIENTED_EDGE('',*,*,#7319,.T.);
#7319 = EDGE_CURVE('',#4654,#5566,#7320,.T.);
#7320 = LINE('',#7321,#7322);
#7321 = CARTESIAN_POINT('',(142.421221,-95.80878,0.));
#7322 = VECTOR('',#7323,1.);
#7323 = DIRECTION('',(0.,0.,1.));
#7324 = ORIENTED_EDGE('',*,*,#5565,.T.);
#7325 = ORIENTED_EDGE('',*,*,#7285,.F.);
#7326 = ORIENTED_EDGE('',*,*,#4653,.F.);
#7327 = PLANE('',#7328);
#7328 = AXIS2_PLACEMENT_3D('',#7329,#7330,#7331);
#7329 = CARTESIAN_POINT('',(142.421221,-95.80878,0.));
#7330 = DIRECTION('',(-1.,0.,0.));
#7331 = DIRECTION('',(0.,1.,0.));
#7332 = ADVANCED_FACE('',(#7333),#7344,.T.);
#7333 = FACE_BOUND('',#7334,.T.);
#7334 = EDGE_LOOP('',(#7335,#7336,#7337,#7343));
#7335 = ORIENTED_EDGE('',*,*,#7304,.T.);
#7336 = ORIENTED_EDGE('',*,*,#5616,.T.);
#7337 = ORIENTED_EDGE('',*,*,#7338,.F.);
#7338 = EDGE_CURVE('',#4697,#5609,#7339,.T.);
#7339 = LINE('',#7340,#7341);
#7340 = CARTESIAN_POINT('',(140.921221,-97.508779,0.));
#7341 = VECTOR('',#7342,1.);
#7342 = DIRECTION('',(0.,0.,1.));
#7343 = ORIENTED_EDGE('',*,*,#4704,.F.);
#7344 = PLANE('',#7345);
#7345 = AXIS2_PLACEMENT_3D('',#7346,#7347,#7348);
#7346 = CARTESIAN_POINT('',(140.220868,-97.508779,0.));
#7347 = DIRECTION('',(0.,1.,0.));
#7348 = DIRECTION('',(1.,0.,0.));
#7349 = ADVANCED_FACE('',(#7350),#7361,.T.);
#7350 = FACE_BOUND('',#7351,.T.);
#7351 = EDGE_LOOP('',(#7352,#7358,#7359,#7360));
#7352 = ORIENTED_EDGE('',*,*,#7353,.T.);
#7353 = EDGE_CURVE('',#4662,#5574,#7354,.T.);
#7354 = LINE('',#7355,#7356);
#7355 = CARTESIAN_POINT('',(142.421221,-96.709132,0.));
#7356 = VECTOR('',#7357,1.);
#7357 = DIRECTION('',(0.,0.,1.));
#7358 = ORIENTED_EDGE('',*,*,#5573,.T.);
#7359 = ORIENTED_EDGE('',*,*,#7319,.F.);
#7360 = ORIENTED_EDGE('',*,*,#4661,.F.);
#7361 = PLANE('',#7362);
#7362 = AXIS2_PLACEMENT_3D('',#7363,#7364,#7365);
#7363 = CARTESIAN_POINT('',(142.421221,-96.709132,0.));
#7364 = DIRECTION('',(-1.,0.,0.));
#7365 = DIRECTION('',(0.,1.,0.));
#7366 = ADVANCED_FACE('',(#7367),#7378,.T.);
#7367 = FACE_BOUND('',#7368,.T.);
#7368 = EDGE_LOOP('',(#7369,#7370,#7371,#7377));
#7369 = ORIENTED_EDGE('',*,*,#7338,.T.);
#7370 = ORIENTED_EDGE('',*,*,#5608,.T.);
#7371 = ORIENTED_EDGE('',*,*,#7372,.F.);
#7372 = EDGE_CURVE('',#4688,#5600,#7373,.T.);
#7373 = LINE('',#7374,#7375);
#7374 = CARTESIAN_POINT('',(141.621574,-97.508779,0.));
#7375 = VECTOR('',#7376,1.);
#7376 = DIRECTION('',(0.,0.,1.));
#7377 = ORIENTED_EDGE('',*,*,#4696,.F.);
#7378 = PLANE('',#7379);
#7379 = AXIS2_PLACEMENT_3D('',#7380,#7381,#7382);
#7380 = CARTESIAN_POINT('',(140.921221,-97.508779,0.));
#7381 = DIRECTION('',(0.,1.,0.));
#7382 = DIRECTION('',(1.,0.,0.));
#7383 = ADVANCED_FACE('',(#7384),#7395,.T.);
#7384 = FACE_BOUND('',#7385,.T.);
#7385 = EDGE_LOOP('',(#7386,#7392,#7393,#7394));
#7386 = ORIENTED_EDGE('',*,*,#7387,.T.);
#7387 = EDGE_CURVE('',#4670,#5582,#7388,.T.);
#7388 = LINE('',#7389,#7390);
#7389 = CARTESIAN_POINT('',(142.465155,-96.865434,0.));
#7390 = VECTOR('',#7391,1.);
#7391 = DIRECTION('',(0.,0.,1.));
#7392 = ORIENTED_EDGE('',*,*,#5581,.T.);
#7393 = ORIENTED_EDGE('',*,*,#7353,.F.);
#7394 = ORIENTED_EDGE('',*,*,#4669,.F.);
#7395 = CYLINDRICAL_SURFACE('',#7396,0.300016442166);
#7396 = AXIS2_PLACEMENT_3D('',#7397,#7398,#7399);
#7397 = CARTESIAN_POINT('',(142.72123744213,-96.70912773525,0.));
#7398 = DIRECTION('',(0.,0.,-1.));
#7399 = DIRECTION('',(-0.853561359127,-0.520992328355,-0.));
#7400 = ADVANCED_FACE('',(#7401),#7412,.T.);
#7401 = FACE_BOUND('',#7402,.T.);
#7402 = EDGE_LOOP('',(#7403,#7404,#7405,#7411));
#7403 = ORIENTED_EDGE('',*,*,#7372,.T.);
#7404 = ORIENTED_EDGE('',*,*,#5599,.T.);
#7405 = ORIENTED_EDGE('',*,*,#7406,.F.);
#7406 = EDGE_CURVE('',#4679,#5591,#7407,.T.);
#7407 = LINE('',#7408,#7409);
#7408 = CARTESIAN_POINT('',(141.777876,-97.552713,0.));
#7409 = VECTOR('',#7410,1.);
#7410 = DIRECTION('',(0.,0.,1.));
#7411 = ORIENTED_EDGE('',*,*,#4687,.F.);
#7412 = CYLINDRICAL_SURFACE('',#7413,0.300023425677);
#7413 = AXIS2_PLACEMENT_3D('',#7414,#7415,#7416);
#7414 = CARTESIAN_POINT('',(141.6215677723,-97.80880242561,0.));
#7415 = DIRECTION('',(0.,0.,-1.));
#7416 = DIRECTION('',(2.075735508053E-05,0.999999999785,0.));
#7417 = ADVANCED_FACE('',(#7418),#7424,.F.);
#7418 = FACE_BOUND('',#7419,.T.);
#7419 = EDGE_LOOP('',(#7420,#7421,#7422,#7423));
#7420 = ORIENTED_EDGE('',*,*,#7406,.T.);
#7421 = ORIENTED_EDGE('',*,*,#5590,.T.);
#7422 = ORIENTED_EDGE('',*,*,#7387,.F.);
#7423 = ORIENTED_EDGE('',*,*,#4678,.F.);
#7424 = CYLINDRICAL_SURFACE('',#7425,0.499999386553);
#7425 = AXIS2_PLACEMENT_3D('',#7426,#7427,#7428);
#7426 = CARTESIAN_POINT('',(142.03837954318,-97.12593754318,0.));
#7427 = DIRECTION('',(-0.,-0.,-1.));
#7428 = DIRECTION('',(-0.52100772558,-0.853551960859,0.));
#7429 = ( GEOMETRIC_REPRESENTATION_CONTEXT(3) 
GLOBAL_UNCERTAINTY_ASSIGNED_CONTEXT((#7433)) 
GLOBAL_UNIT_ASSIGNED_CONTEXT((#7430,#7431,#7432)) REPRESENTATION_CONTEXT
('Context #1','3D Context with UNIT and UNCERTAINTY') );
#7430 = ( LENGTH_UNIT() NAMED_UNIT(*) SI_UNIT(.MILLI.,.METRE.) );
#7431 = ( NAMED_UNIT(*) PLANE_ANGLE_UNIT() SI_UNIT($,.RADIAN.) );
#7432 = ( NAMED_UNIT(*) SI_UNIT($,.STERADIAN.) SOLID_ANGLE_UNIT() );
#7433 = UNCERTAINTY_MEASURE_WITH_UNIT(LENGTH_MEASURE(1.E-07),#7430,
  'distance_accuracy_value','confusion accuracy');
#7434 = CONTEXT_DEPENDENT_SHAPE_REPRESENTATION(#7435,#7437);
#7435 = ( REPRESENTATION_RELATIONSHIP('','',#3818,#10) 
REPRESENTATION_RELATIONSHIP_WITH_TRANSFORMATION(#7436) 
SHAPE_REPRESENTATION_RELATIONSHIP() );
#7436 = ITEM_DEFINED_TRANSFORMATION('','',#11,#39);
#7437 = PRODUCT_DEFINITION_SHAPE('Placement','Placement of an item',
  #7438);
#7438 = NEXT_ASSEMBLY_USAGE_OCCURRENCE('12','=>[0:1:1:4]','',#5,#3813,$
  );
#7439 = PRODUCT_RELATED_PRODUCT_CATEGORY('part',$,(#3815));
#7440 = MECHANICAL_DESIGN_GEOMETRIC_PRESENTATION_REPRESENTATION('',(
    #7441),#3240);
#7441 = STYLED_ITEM('color',(#7442),#3090);
#7442 = PRESENTATION_STYLE_ASSIGNMENT((#7443,#7449));
#7443 = SURFACE_STYLE_USAGE(.BOTH.,#7444);
#7444 = SURFACE_SIDE_STYLE('',(#7445));
#7445 = SURFACE_STYLE_FILL_AREA(#7446);
#7446 = FILL_AREA_STYLE('',(#7447));
#7447 = FILL_AREA_STYLE_COLOUR('',#7448);
#7448 = COLOUR_RGB('',0.47058824112,0.47058824112,0.47058824112);
#7449 = CURVE_STYLE('',#7450,POSITIVE_LENGTH_MEASURE(0.1),#7451);
#7450 = DRAUGHTING_PRE_DEFINED_CURVE_FONT('continuous');
#7451 = COLOUR_RGB('',9.803921802644E-02,9.803921802644E-02,
  9.803921802644E-02);
#7452 = MECHANICAL_DESIGN_GEOMETRIC_PRESENTATION_REPRESENTATION('',(
    #7453),#3442);
#7453 = STYLED_ITEM('color',(#7454),#3259);
#7454 = PRESENTATION_STYLE_ASSIGNMENT((#7455,#7460));
#7455 = SURFACE_STYLE_USAGE(.BOTH.,#7456);
#7456 = SURFACE_SIDE_STYLE('',(#7457));
#7457 = SURFACE_STYLE_FILL_AREA(#7458);
#7458 = FILL_AREA_STYLE('',(#7459));
#7459 = FILL_AREA_STYLE_COLOUR('',#7448);
#7460 = CURVE_STYLE('',#7461,POSITIVE_LENGTH_MEASURE(0.1),#7451);
#7461 = DRAUGHTING_PRE_DEFINED_CURVE_FONT('continuous');
#7462 = MECHANICAL_DESIGN_GEOMETRIC_PRESENTATION_REPRESENTATION('',(
    #7463),#3071);
#7463 = STYLED_ITEM('color',(#7464),#2221);
#7464 = PRESENTATION_STYLE_ASSIGNMENT((#7465,#7471));
#7465 = SURFACE_STYLE_USAGE(.BOTH.,#7466);
#7466 = SURFACE_SIDE_STYLE('',(#7467));
#7467 = SURFACE_STYLE_FILL_AREA(#7468);
#7468 = FILL_AREA_STYLE('',(#7469));
#7469 = FILL_AREA_STYLE_COLOUR('',#7470);
#7470 = COLOUR_RGB('',0.886274513239,0.886274513239,0.886274513239);
#7471 = CURVE_STYLE('',#7472,POSITIVE_LENGTH_MEASURE(0.1),#7451);
#7472 = DRAUGHTING_PRE_DEFINED_CURVE_FONT('continuous');
#7473 = MECHANICAL_DESIGN_GEOMETRIC_PRESENTATION_REPRESENTATION('',(
    #7474),#3780);
#7474 = STYLED_ITEM('color',(#7475),#3630);
#7475 = PRESENTATION_STYLE_ASSIGNMENT((#7476,#7481));
#7476 = SURFACE_STYLE_USAGE(.BOTH.,#7477);
#7477 = SURFACE_SIDE_STYLE('',(#7478));
#7478 = SURFACE_STYLE_FILL_AREA(#7479);
#7479 = FILL_AREA_STYLE('',(#7480));
#7480 = FILL_AREA_STYLE_COLOUR('',#7448);
#7481 = CURVE_STYLE('',#7482,POSITIVE_LENGTH_MEASURE(0.1),#7451);
#7482 = DRAUGHTING_PRE_DEFINED_CURVE_FONT('continuous');
#7483 = MECHANICAL_DESIGN_GEOMETRIC_PRESENTATION_REPRESENTATION('',(
    #7484,#7492,#7499,#7506,#7513,#7520,#7527,#7534,#7541,#7548,#7555,
    #7562,#7569,#7576,#7583,#7590,#7597,#7604,#7611,#7618,#7625,#7632,
    #7639,#7647,#7654,#7661,#7668,#7675,#7682,#7689,#7696,#7703,#7710,
    #7717,#7724,#7731,#7738,#7745,#7752,#7759,#7766,#7773,#7780,#7787,
    #7794,#7801,#7808,#7815,#7822,#7829,#7836,#7843,#7850,#7857,#7864,
    #7871,#7878,#7885,#7892,#7899,#7906,#7913,#7920,#7927,#7934,#7941,
    #7948,#7955,#7962,#7969,#7976,#7983,#7990,#7997,#8004,#8011),#2163);
#7484 = STYLED_ITEM('color',(#7485),#59);
#7485 = PRESENTATION_STYLE_ASSIGNMENT((#7486));
#7486 = SURFACE_STYLE_USAGE(.BOTH.,#7487);
#7487 = SURFACE_SIDE_STYLE('',(#7488));
#7488 = SURFACE_STYLE_FILL_AREA(#7489);
#7489 = FILL_AREA_STYLE('',(#7490));
#7490 = FILL_AREA_STYLE_COLOUR('',#7491);
#7491 = COLOUR_RGB('',0.147999998088,0.144999993226,0.144999993226);
#7492 = STYLED_ITEM('color',(#7493),#99);
#7493 = PRESENTATION_STYLE_ASSIGNMENT((#7494));
#7494 = SURFACE_STYLE_USAGE(.BOTH.,#7495);
#7495 = SURFACE_SIDE_STYLE('',(#7496));
#7496 = SURFACE_STYLE_FILL_AREA(#7497);
#7497 = FILL_AREA_STYLE('',(#7498));
#7498 = FILL_AREA_STYLE_COLOUR('',#7491);
#7499 = STYLED_ITEM('color',(#7500),#130);
#7500 = PRESENTATION_STYLE_ASSIGNMENT((#7501));
#7501 = SURFACE_STYLE_USAGE(.BOTH.,#7502);
#7502 = SURFACE_SIDE_STYLE('',(#7503));
#7503 = SURFACE_STYLE_FILL_AREA(#7504);
#7504 = FILL_AREA_STYLE('',(#7505));
#7505 = FILL_AREA_STYLE_COLOUR('',#7491);
#7506 = STYLED_ITEM('color',(#7507),#161);
#7507 = PRESENTATION_STYLE_ASSIGNMENT((#7508));
#7508 = SURFACE_STYLE_USAGE(.BOTH.,#7509);
#7509 = SURFACE_SIDE_STYLE('',(#7510));
#7510 = SURFACE_STYLE_FILL_AREA(#7511);
#7511 = FILL_AREA_STYLE('',(#7512));
#7512 = FILL_AREA_STYLE_COLOUR('',#7491);
#7513 = STYLED_ITEM('color',(#7514),#408);
#7514 = PRESENTATION_STYLE_ASSIGNMENT((#7515));
#7515 = SURFACE_STYLE_USAGE(.BOTH.,#7516);
#7516 = SURFACE_SIDE_STYLE('',(#7517));
#7517 = SURFACE_STYLE_FILL_AREA(#7518);
#7518 = FILL_AREA_STYLE('',(#7519));
#7519 = FILL_AREA_STYLE_COLOUR('',#7491);
#7520 = STYLED_ITEM('color',(#7521),#655);
#7521 = PRESENTATION_STYLE_ASSIGNMENT((#7522));
#7522 = SURFACE_STYLE_USAGE(.BOTH.,#7523);
#7523 = SURFACE_SIDE_STYLE('',(#7524));
#7524 = SURFACE_STYLE_FILL_AREA(#7525);
#7525 = FILL_AREA_STYLE('',(#7526));
#7526 = FILL_AREA_STYLE_COLOUR('',#7491);
#7527 = STYLED_ITEM('color',(#7528),#672);
#7528 = PRESENTATION_STYLE_ASSIGNMENT((#7529));
#7529 = SURFACE_STYLE_USAGE(.BOTH.,#7530);
#7530 = SURFACE_SIDE_STYLE('',(#7531));
#7531 = SURFACE_STYLE_FILL_AREA(#7532);
#7532 = FILL_AREA_STYLE('',(#7533));
#7533 = FILL_AREA_STYLE_COLOUR('',#7491);
#7534 = STYLED_ITEM('color',(#7535),#689);
#7535 = PRESENTATION_STYLE_ASSIGNMENT((#7536));
#7536 = SURFACE_STYLE_USAGE(.BOTH.,#7537);
#7537 = SURFACE_SIDE_STYLE('',(#7538));
#7538 = SURFACE_STYLE_FILL_AREA(#7539);
#7539 = FILL_AREA_STYLE('',(#7540));
#7540 = FILL_AREA_STYLE_COLOUR('',#7491);
#7541 = STYLED_ITEM('color',(#7542),#706);
#7542 = PRESENTATION_STYLE_ASSIGNMENT((#7543));
#7543 = SURFACE_STYLE_USAGE(.BOTH.,#7544);
#7544 = SURFACE_SIDE_STYLE('',(#7545));
#7545 = SURFACE_STYLE_FILL_AREA(#7546);
#7546 = FILL_AREA_STYLE('',(#7547));
#7547 = FILL_AREA_STYLE_COLOUR('',#7491);
#7548 = STYLED_ITEM('color',(#7549),#723);
#7549 = PRESENTATION_STYLE_ASSIGNMENT((#7550));
#7550 = SURFACE_STYLE_USAGE(.BOTH.,#7551);
#7551 = SURFACE_SIDE_STYLE('',(#7552));
#7552 = SURFACE_STYLE_FILL_AREA(#7553);
#7553 = FILL_AREA_STYLE('',(#7554));
#7554 = FILL_AREA_STYLE_COLOUR('',#7491);
#7555 = STYLED_ITEM('color',(#7556),#740);
#7556 = PRESENTATION_STYLE_ASSIGNMENT((#7557));
#7557 = SURFACE_STYLE_USAGE(.BOTH.,#7558);
#7558 = SURFACE_SIDE_STYLE('',(#7559));
#7559 = SURFACE_STYLE_FILL_AREA(#7560);
#7560 = FILL_AREA_STYLE('',(#7561));
#7561 = FILL_AREA_STYLE_COLOUR('',#7491);
#7562 = STYLED_ITEM('color',(#7563),#757);
#7563 = PRESENTATION_STYLE_ASSIGNMENT((#7564));
#7564 = SURFACE_STYLE_USAGE(.BOTH.,#7565);
#7565 = SURFACE_SIDE_STYLE('',(#7566));
#7566 = SURFACE_STYLE_FILL_AREA(#7567);
#7567 = FILL_AREA_STYLE('',(#7568));
#7568 = FILL_AREA_STYLE_COLOUR('',#7491);
#7569 = STYLED_ITEM('color',(#7570),#774);
#7570 = PRESENTATION_STYLE_ASSIGNMENT((#7571));
#7571 = SURFACE_STYLE_USAGE(.BOTH.,#7572);
#7572 = SURFACE_SIDE_STYLE('',(#7573));
#7573 = SURFACE_STYLE_FILL_AREA(#7574);
#7574 = FILL_AREA_STYLE('',(#7575));
#7575 = FILL_AREA_STYLE_COLOUR('',#7491);
#7576 = STYLED_ITEM('color',(#7577),#791);
#7577 = PRESENTATION_STYLE_ASSIGNMENT((#7578));
#7578 = SURFACE_STYLE_USAGE(.BOTH.,#7579);
#7579 = SURFACE_SIDE_STYLE('',(#7580));
#7580 = SURFACE_STYLE_FILL_AREA(#7581);
#7581 = FILL_AREA_STYLE('',(#7582));
#7582 = FILL_AREA_STYLE_COLOUR('',#7491);
#7583 = STYLED_ITEM('color',(#7584),#808);
#7584 = PRESENTATION_STYLE_ASSIGNMENT((#7585));
#7585 = SURFACE_STYLE_USAGE(.BOTH.,#7586);
#7586 = SURFACE_SIDE_STYLE('',(#7587));
#7587 = SURFACE_STYLE_FILL_AREA(#7588);
#7588 = FILL_AREA_STYLE('',(#7589));
#7589 = FILL_AREA_STYLE_COLOUR('',#7491);
#7590 = STYLED_ITEM('color',(#7591),#825);
#7591 = PRESENTATION_STYLE_ASSIGNMENT((#7592));
#7592 = SURFACE_STYLE_USAGE(.BOTH.,#7593);
#7593 = SURFACE_SIDE_STYLE('',(#7594));
#7594 = SURFACE_STYLE_FILL_AREA(#7595);
#7595 = FILL_AREA_STYLE('',(#7596));
#7596 = FILL_AREA_STYLE_COLOUR('',#7491);
#7597 = STYLED_ITEM('color',(#7598),#842);
#7598 = PRESENTATION_STYLE_ASSIGNMENT((#7599));
#7599 = SURFACE_STYLE_USAGE(.BOTH.,#7600);
#7600 = SURFACE_SIDE_STYLE('',(#7601));
#7601 = SURFACE_STYLE_FILL_AREA(#7602);
#7602 = FILL_AREA_STYLE('',(#7603));
#7603 = FILL_AREA_STYLE_COLOUR('',#7491);
#7604 = STYLED_ITEM('color',(#7605),#859);
#7605 = PRESENTATION_STYLE_ASSIGNMENT((#7606));
#7606 = SURFACE_STYLE_USAGE(.BOTH.,#7607);
#7607 = SURFACE_SIDE_STYLE('',(#7608));
#7608 = SURFACE_STYLE_FILL_AREA(#7609);
#7609 = FILL_AREA_STYLE('',(#7610));
#7610 = FILL_AREA_STYLE_COLOUR('',#7491);
#7611 = STYLED_ITEM('color',(#7612),#876);
#7612 = PRESENTATION_STYLE_ASSIGNMENT((#7613));
#7613 = SURFACE_STYLE_USAGE(.BOTH.,#7614);
#7614 = SURFACE_SIDE_STYLE('',(#7615));
#7615 = SURFACE_STYLE_FILL_AREA(#7616);
#7616 = FILL_AREA_STYLE('',(#7617));
#7617 = FILL_AREA_STYLE_COLOUR('',#7491);
#7618 = STYLED_ITEM('color',(#7619),#893);
#7619 = PRESENTATION_STYLE_ASSIGNMENT((#7620));
#7620 = SURFACE_STYLE_USAGE(.BOTH.,#7621);
#7621 = SURFACE_SIDE_STYLE('',(#7622));
#7622 = SURFACE_STYLE_FILL_AREA(#7623);
#7623 = FILL_AREA_STYLE('',(#7624));
#7624 = FILL_AREA_STYLE_COLOUR('',#7491);
#7625 = STYLED_ITEM('color',(#7626),#910);
#7626 = PRESENTATION_STYLE_ASSIGNMENT((#7627));
#7627 = SURFACE_STYLE_USAGE(.BOTH.,#7628);
#7628 = SURFACE_SIDE_STYLE('',(#7629));
#7629 = SURFACE_STYLE_FILL_AREA(#7630);
#7630 = FILL_AREA_STYLE('',(#7631));
#7631 = FILL_AREA_STYLE_COLOUR('',#7491);
#7632 = STYLED_ITEM('color',(#7633),#927);
#7633 = PRESENTATION_STYLE_ASSIGNMENT((#7634));
#7634 = SURFACE_STYLE_USAGE(.BOTH.,#7635);
#7635 = SURFACE_SIDE_STYLE('',(#7636));
#7636 = SURFACE_STYLE_FILL_AREA(#7637);
#7637 = FILL_AREA_STYLE('',(#7638));
#7638 = FILL_AREA_STYLE_COLOUR('',#7491);
#7639 = STYLED_ITEM('color',(#7640),#939);
#7640 = PRESENTATION_STYLE_ASSIGNMENT((#7641));
#7641 = SURFACE_STYLE_USAGE(.BOTH.,#7642);
#7642 = SURFACE_SIDE_STYLE('',(#7643));
#7643 = SURFACE_STYLE_FILL_AREA(#7644);
#7644 = FILL_AREA_STYLE('',(#7645));
#7645 = FILL_AREA_STYLE_COLOUR('',#7646);
#7646 = COLOUR_RGB('',0.859000020776,0.737999965183,0.495999988746);
#7647 = STYLED_ITEM('color',(#7648),#970);
#7648 = PRESENTATION_STYLE_ASSIGNMENT((#7649));
#7649 = SURFACE_STYLE_USAGE(.BOTH.,#7650);
#7650 = SURFACE_SIDE_STYLE('',(#7651));
#7651 = SURFACE_STYLE_FILL_AREA(#7652);
#7652 = FILL_AREA_STYLE('',(#7653));
#7653 = FILL_AREA_STYLE_COLOUR('',#7646);
#7654 = STYLED_ITEM('color',(#7655),#994);
#7655 = PRESENTATION_STYLE_ASSIGNMENT((#7656));
#7656 = SURFACE_STYLE_USAGE(.BOTH.,#7657);
#7657 = SURFACE_SIDE_STYLE('',(#7658));
#7658 = SURFACE_STYLE_FILL_AREA(#7659);
#7659 = FILL_AREA_STYLE('',(#7660));
#7660 = FILL_AREA_STYLE_COLOUR('',#7646);
#7661 = STYLED_ITEM('color',(#7662),#1018);
#7662 = PRESENTATION_STYLE_ASSIGNMENT((#7663));
#7663 = SURFACE_STYLE_USAGE(.BOTH.,#7664);
#7664 = SURFACE_SIDE_STYLE('',(#7665));
#7665 = SURFACE_STYLE_FILL_AREA(#7666);
#7666 = FILL_AREA_STYLE('',(#7667));
#7667 = FILL_AREA_STYLE_COLOUR('',#7646);
#7668 = STYLED_ITEM('color',(#7669),#1035);
#7669 = PRESENTATION_STYLE_ASSIGNMENT((#7670));
#7670 = SURFACE_STYLE_USAGE(.BOTH.,#7671);
#7671 = SURFACE_SIDE_STYLE('',(#7672));
#7672 = SURFACE_STYLE_FILL_AREA(#7673);
#7673 = FILL_AREA_STYLE('',(#7674));
#7674 = FILL_AREA_STYLE_COLOUR('',#7646);
#7675 = STYLED_ITEM('color',(#7676),#1066);
#7676 = PRESENTATION_STYLE_ASSIGNMENT((#7677));
#7677 = SURFACE_STYLE_USAGE(.BOTH.,#7678);
#7678 = SURFACE_SIDE_STYLE('',(#7679));
#7679 = SURFACE_STYLE_FILL_AREA(#7680);
#7680 = FILL_AREA_STYLE('',(#7681));
#7681 = FILL_AREA_STYLE_COLOUR('',#7646);
#7682 = STYLED_ITEM('color',(#7683),#1090);
#7683 = PRESENTATION_STYLE_ASSIGNMENT((#7684));
#7684 = SURFACE_STYLE_USAGE(.BOTH.,#7685);
#7685 = SURFACE_SIDE_STYLE('',(#7686));
#7686 = SURFACE_STYLE_FILL_AREA(#7687);
#7687 = FILL_AREA_STYLE('',(#7688));
#7688 = FILL_AREA_STYLE_COLOUR('',#7646);
#7689 = STYLED_ITEM('color',(#7690),#1114);
#7690 = PRESENTATION_STYLE_ASSIGNMENT((#7691));
#7691 = SURFACE_STYLE_USAGE(.BOTH.,#7692);
#7692 = SURFACE_SIDE_STYLE('',(#7693));
#7693 = SURFACE_STYLE_FILL_AREA(#7694);
#7694 = FILL_AREA_STYLE('',(#7695));
#7695 = FILL_AREA_STYLE_COLOUR('',#7646);
#7696 = STYLED_ITEM('color',(#7697),#1131);
#7697 = PRESENTATION_STYLE_ASSIGNMENT((#7698));
#7698 = SURFACE_STYLE_USAGE(.BOTH.,#7699);
#7699 = SURFACE_SIDE_STYLE('',(#7700));
#7700 = SURFACE_STYLE_FILL_AREA(#7701);
#7701 = FILL_AREA_STYLE('',(#7702));
#7702 = FILL_AREA_STYLE_COLOUR('',#7646);
#7703 = STYLED_ITEM('color',(#7704),#1162);
#7704 = PRESENTATION_STYLE_ASSIGNMENT((#7705));
#7705 = SURFACE_STYLE_USAGE(.BOTH.,#7706);
#7706 = SURFACE_SIDE_STYLE('',(#7707));
#7707 = SURFACE_STYLE_FILL_AREA(#7708);
#7708 = FILL_AREA_STYLE('',(#7709));
#7709 = FILL_AREA_STYLE_COLOUR('',#7646);
#7710 = STYLED_ITEM('color',(#7711),#1186);
#7711 = PRESENTATION_STYLE_ASSIGNMENT((#7712));
#7712 = SURFACE_STYLE_USAGE(.BOTH.,#7713);
#7713 = SURFACE_SIDE_STYLE('',(#7714));
#7714 = SURFACE_STYLE_FILL_AREA(#7715);
#7715 = FILL_AREA_STYLE('',(#7716));
#7716 = FILL_AREA_STYLE_COLOUR('',#7646);
#7717 = STYLED_ITEM('color',(#7718),#1210);
#7718 = PRESENTATION_STYLE_ASSIGNMENT((#7719));
#7719 = SURFACE_STYLE_USAGE(.BOTH.,#7720);
#7720 = SURFACE_SIDE_STYLE('',(#7721));
#7721 = SURFACE_STYLE_FILL_AREA(#7722);
#7722 = FILL_AREA_STYLE('',(#7723));
#7723 = FILL_AREA_STYLE_COLOUR('',#7646);
#7724 = STYLED_ITEM('color',(#7725),#1227);
#7725 = PRESENTATION_STYLE_ASSIGNMENT((#7726));
#7726 = SURFACE_STYLE_USAGE(.BOTH.,#7727);
#7727 = SURFACE_SIDE_STYLE('',(#7728));
#7728 = SURFACE_STYLE_FILL_AREA(#7729);
#7729 = FILL_AREA_STYLE('',(#7730));
#7730 = FILL_AREA_STYLE_COLOUR('',#7646);
#7731 = STYLED_ITEM('color',(#7732),#1258);
#7732 = PRESENTATION_STYLE_ASSIGNMENT((#7733));
#7733 = SURFACE_STYLE_USAGE(.BOTH.,#7734);
#7734 = SURFACE_SIDE_STYLE('',(#7735));
#7735 = SURFACE_STYLE_FILL_AREA(#7736);
#7736 = FILL_AREA_STYLE('',(#7737));
#7737 = FILL_AREA_STYLE_COLOUR('',#7646);
#7738 = STYLED_ITEM('color',(#7739),#1282);
#7739 = PRESENTATION_STYLE_ASSIGNMENT((#7740));
#7740 = SURFACE_STYLE_USAGE(.BOTH.,#7741);
#7741 = SURFACE_SIDE_STYLE('',(#7742));
#7742 = SURFACE_STYLE_FILL_AREA(#7743);
#7743 = FILL_AREA_STYLE('',(#7744));
#7744 = FILL_AREA_STYLE_COLOUR('',#7646);
#7745 = STYLED_ITEM('color',(#7746),#1306);
#7746 = PRESENTATION_STYLE_ASSIGNMENT((#7747));
#7747 = SURFACE_STYLE_USAGE(.BOTH.,#7748);
#7748 = SURFACE_SIDE_STYLE('',(#7749));
#7749 = SURFACE_STYLE_FILL_AREA(#7750);
#7750 = FILL_AREA_STYLE('',(#7751));
#7751 = FILL_AREA_STYLE_COLOUR('',#7646);
#7752 = STYLED_ITEM('color',(#7753),#1323);
#7753 = PRESENTATION_STYLE_ASSIGNMENT((#7754));
#7754 = SURFACE_STYLE_USAGE(.BOTH.,#7755);
#7755 = SURFACE_SIDE_STYLE('',(#7756));
#7756 = SURFACE_STYLE_FILL_AREA(#7757);
#7757 = FILL_AREA_STYLE('',(#7758));
#7758 = FILL_AREA_STYLE_COLOUR('',#7646);
#7759 = STYLED_ITEM('color',(#7760),#1354);
#7760 = PRESENTATION_STYLE_ASSIGNMENT((#7761));
#7761 = SURFACE_STYLE_USAGE(.BOTH.,#7762);
#7762 = SURFACE_SIDE_STYLE('',(#7763));
#7763 = SURFACE_STYLE_FILL_AREA(#7764);
#7764 = FILL_AREA_STYLE('',(#7765));
#7765 = FILL_AREA_STYLE_COLOUR('',#7646);
#7766 = STYLED_ITEM('color',(#7767),#1378);
#7767 = PRESENTATION_STYLE_ASSIGNMENT((#7768));
#7768 = SURFACE_STYLE_USAGE(.BOTH.,#7769);
#7769 = SURFACE_SIDE_STYLE('',(#7770));
#7770 = SURFACE_STYLE_FILL_AREA(#7771);
#7771 = FILL_AREA_STYLE('',(#7772));
#7772 = FILL_AREA_STYLE_COLOUR('',#7646);
#7773 = STYLED_ITEM('color',(#7774),#1402);
#7774 = PRESENTATION_STYLE_ASSIGNMENT((#7775));
#7775 = SURFACE_STYLE_USAGE(.BOTH.,#7776);
#7776 = SURFACE_SIDE_STYLE('',(#7777));
#7777 = SURFACE_STYLE_FILL_AREA(#7778);
#7778 = FILL_AREA_STYLE('',(#7779));
#7779 = FILL_AREA_STYLE_COLOUR('',#7646);
#7780 = STYLED_ITEM('color',(#7781),#1419);
#7781 = PRESENTATION_STYLE_ASSIGNMENT((#7782));
#7782 = SURFACE_STYLE_USAGE(.BOTH.,#7783);
#7783 = SURFACE_SIDE_STYLE('',(#7784));
#7784 = SURFACE_STYLE_FILL_AREA(#7785);
#7785 = FILL_AREA_STYLE('',(#7786));
#7786 = FILL_AREA_STYLE_COLOUR('',#7646);
#7787 = STYLED_ITEM('color',(#7788),#1450);
#7788 = PRESENTATION_STYLE_ASSIGNMENT((#7789));
#7789 = SURFACE_STYLE_USAGE(.BOTH.,#7790);
#7790 = SURFACE_SIDE_STYLE('',(#7791));
#7791 = SURFACE_STYLE_FILL_AREA(#7792);
#7792 = FILL_AREA_STYLE('',(#7793));
#7793 = FILL_AREA_STYLE_COLOUR('',#7646);
#7794 = STYLED_ITEM('color',(#7795),#1474);
#7795 = PRESENTATION_STYLE_ASSIGNMENT((#7796));
#7796 = SURFACE_STYLE_USAGE(.BOTH.,#7797);
#7797 = SURFACE_SIDE_STYLE('',(#7798));
#7798 = SURFACE_STYLE_FILL_AREA(#7799);
#7799 = FILL_AREA_STYLE('',(#7800));
#7800 = FILL_AREA_STYLE_COLOUR('',#7646);
#7801 = STYLED_ITEM('color',(#7802),#1498);
#7802 = PRESENTATION_STYLE_ASSIGNMENT((#7803));
#7803 = SURFACE_STYLE_USAGE(.BOTH.,#7804);
#7804 = SURFACE_SIDE_STYLE('',(#7805));
#7805 = SURFACE_STYLE_FILL_AREA(#7806);
#7806 = FILL_AREA_STYLE('',(#7807));
#7807 = FILL_AREA_STYLE_COLOUR('',#7646);
#7808 = STYLED_ITEM('color',(#7809),#1515);
#7809 = PRESENTATION_STYLE_ASSIGNMENT((#7810));
#7810 = SURFACE_STYLE_USAGE(.BOTH.,#7811);
#7811 = SURFACE_SIDE_STYLE('',(#7812));
#7812 = SURFACE_STYLE_FILL_AREA(#7813);
#7813 = FILL_AREA_STYLE('',(#7814));
#7814 = FILL_AREA_STYLE_COLOUR('',#7646);
#7815 = STYLED_ITEM('color',(#7816),#1546);
#7816 = PRESENTATION_STYLE_ASSIGNMENT((#7817));
#7817 = SURFACE_STYLE_USAGE(.BOTH.,#7818);
#7818 = SURFACE_SIDE_STYLE('',(#7819));
#7819 = SURFACE_STYLE_FILL_AREA(#7820);
#7820 = FILL_AREA_STYLE('',(#7821));
#7821 = FILL_AREA_STYLE_COLOUR('',#7646);
#7822 = STYLED_ITEM('color',(#7823),#1570);
#7823 = PRESENTATION_STYLE_ASSIGNMENT((#7824));
#7824 = SURFACE_STYLE_USAGE(.BOTH.,#7825);
#7825 = SURFACE_SIDE_STYLE('',(#7826));
#7826 = SURFACE_STYLE_FILL_AREA(#7827);
#7827 = FILL_AREA_STYLE('',(#7828));
#7828 = FILL_AREA_STYLE_COLOUR('',#7646);
#7829 = STYLED_ITEM('color',(#7830),#1594);
#7830 = PRESENTATION_STYLE_ASSIGNMENT((#7831));
#7831 = SURFACE_STYLE_USAGE(.BOTH.,#7832);
#7832 = SURFACE_SIDE_STYLE('',(#7833));
#7833 = SURFACE_STYLE_FILL_AREA(#7834);
#7834 = FILL_AREA_STYLE('',(#7835));
#7835 = FILL_AREA_STYLE_COLOUR('',#7646);
#7836 = STYLED_ITEM('color',(#7837),#1611);
#7837 = PRESENTATION_STYLE_ASSIGNMENT((#7838));
#7838 = SURFACE_STYLE_USAGE(.BOTH.,#7839);
#7839 = SURFACE_SIDE_STYLE('',(#7840));
#7840 = SURFACE_STYLE_FILL_AREA(#7841);
#7841 = FILL_AREA_STYLE('',(#7842));
#7842 = FILL_AREA_STYLE_COLOUR('',#7646);
#7843 = STYLED_ITEM('color',(#7844),#1642);
#7844 = PRESENTATION_STYLE_ASSIGNMENT((#7845));
#7845 = SURFACE_STYLE_USAGE(.BOTH.,#7846);
#7846 = SURFACE_SIDE_STYLE('',(#7847));
#7847 = SURFACE_STYLE_FILL_AREA(#7848);
#7848 = FILL_AREA_STYLE('',(#7849));
#7849 = FILL_AREA_STYLE_COLOUR('',#7646);
#7850 = STYLED_ITEM('color',(#7851),#1666);
#7851 = PRESENTATION_STYLE_ASSIGNMENT((#7852));
#7852 = SURFACE_STYLE_USAGE(.BOTH.,#7853);
#7853 = SURFACE_SIDE_STYLE('',(#7854));
#7854 = SURFACE_STYLE_FILL_AREA(#7855);
#7855 = FILL_AREA_STYLE('',(#7856));
#7856 = FILL_AREA_STYLE_COLOUR('',#7646);
#7857 = STYLED_ITEM('color',(#7858),#1690);
#7858 = PRESENTATION_STYLE_ASSIGNMENT((#7859));
#7859 = SURFACE_STYLE_USAGE(.BOTH.,#7860);
#7860 = SURFACE_SIDE_STYLE('',(#7861));
#7861 = SURFACE_STYLE_FILL_AREA(#7862);
#7862 = FILL_AREA_STYLE('',(#7863));
#7863 = FILL_AREA_STYLE_COLOUR('',#7646);
#7864 = STYLED_ITEM('color',(#7865),#1707);
#7865 = PRESENTATION_STYLE_ASSIGNMENT((#7866));
#7866 = SURFACE_STYLE_USAGE(.BOTH.,#7867);
#7867 = SURFACE_SIDE_STYLE('',(#7868));
#7868 = SURFACE_STYLE_FILL_AREA(#7869);
#7869 = FILL_AREA_STYLE('',(#7870));
#7870 = FILL_AREA_STYLE_COLOUR('',#7646);
#7871 = STYLED_ITEM('color',(#7872),#1738);
#7872 = PRESENTATION_STYLE_ASSIGNMENT((#7873));
#7873 = SURFACE_STYLE_USAGE(.BOTH.,#7874);
#7874 = SURFACE_SIDE_STYLE('',(#7875));
#7875 = SURFACE_STYLE_FILL_AREA(#7876);
#7876 = FILL_AREA_STYLE('',(#7877));
#7877 = FILL_AREA_STYLE_COLOUR('',#7646);
#7878 = STYLED_ITEM('color',(#7879),#1762);
#7879 = PRESENTATION_STYLE_ASSIGNMENT((#7880));
#7880 = SURFACE_STYLE_USAGE(.BOTH.,#7881);
#7881 = SURFACE_SIDE_STYLE('',(#7882));
#7882 = SURFACE_STYLE_FILL_AREA(#7883);
#7883 = FILL_AREA_STYLE('',(#7884));
#7884 = FILL_AREA_STYLE_COLOUR('',#7646);
#7885 = STYLED_ITEM('color',(#7886),#1786);
#7886 = PRESENTATION_STYLE_ASSIGNMENT((#7887));
#7887 = SURFACE_STYLE_USAGE(.BOTH.,#7888);
#7888 = SURFACE_SIDE_STYLE('',(#7889));
#7889 = SURFACE_STYLE_FILL_AREA(#7890);
#7890 = FILL_AREA_STYLE('',(#7891));
#7891 = FILL_AREA_STYLE_COLOUR('',#7646);
#7892 = STYLED_ITEM('color',(#7893),#1803);
#7893 = PRESENTATION_STYLE_ASSIGNMENT((#7894));
#7894 = SURFACE_STYLE_USAGE(.BOTH.,#7895);
#7895 = SURFACE_SIDE_STYLE('',(#7896));
#7896 = SURFACE_STYLE_FILL_AREA(#7897);
#7897 = FILL_AREA_STYLE('',(#7898));
#7898 = FILL_AREA_STYLE_COLOUR('',#7646);
#7899 = STYLED_ITEM('color',(#7900),#1834);
#7900 = PRESENTATION_STYLE_ASSIGNMENT((#7901));
#7901 = SURFACE_STYLE_USAGE(.BOTH.,#7902);
#7902 = SURFACE_SIDE_STYLE('',(#7903));
#7903 = SURFACE_STYLE_FILL_AREA(#7904);
#7904 = FILL_AREA_STYLE('',(#7905));
#7905 = FILL_AREA_STYLE_COLOUR('',#7646);
#7906 = STYLED_ITEM('color',(#7907),#1858);
#7907 = PRESENTATION_STYLE_ASSIGNMENT((#7908));
#7908 = SURFACE_STYLE_USAGE(.BOTH.,#7909);
#7909 = SURFACE_SIDE_STYLE('',(#7910));
#7910 = SURFACE_STYLE_FILL_AREA(#7911);
#7911 = FILL_AREA_STYLE('',(#7912));
#7912 = FILL_AREA_STYLE_COLOUR('',#7646);
#7913 = STYLED_ITEM('color',(#7914),#1882);
#7914 = PRESENTATION_STYLE_ASSIGNMENT((#7915));
#7915 = SURFACE_STYLE_USAGE(.BOTH.,#7916);
#7916 = SURFACE_SIDE_STYLE('',(#7917));
#7917 = SURFACE_STYLE_FILL_AREA(#7918);
#7918 = FILL_AREA_STYLE('',(#7919));
#7919 = FILL_AREA_STYLE_COLOUR('',#7646);
#7920 = STYLED_ITEM('color',(#7921),#1899);
#7921 = PRESENTATION_STYLE_ASSIGNMENT((#7922));
#7922 = SURFACE_STYLE_USAGE(.BOTH.,#7923);
#7923 = SURFACE_SIDE_STYLE('',(#7924));
#7924 = SURFACE_STYLE_FILL_AREA(#7925);
#7925 = FILL_AREA_STYLE('',(#7926));
#7926 = FILL_AREA_STYLE_COLOUR('',#7646);
#7927 = STYLED_ITEM('color',(#7928),#1930);
#7928 = PRESENTATION_STYLE_ASSIGNMENT((#7929));
#7929 = SURFACE_STYLE_USAGE(.BOTH.,#7930);
#7930 = SURFACE_SIDE_STYLE('',(#7931));
#7931 = SURFACE_STYLE_FILL_AREA(#7932);
#7932 = FILL_AREA_STYLE('',(#7933));
#7933 = FILL_AREA_STYLE_COLOUR('',#7646);
#7934 = STYLED_ITEM('color',(#7935),#1954);
#7935 = PRESENTATION_STYLE_ASSIGNMENT((#7936));
#7936 = SURFACE_STYLE_USAGE(.BOTH.,#7937);
#7937 = SURFACE_SIDE_STYLE('',(#7938));
#7938 = SURFACE_STYLE_FILL_AREA(#7939);
#7939 = FILL_AREA_STYLE('',(#7940));
#7940 = FILL_AREA_STYLE_COLOUR('',#7646);
#7941 = STYLED_ITEM('color',(#7942),#1978);
#7942 = PRESENTATION_STYLE_ASSIGNMENT((#7943));
#7943 = SURFACE_STYLE_USAGE(.BOTH.,#7944);
#7944 = SURFACE_SIDE_STYLE('',(#7945));
#7945 = SURFACE_STYLE_FILL_AREA(#7946);
#7946 = FILL_AREA_STYLE('',(#7947));
#7947 = FILL_AREA_STYLE_COLOUR('',#7646);
#7948 = STYLED_ITEM('color',(#7949),#1995);
#7949 = PRESENTATION_STYLE_ASSIGNMENT((#7950));
#7950 = SURFACE_STYLE_USAGE(.BOTH.,#7951);
#7951 = SURFACE_SIDE_STYLE('',(#7952));
#7952 = SURFACE_STYLE_FILL_AREA(#7953);
#7953 = FILL_AREA_STYLE('',(#7954));
#7954 = FILL_AREA_STYLE_COLOUR('',#7646);
#7955 = STYLED_ITEM('color',(#7956),#2026);
#7956 = PRESENTATION_STYLE_ASSIGNMENT((#7957));
#7957 = SURFACE_STYLE_USAGE(.BOTH.,#7958);
#7958 = SURFACE_SIDE_STYLE('',(#7959));
#7959 = SURFACE_STYLE_FILL_AREA(#7960);
#7960 = FILL_AREA_STYLE('',(#7961));
#7961 = FILL_AREA_STYLE_COLOUR('',#7646);
#7962 = STYLED_ITEM('color',(#7963),#2050);
#7963 = PRESENTATION_STYLE_ASSIGNMENT((#7964));
#7964 = SURFACE_STYLE_USAGE(.BOTH.,#7965);
#7965 = SURFACE_SIDE_STYLE('',(#7966));
#7966 = SURFACE_STYLE_FILL_AREA(#7967);
#7967 = FILL_AREA_STYLE('',(#7968));
#7968 = FILL_AREA_STYLE_COLOUR('',#7646);
#7969 = STYLED_ITEM('color',(#7970),#2074);
#7970 = PRESENTATION_STYLE_ASSIGNMENT((#7971));
#7971 = SURFACE_STYLE_USAGE(.BOTH.,#7972);
#7972 = SURFACE_SIDE_STYLE('',(#7973));
#7973 = SURFACE_STYLE_FILL_AREA(#7974);
#7974 = FILL_AREA_STYLE('',(#7975));
#7975 = FILL_AREA_STYLE_COLOUR('',#7646);
#7976 = STYLED_ITEM('color',(#7977),#2091);
#7977 = PRESENTATION_STYLE_ASSIGNMENT((#7978));
#7978 = SURFACE_STYLE_USAGE(.BOTH.,#7979);
#7979 = SURFACE_SIDE_STYLE('',(#7980));
#7980 = SURFACE_STYLE_FILL_AREA(#7981);
#7981 = FILL_AREA_STYLE('',(#7982));
#7982 = FILL_AREA_STYLE_COLOUR('',#7646);
#7983 = STYLED_ITEM('color',(#7984),#2103);
#7984 = PRESENTATION_STYLE_ASSIGNMENT((#7985));
#7985 = SURFACE_STYLE_USAGE(.BOTH.,#7986);
#7986 = SURFACE_SIDE_STYLE('',(#7987));
#7987 = SURFACE_STYLE_FILL_AREA(#7988);
#7988 = FILL_AREA_STYLE('',(#7989));
#7989 = FILL_AREA_STYLE_COLOUR('',#7646);
#7990 = STYLED_ITEM('color',(#7991),#2115);
#7991 = PRESENTATION_STYLE_ASSIGNMENT((#7992));
#7992 = SURFACE_STYLE_USAGE(.BOTH.,#7993);
#7993 = SURFACE_SIDE_STYLE('',(#7994));
#7994 = SURFACE_STYLE_FILL_AREA(#7995);
#7995 = FILL_AREA_STYLE('',(#7996));
#7996 = FILL_AREA_STYLE_COLOUR('',#7646);
#7997 = STYLED_ITEM('color',(#7998),#2127);
#7998 = PRESENTATION_STYLE_ASSIGNMENT((#7999));
#7999 = SURFACE_STYLE_USAGE(.BOTH.,#8000);
#8000 = SURFACE_SIDE_STYLE('',(#8001));
#8001 = SURFACE_STYLE_FILL_AREA(#8002);
#8002 = FILL_AREA_STYLE('',(#8003));
#8003 = FILL_AREA_STYLE_COLOUR('',#7646);
#8004 = STYLED_ITEM('color',(#8005),#2139);
#8005 = PRESENTATION_STYLE_ASSIGNMENT((#8006));
#8006 = SURFACE_STYLE_USAGE(.BOTH.,#8007);
#8007 = SURFACE_SIDE_STYLE('',(#8008));
#8008 = SURFACE_STYLE_FILL_AREA(#8009);
#8009 = FILL_AREA_STYLE('',(#8010));
#8010 = FILL_AREA_STYLE_COLOUR('',#7646);
#8011 = STYLED_ITEM('color',(#8012),#2151);
#8012 = PRESENTATION_STYLE_ASSIGNMENT((#8013));
#8013 = SURFACE_STYLE_USAGE(.BOTH.,#8014);
#8014 = SURFACE_SIDE_STYLE('',(#8015));
#8015 = SURFACE_STYLE_FILL_AREA(#8016);
#8016 = FILL_AREA_STYLE('',(#8017));
#8017 = FILL_AREA_STYLE_COLOUR('',#7646);
#8018 = MECHANICAL_DESIGN_GEOMETRIC_PRESENTATION_REPRESENTATION('',(
    #8019),#7429);
#8019 = STYLED_ITEM('color',(#8020),#3819);
#8020 = PRESENTATION_STYLE_ASSIGNMENT((#8021));
#8021 = SURFACE_STYLE_USAGE(.BOTH.,#8022);
#8022 = SURFACE_SIDE_STYLE('',(#8023));
#8023 = SURFACE_STYLE_FILL_AREA(#8024);
#8024 = FILL_AREA_STYLE('',(#8025));
#8025 = FILL_AREA_STYLE_COLOUR('',#8026);
#8026 = COLOUR_RGB('',0.313304153717,0.484529207832,0.410020903123);
#8027 = MECHANICAL_DESIGN_GEOMETRIC_PRESENTATION_REPRESENTATION('',(
    #8028),#3611);
#8028 = STYLED_ITEM('color',(#8029),#3461);
#8029 = PRESENTATION_STYLE_ASSIGNMENT((#8030,#8035));
#8030 = SURFACE_STYLE_USAGE(.BOTH.,#8031);
#8031 = SURFACE_SIDE_STYLE('',(#8032));
#8032 = SURFACE_STYLE_FILL_AREA(#8033);
#8033 = FILL_AREA_STYLE('',(#8034));
#8034 = FILL_AREA_STYLE_COLOUR('',#7448);
#8035 = CURVE_STYLE('',#8036,POSITIVE_LENGTH_MEASURE(0.1),#7451);
#8036 = DRAUGHTING_PRE_DEFINED_CURVE_FONT('continuous');
ENDSEC;
END-ISO-10303-21;
