ISO-10303-21;
HEADER;
FILE_DESCRIPTION(('KiCad electronic assembly'),'2;1');
FILE_NAME('v1_fingermods.step','2026-05-18T21:13:55',('Pcbnew'),('Kicad'
    ),'Open CASCADE STEP processor 7.9','KiCad to STEP converter',
  'Unknown');
FILE_SCHEMA(('AUTOMOTIVE_DESIGN { 1 0 10303 214 1 1 1 1 }'));
ENDSEC;
DATA;
#1 = APPLICATION_PROTOCOL_DEFINITION('international standard',
  'automotive_design',2000,#2);
#2 = APPLICATION_CONTEXT(
  'core data for automotive mechanical design processes');
#3 = SHAPE_DEFINITION_REPRESENTATION(#4,#10);
#4 = PRODUCT_DEFINITION_SHAPE('','',#5);
#5 = PRODUCT_DEFINITION('design','',#6,#9);
#6 = PRODUCT_DEFINITION_FORMATION('','',#7);
#7 = PRODUCT('v1_fingermods 1','v1_fingermods 1','',(#8));
#8 = PRODUCT_CONTEXT('',#2,'mechanical');
#9 = PRODUCT_DEFINITION_CONTEXT('part definition',#2,'design');
#10 = SHAPE_REPRESENTATION('',(#11,#15,#19,#23,#27,#31,#35,#39,#43,#47,
    #51,#55,#59,#63,#67,#71,#75),#79);
#11 = AXIS2_PLACEMENT_3D('',#12,#13,#14);
#12 = CARTESIAN_POINT('',(0.,0.,0.));
#13 = DIRECTION('',(0.,0.,1.));
#14 = DIRECTION('',(1.,0.,-0.));
#15 = AXIS2_PLACEMENT_3D('',#16,#17,#18);
#16 = CARTESIAN_POINT('',(44.1,-89.7,1.595));
#17 = DIRECTION('',(0.,0.,1.));
#18 = DIRECTION('',(-1.,1.224646799147E-16,0.));
#19 = AXIS2_PLACEMENT_3D('',#20,#21,#22);
#20 = CARTESIAN_POINT('',(38.8625,-89.6,1.595));
#21 = DIRECTION('',(0.,0.,1.));
#22 = DIRECTION('',(-1.,1.224646799147E-16,0.));
#23 = AXIS2_PLACEMENT_3D('',#24,#25,#26);
#24 = CARTESIAN_POINT('',(61.1625,-89.79375,1.595));
#25 = DIRECTION('',(0.,0.,1.));
#26 = DIRECTION('',(-1.,1.224646799147E-16,0.));
#27 = AXIS2_PLACEMENT_3D('',#28,#29,#30);
#28 = CARTESIAN_POINT('',(45.5,-85.2,1.595));
#29 = DIRECTION('',(0.,-0.,1.));
#30 = DIRECTION('',(1.110223024625E-16,1.,0.));
#31 = AXIS2_PLACEMENT_3D('',#32,#33,#34);
#32 = CARTESIAN_POINT('',(42.2,-84.8,1.595));
#33 = DIRECTION('',(0.,0.,1.));
#34 = DIRECTION('',(1.,0.,0.));
#35 = AXIS2_PLACEMENT_3D('',#36,#37,#38);
#36 = CARTESIAN_POINT('',(55.5625,-85.99375,1.595));
#37 = DIRECTION('',(0.,-0.,1.));
#38 = DIRECTION('',(1.110223024625E-16,1.,0.));
#39 = AXIS2_PLACEMENT_3D('',#40,#41,#42);
#40 = CARTESIAN_POINT('',(38.2,-85.6,1.595));
#41 = DIRECTION('',(0.,-0.,1.));
#42 = DIRECTION('',(1.110223024625E-16,1.,0.));
#43 = AXIS2_PLACEMENT_3D('',#44,#45,#46);
#44 = CARTESIAN_POINT('',(35.6,-76.2,1.595));
#45 = DIRECTION('',(0.,-0.,1.));
#46 = DIRECTION('',(1.110223024625E-16,1.,0.));
#47 = AXIS2_PLACEMENT_3D('',#48,#49,#50);
#48 = CARTESIAN_POINT('',(59.2,-86.14375,1.595));
#49 = DIRECTION('',(0.,0.,1.));
#50 = DIRECTION('',(1.,0.,0.));
#51 = AXIS2_PLACEMENT_3D('',#52,#53,#54);
#52 = CARTESIAN_POINT('',(35.6,-93.8,1.595));
#53 = DIRECTION('',(0.,-0.,1.));
#54 = DIRECTION('',(1.110223024625E-16,1.,0.));
#55 = AXIS2_PLACEMENT_3D('',#56,#57,#58);
#56 = CARTESIAN_POINT('',(56.,-89.79375,1.595));
#57 = DIRECTION('',(0.,0.,1.));
#58 = DIRECTION('',(-1.,1.224646799147E-16,0.));
#59 = AXIS2_PLACEMENT_3D('',#60,#61,#62);
#60 = CARTESIAN_POINT('',(52.12875,-93.8,1.595));
#61 = DIRECTION('',(0.,-0.,1.));
#62 = DIRECTION('',(1.110223024625E-16,1.,0.));
#63 = AXIS2_PLACEMENT_3D('',#64,#65,#66);
#64 = CARTESIAN_POINT('',(62.7625,-85.84375,1.595));
#65 = DIRECTION('',(0.,-0.,1.));
#66 = DIRECTION('',(1.110223024625E-16,1.,0.));
#67 = AXIS2_PLACEMENT_3D('',#68,#69,#70);
#68 = CARTESIAN_POINT('',(42.,-80.2,-8.5E-02));
#69 = DIRECTION('',(1.499759782662E-32,1.224646799147E-16,-1.));
#70 = DIRECTION('',(-1.,1.224646799147E-16,0.));
#71 = AXIS2_PLACEMENT_3D('',#72,#73,#74);
#72 = CARTESIAN_POINT('',(59.06875,-80.8,-8.5E-02));
#73 = DIRECTION('',(1.499759782662E-32,1.224646799147E-16,-1.));
#74 = DIRECTION('',(-1.,1.224646799147E-16,0.));
#75 = AXIS2_PLACEMENT_3D('',#76,#77,#78);
#76 = CARTESIAN_POINT('',(0.,0.,0.));
#77 = DIRECTION('',(0.,0.,1.));
#78 = DIRECTION('',(1.,0.,-0.));
#79 = ( GEOMETRIC_REPRESENTATION_CONTEXT(3) 
GLOBAL_UNCERTAINTY_ASSIGNED_CONTEXT((#83)) GLOBAL_UNIT_ASSIGNED_CONTEXT(
(#80,#81,#82)) REPRESENTATION_CONTEXT('Context #1',
  '3D Context with UNIT and UNCERTAINTY') );
#80 = ( LENGTH_UNIT() NAMED_UNIT(*) SI_UNIT(.MILLI.,.METRE.) );
#81 = ( NAMED_UNIT(*) PLANE_ANGLE_UNIT() SI_UNIT($,.RADIAN.) );
#82 = ( NAMED_UNIT(*) SI_UNIT($,.STERADIAN.) SOLID_ANGLE_UNIT() );
#83 = UNCERTAINTY_MEASURE_WITH_UNIT(LENGTH_MEASURE(2.E-07),#80,
  'distance_accuracy_value','confusion accuracy');
#84 = PRODUCT_RELATED_PRODUCT_CATEGORY('part',$,(#7));
#85 = SHAPE_DEFINITION_REPRESENTATION(#86,#92);
#86 = PRODUCT_DEFINITION_SHAPE('','',#87);
#87 = PRODUCT_DEFINITION('design','',#88,#91);
#88 = PRODUCT_DEFINITION_FORMATION('','',#89);
#89 = PRODUCT('C_1206_3216Metric','C_1206_3216Metric','',(#90));
#90 = PRODUCT_CONTEXT('',#2,'mechanical');
#91 = PRODUCT_DEFINITION_CONTEXT('part definition',#2,'design');
#92 = ADVANCED_BREP_SHAPE_REPRESENTATION('',(#11,#93),#947);
#93 = MANIFOLD_SOLID_BREP('',#94);
#94 = CLOSED_SHELL('',(#95,#171,#202,#227,#252,#276,#300,#325,#350,#367,
    #453,#485,#509,#534,#558,#583,#607,#632,#649,#735,#766,#791,#816,
    #840,#864,#889,#914,#931));
#95 = ADVANCED_FACE('',(#96),#166,.F.);
#96 = FACE_BOUND('',#97,.F.);
#97 = EDGE_LOOP('',(#98,#108,#117,#125,#134,#142,#151,#159));
#98 = ORIENTED_EDGE('',*,*,#99,.F.);
#99 = EDGE_CURVE('',#100,#102,#104,.T.);
#100 = VERTEX_POINT('',#101);
#101 = CARTESIAN_POINT('',(-1.6,-0.8,4.E-02));
#102 = VERTEX_POINT('',#103);
#103 = CARTESIAN_POINT('',(-1.6,-0.8,1.56));
#104 = LINE('',#105,#106);
#105 = CARTESIAN_POINT('',(-1.6,-0.8,0.));
#106 = VECTOR('',#107,1.);
#107 = DIRECTION('',(0.,0.,1.));
#108 = ORIENTED_EDGE('',*,*,#109,.T.);
#109 = EDGE_CURVE('',#100,#110,#112,.T.);
#110 = VERTEX_POINT('',#111);
#111 = CARTESIAN_POINT('',(-1.6,-0.76,0.));
#112 = CIRCLE('',#113,4.E-02);
#113 = AXIS2_PLACEMENT_3D('',#114,#115,#116);
#114 = CARTESIAN_POINT('',(-1.6,-0.76,4.E-02));
#115 = DIRECTION('',(1.,0.,-0.));
#116 = DIRECTION('',(0.,0.,1.));
#117 = ORIENTED_EDGE('',*,*,#118,.T.);
#118 = EDGE_CURVE('',#110,#119,#121,.T.);
#119 = VERTEX_POINT('',#120);
#120 = CARTESIAN_POINT('',(-1.6,0.76,0.));
#121 = LINE('',#122,#123);
#122 = CARTESIAN_POINT('',(-1.6,-0.8,0.));
#123 = VECTOR('',#124,1.);
#124 = DIRECTION('',(0.,1.,0.));
#125 = ORIENTED_EDGE('',*,*,#126,.F.);
#126 = EDGE_CURVE('',#127,#119,#129,.T.);
#127 = VERTEX_POINT('',#128);
#128 = CARTESIAN_POINT('',(-1.6,0.8,4.E-02));
#129 = CIRCLE('',#130,4.E-02);
#130 = AXIS2_PLACEMENT_3D('',#131,#132,#133);
#131 = CARTESIAN_POINT('',(-1.6,0.76,4.E-02));
#132 = DIRECTION('',(-1.,0.,0.));
#133 = DIRECTION('',(0.,0.,1.));
#134 = ORIENTED_EDGE('',*,*,#135,.T.);
#135 = EDGE_CURVE('',#127,#136,#138,.T.);
#136 = VERTEX_POINT('',#137);
#137 = CARTESIAN_POINT('',(-1.6,0.8,1.56));
#138 = LINE('',#139,#140);
#139 = CARTESIAN_POINT('',(-1.6,0.8,0.));
#140 = VECTOR('',#141,1.);
#141 = DIRECTION('',(0.,0.,1.));
#142 = ORIENTED_EDGE('',*,*,#143,.T.);
#143 = EDGE_CURVE('',#136,#144,#146,.T.);
#144 = VERTEX_POINT('',#145);
#145 = CARTESIAN_POINT('',(-1.6,0.76,1.6));
#146 = CIRCLE('',#147,4.E-02);
#147 = AXIS2_PLACEMENT_3D('',#148,#149,#150);
#148 = CARTESIAN_POINT('',(-1.6,0.76,1.56));
#149 = DIRECTION('',(1.,0.,-0.));
#150 = DIRECTION('',(0.,0.,1.));
#151 = ORIENTED_EDGE('',*,*,#152,.F.);
#152 = EDGE_CURVE('',#153,#144,#155,.T.);
#153 = VERTEX_POINT('',#154);
#154 = CARTESIAN_POINT('',(-1.6,-0.76,1.6));
#155 = LINE('',#156,#157);
#156 = CARTESIAN_POINT('',(-1.6,-0.8,1.6));
#157 = VECTOR('',#158,1.);
#158 = DIRECTION('',(0.,1.,0.));
#159 = ORIENTED_EDGE('',*,*,#160,.F.);
#160 = EDGE_CURVE('',#102,#153,#161,.T.);
#161 = CIRCLE('',#162,4.E-02);
#162 = AXIS2_PLACEMENT_3D('',#163,#164,#165);
#163 = CARTESIAN_POINT('',(-1.6,-0.76,1.56));
#164 = DIRECTION('',(-1.,0.,0.));
#165 = DIRECTION('',(0.,0.,1.));
#166 = PLANE('',#167);
#167 = AXIS2_PLACEMENT_3D('',#168,#169,#170);
#168 = CARTESIAN_POINT('',(-1.6,-0.8,0.));
#169 = DIRECTION('',(1.,0.,0.));
#170 = DIRECTION('',(0.,0.,1.));
#171 = ADVANCED_FACE('',(#172),#197,.F.);
#172 = FACE_BOUND('',#173,.F.);
#173 = EDGE_LOOP('',(#174,#184,#190,#191));
#174 = ORIENTED_EDGE('',*,*,#175,.F.);
#175 = EDGE_CURVE('',#176,#178,#180,.T.);
#176 = VERTEX_POINT('',#177);
#177 = CARTESIAN_POINT('',(-1.2,-0.8,4.E-02));
#178 = VERTEX_POINT('',#179);
#179 = CARTESIAN_POINT('',(-1.2,-0.8,1.56));
#180 = LINE('',#181,#182);
#181 = CARTESIAN_POINT('',(-1.2,-0.8,0.));
#182 = VECTOR('',#183,1.);
#183 = DIRECTION('',(0.,0.,1.));
#184 = ORIENTED_EDGE('',*,*,#185,.F.);
#185 = EDGE_CURVE('',#100,#176,#186,.T.);
#186 = LINE('',#187,#188);
#187 = CARTESIAN_POINT('',(-1.6,-0.8,4.E-02));
#188 = VECTOR('',#189,1.);
#189 = DIRECTION('',(1.,0.,0.));
#190 = ORIENTED_EDGE('',*,*,#99,.T.);
#191 = ORIENTED_EDGE('',*,*,#192,.T.);
#192 = EDGE_CURVE('',#102,#178,#193,.T.);
#193 = LINE('',#194,#195);
#194 = CARTESIAN_POINT('',(-1.6,-0.8,1.56));
#195 = VECTOR('',#196,1.);
#196 = DIRECTION('',(1.,0.,0.));
#197 = PLANE('',#198);
#198 = AXIS2_PLACEMENT_3D('',#199,#200,#201);
#199 = CARTESIAN_POINT('',(-1.6,-0.8,0.));
#200 = DIRECTION('',(0.,1.,0.));
#201 = DIRECTION('',(0.,-0.,1.));
#202 = ADVANCED_FACE('',(#203),#222,.T.);
#203 = FACE_BOUND('',#204,.T.);
#204 = EDGE_LOOP('',(#205,#206,#214,#221));
#205 = ORIENTED_EDGE('',*,*,#109,.T.);
#206 = ORIENTED_EDGE('',*,*,#207,.T.);
#207 = EDGE_CURVE('',#110,#208,#210,.T.);
#208 = VERTEX_POINT('',#209);
#209 = CARTESIAN_POINT('',(-1.2,-0.76,0.));
#210 = LINE('',#211,#212);
#211 = CARTESIAN_POINT('',(-1.6,-0.76,0.));
#212 = VECTOR('',#213,1.);
#213 = DIRECTION('',(1.,0.,0.));
#214 = ORIENTED_EDGE('',*,*,#215,.F.);
#215 = EDGE_CURVE('',#176,#208,#216,.T.);
#216 = CIRCLE('',#217,4.E-02);
#217 = AXIS2_PLACEMENT_3D('',#218,#219,#220);
#218 = CARTESIAN_POINT('',(-1.2,-0.76,4.E-02));
#219 = DIRECTION('',(1.,0.,-0.));
#220 = DIRECTION('',(0.,0.,1.));
#221 = ORIENTED_EDGE('',*,*,#185,.F.);
#222 = CYLINDRICAL_SURFACE('',#223,4.E-02);
#223 = AXIS2_PLACEMENT_3D('',#224,#225,#226);
#224 = CARTESIAN_POINT('',(-1.6,-0.76,4.E-02));
#225 = DIRECTION('',(1.,0.,0.));
#226 = DIRECTION('',(0.,-1.,0.));
#227 = ADVANCED_FACE('',(#228),#247,.T.);
#228 = FACE_BOUND('',#229,.T.);
#229 = EDGE_LOOP('',(#230,#231,#240,#246));
#230 = ORIENTED_EDGE('',*,*,#192,.T.);
#231 = ORIENTED_EDGE('',*,*,#232,.T.);
#232 = EDGE_CURVE('',#178,#233,#235,.T.);
#233 = VERTEX_POINT('',#234);
#234 = CARTESIAN_POINT('',(-1.2,-0.76,1.6));
#235 = CIRCLE('',#236,4.E-02);
#236 = AXIS2_PLACEMENT_3D('',#237,#238,#239);
#237 = CARTESIAN_POINT('',(-1.2,-0.76,1.56));
#238 = DIRECTION('',(-1.,0.,0.));
#239 = DIRECTION('',(0.,0.,1.));
#240 = ORIENTED_EDGE('',*,*,#241,.F.);
#241 = EDGE_CURVE('',#153,#233,#242,.T.);
#242 = LINE('',#243,#244);
#243 = CARTESIAN_POINT('',(-1.6,-0.76,1.6));
#244 = VECTOR('',#245,1.);
#245 = DIRECTION('',(1.,0.,0.));
#246 = ORIENTED_EDGE('',*,*,#160,.F.);
#247 = CYLINDRICAL_SURFACE('',#248,4.E-02);
#248 = AXIS2_PLACEMENT_3D('',#249,#250,#251);
#249 = CARTESIAN_POINT('',(-1.6,-0.76,1.56));
#250 = DIRECTION('',(1.,0.,0.));
#251 = DIRECTION('',(0.,-1.,0.));
#252 = ADVANCED_FACE('',(#253),#271,.F.);
#253 = FACE_BOUND('',#254,.F.);
#254 = EDGE_LOOP('',(#255,#256,#257,#265));
#255 = ORIENTED_EDGE('',*,*,#118,.F.);
#256 = ORIENTED_EDGE('',*,*,#207,.T.);
#257 = ORIENTED_EDGE('',*,*,#258,.T.);
#258 = EDGE_CURVE('',#208,#259,#261,.T.);
#259 = VERTEX_POINT('',#260);
#260 = CARTESIAN_POINT('',(-1.2,0.76,0.));
#261 = LINE('',#262,#263);
#262 = CARTESIAN_POINT('',(-1.2,-0.8,0.));
#263 = VECTOR('',#264,1.);
#264 = DIRECTION('',(0.,1.,0.));
#265 = ORIENTED_EDGE('',*,*,#266,.F.);
#266 = EDGE_CURVE('',#119,#259,#267,.T.);
#267 = LINE('',#268,#269);
#268 = CARTESIAN_POINT('',(-1.6,0.76,0.));
#269 = VECTOR('',#270,1.);
#270 = DIRECTION('',(1.,0.,0.));
#271 = PLANE('',#272);
#272 = AXIS2_PLACEMENT_3D('',#273,#274,#275);
#273 = CARTESIAN_POINT('',(-1.6,-0.8,0.));
#274 = DIRECTION('',(0.,0.,1.));
#275 = DIRECTION('',(1.,0.,-0.));
#276 = ADVANCED_FACE('',(#277),#295,.T.);
#277 = FACE_BOUND('',#278,.T.);
#278 = EDGE_LOOP('',(#279,#280,#281,#289));
#279 = ORIENTED_EDGE('',*,*,#152,.F.);
#280 = ORIENTED_EDGE('',*,*,#241,.T.);
#281 = ORIENTED_EDGE('',*,*,#282,.T.);
#282 = EDGE_CURVE('',#233,#283,#285,.T.);
#283 = VERTEX_POINT('',#284);
#284 = CARTESIAN_POINT('',(-1.2,0.76,1.6));
#285 = LINE('',#286,#287);
#286 = CARTESIAN_POINT('',(-1.2,-0.8,1.6));
#287 = VECTOR('',#288,1.);
#288 = DIRECTION('',(0.,1.,0.));
#289 = ORIENTED_EDGE('',*,*,#290,.F.);
#290 = EDGE_CURVE('',#144,#283,#291,.T.);
#291 = LINE('',#292,#293);
#292 = CARTESIAN_POINT('',(-1.6,0.76,1.6));
#293 = VECTOR('',#294,1.);
#294 = DIRECTION('',(1.,0.,0.));
#295 = PLANE('',#296);
#296 = AXIS2_PLACEMENT_3D('',#297,#298,#299);
#297 = CARTESIAN_POINT('',(-1.6,-0.8,1.6));
#298 = DIRECTION('',(0.,0.,1.));
#299 = DIRECTION('',(1.,0.,-0.));
#300 = ADVANCED_FACE('',(#301),#320,.T.);
#301 = FACE_BOUND('',#302,.T.);
#302 = EDGE_LOOP('',(#303,#311,#318,#319));
#303 = ORIENTED_EDGE('',*,*,#304,.T.);
#304 = EDGE_CURVE('',#127,#305,#307,.T.);
#305 = VERTEX_POINT('',#306);
#306 = CARTESIAN_POINT('',(-1.2,0.8,4.E-02));
#307 = LINE('',#308,#309);
#308 = CARTESIAN_POINT('',(-1.6,0.8,4.E-02));
#309 = VECTOR('',#310,1.);
#310 = DIRECTION('',(1.,0.,0.));
#311 = ORIENTED_EDGE('',*,*,#312,.T.);
#312 = EDGE_CURVE('',#305,#259,#313,.T.);
#313 = CIRCLE('',#314,4.E-02);
#314 = AXIS2_PLACEMENT_3D('',#315,#316,#317);
#315 = CARTESIAN_POINT('',(-1.2,0.76,4.E-02));
#316 = DIRECTION('',(-1.,0.,0.));
#317 = DIRECTION('',(0.,0.,1.));
#318 = ORIENTED_EDGE('',*,*,#266,.F.);
#319 = ORIENTED_EDGE('',*,*,#126,.F.);
#320 = CYLINDRICAL_SURFACE('',#321,4.E-02);
#321 = AXIS2_PLACEMENT_3D('',#322,#323,#324);
#322 = CARTESIAN_POINT('',(-1.6,0.76,4.E-02));
#323 = DIRECTION('',(1.,0.,0.));
#324 = DIRECTION('',(-0.,1.,0.));
#325 = ADVANCED_FACE('',(#326),#345,.T.);
#326 = FACE_BOUND('',#327,.T.);
#327 = EDGE_LOOP('',(#328,#329,#330,#339));
#328 = ORIENTED_EDGE('',*,*,#143,.T.);
#329 = ORIENTED_EDGE('',*,*,#290,.T.);
#330 = ORIENTED_EDGE('',*,*,#331,.F.);
#331 = EDGE_CURVE('',#332,#283,#334,.T.);
#332 = VERTEX_POINT('',#333);
#333 = CARTESIAN_POINT('',(-1.2,0.8,1.56));
#334 = CIRCLE('',#335,4.E-02);
#335 = AXIS2_PLACEMENT_3D('',#336,#337,#338);
#336 = CARTESIAN_POINT('',(-1.2,0.76,1.56));
#337 = DIRECTION('',(1.,0.,-0.));
#338 = DIRECTION('',(0.,0.,1.));
#339 = ORIENTED_EDGE('',*,*,#340,.F.);
#340 = EDGE_CURVE('',#136,#332,#341,.T.);
#341 = LINE('',#342,#343);
#342 = CARTESIAN_POINT('',(-1.6,0.8,1.56));
#343 = VECTOR('',#344,1.);
#344 = DIRECTION('',(1.,0.,0.));
#345 = CYLINDRICAL_SURFACE('',#346,4.E-02);
#346 = AXIS2_PLACEMENT_3D('',#347,#348,#349);
#347 = CARTESIAN_POINT('',(-1.6,0.76,1.56));
#348 = DIRECTION('',(1.,0.,0.));
#349 = DIRECTION('',(-0.,1.,0.));
#350 = ADVANCED_FACE('',(#351),#362,.T.);
#351 = FACE_BOUND('',#352,.T.);
#352 = EDGE_LOOP('',(#353,#359,#360,#361));
#353 = ORIENTED_EDGE('',*,*,#354,.F.);
#354 = EDGE_CURVE('',#305,#332,#355,.T.);
#355 = LINE('',#356,#357);
#356 = CARTESIAN_POINT('',(-1.2,0.8,0.));
#357 = VECTOR('',#358,1.);
#358 = DIRECTION('',(0.,0.,1.));
#359 = ORIENTED_EDGE('',*,*,#304,.F.);
#360 = ORIENTED_EDGE('',*,*,#135,.T.);
#361 = ORIENTED_EDGE('',*,*,#340,.T.);
#362 = PLANE('',#363);
#363 = AXIS2_PLACEMENT_3D('',#364,#365,#366);
#364 = CARTESIAN_POINT('',(-1.6,0.8,0.));
#365 = DIRECTION('',(0.,1.,0.));
#366 = DIRECTION('',(0.,-0.,1.));
#367 = ADVANCED_FACE('',(#368,#378),#448,.T.);
#368 = FACE_BOUND('',#369,.T.);
#369 = EDGE_LOOP('',(#370,#371,#372,#373,#374,#375,#376,#377));
#370 = ORIENTED_EDGE('',*,*,#175,.F.);
#371 = ORIENTED_EDGE('',*,*,#215,.T.);
#372 = ORIENTED_EDGE('',*,*,#258,.T.);
#373 = ORIENTED_EDGE('',*,*,#312,.F.);
#374 = ORIENTED_EDGE('',*,*,#354,.T.);
#375 = ORIENTED_EDGE('',*,*,#331,.T.);
#376 = ORIENTED_EDGE('',*,*,#282,.F.);
#377 = ORIENTED_EDGE('',*,*,#232,.F.);
#378 = FACE_BOUND('',#379,.T.);
#379 = EDGE_LOOP('',(#380,#391,#399,#408,#416,#425,#433,#442));
#380 = ORIENTED_EDGE('',*,*,#381,.F.);
#381 = EDGE_CURVE('',#382,#384,#386,.T.);
#382 = VERTEX_POINT('',#383);
#383 = CARTESIAN_POINT('',(-1.2,-0.76,8.E-02));
#384 = VERTEX_POINT('',#385);
#385 = CARTESIAN_POINT('',(-1.2,-0.72,4.E-02));
#386 = CIRCLE('',#387,4.E-02);
#387 = AXIS2_PLACEMENT_3D('',#388,#389,#390);
#388 = CARTESIAN_POINT('',(-1.2,-0.72,8.E-02));
#389 = DIRECTION('',(1.,0.,-0.));
#390 = DIRECTION('',(0.,0.,1.));
#391 = ORIENTED_EDGE('',*,*,#392,.T.);
#392 = EDGE_CURVE('',#382,#393,#395,.T.);
#393 = VERTEX_POINT('',#394);
#394 = CARTESIAN_POINT('',(-1.2,-0.76,1.52));
#395 = LINE('',#396,#397);
#396 = CARTESIAN_POINT('',(-1.2,-0.76,4.E-02));
#397 = VECTOR('',#398,1.);
#398 = DIRECTION('',(0.,0.,1.));
#399 = ORIENTED_EDGE('',*,*,#400,.T.);
#400 = EDGE_CURVE('',#393,#401,#403,.T.);
#401 = VERTEX_POINT('',#402);
#402 = CARTESIAN_POINT('',(-1.2,-0.72,1.56));
#403 = CIRCLE('',#404,4.E-02);
#404 = AXIS2_PLACEMENT_3D('',#405,#406,#407);
#405 = CARTESIAN_POINT('',(-1.2,-0.72,1.52));
#406 = DIRECTION('',(-1.,0.,0.));
#407 = DIRECTION('',(0.,0.,1.));
#408 = ORIENTED_EDGE('',*,*,#409,.T.);
#409 = EDGE_CURVE('',#401,#410,#412,.T.);
#410 = VERTEX_POINT('',#411);
#411 = CARTESIAN_POINT('',(-1.2,0.72,1.56));
#412 = LINE('',#413,#414);
#413 = CARTESIAN_POINT('',(-1.2,-0.76,1.56));
#414 = VECTOR('',#415,1.);
#415 = DIRECTION('',(0.,1.,0.));
#416 = ORIENTED_EDGE('',*,*,#417,.F.);
#417 = EDGE_CURVE('',#418,#410,#420,.T.);
#418 = VERTEX_POINT('',#419);
#419 = CARTESIAN_POINT('',(-1.2,0.76,1.52));
#420 = CIRCLE('',#421,4.E-02);
#421 = AXIS2_PLACEMENT_3D('',#422,#423,#424);
#422 = CARTESIAN_POINT('',(-1.2,0.72,1.52));
#423 = DIRECTION('',(1.,0.,-0.));
#424 = DIRECTION('',(0.,0.,1.));
#425 = ORIENTED_EDGE('',*,*,#426,.F.);
#426 = EDGE_CURVE('',#427,#418,#429,.T.);
#427 = VERTEX_POINT('',#428);
#428 = CARTESIAN_POINT('',(-1.2,0.76,8.E-02));
#429 = LINE('',#430,#431);
#430 = CARTESIAN_POINT('',(-1.2,0.76,4.E-02));
#431 = VECTOR('',#432,1.);
#432 = DIRECTION('',(0.,0.,1.));
#433 = ORIENTED_EDGE('',*,*,#434,.T.);
#434 = EDGE_CURVE('',#427,#435,#437,.T.);
#435 = VERTEX_POINT('',#436);
#436 = CARTESIAN_POINT('',(-1.2,0.72,4.E-02));
#437 = CIRCLE('',#438,4.E-02);
#438 = AXIS2_PLACEMENT_3D('',#439,#440,#441);
#439 = CARTESIAN_POINT('',(-1.2,0.72,8.E-02));
#440 = DIRECTION('',(-1.,0.,0.));
#441 = DIRECTION('',(0.,0.,1.));
#442 = ORIENTED_EDGE('',*,*,#443,.F.);
#443 = EDGE_CURVE('',#384,#435,#444,.T.);
#444 = LINE('',#445,#446);
#445 = CARTESIAN_POINT('',(-1.2,-0.76,4.E-02));
#446 = VECTOR('',#447,1.);
#447 = DIRECTION('',(0.,1.,0.));
#448 = PLANE('',#449);
#449 = AXIS2_PLACEMENT_3D('',#450,#451,#452);
#450 = CARTESIAN_POINT('',(-1.2,-0.8,0.));
#451 = DIRECTION('',(1.,0.,0.));
#452 = DIRECTION('',(0.,0.,1.));
#453 = ADVANCED_FACE('',(#454),#480,.T.);
#454 = FACE_BOUND('',#455,.T.);
#455 = EDGE_LOOP('',(#456,#457,#465,#474));
#456 = ORIENTED_EDGE('',*,*,#381,.T.);
#457 = ORIENTED_EDGE('',*,*,#458,.T.);
#458 = EDGE_CURVE('',#384,#459,#461,.T.);
#459 = VERTEX_POINT('',#460);
#460 = CARTESIAN_POINT('',(1.2,-0.72,4.E-02));
#461 = LINE('',#462,#463);
#462 = CARTESIAN_POINT('',(-1.2,-0.72,4.E-02));
#463 = VECTOR('',#464,1.);
#464 = DIRECTION('',(1.,0.,0.));
#465 = ORIENTED_EDGE('',*,*,#466,.F.);
#466 = EDGE_CURVE('',#467,#459,#469,.T.);
#467 = VERTEX_POINT('',#468);
#468 = CARTESIAN_POINT('',(1.2,-0.76,8.E-02));
#469 = CIRCLE('',#470,4.E-02);
#470 = AXIS2_PLACEMENT_3D('',#471,#472,#473);
#471 = CARTESIAN_POINT('',(1.2,-0.72,8.E-02));
#472 = DIRECTION('',(1.,0.,-0.));
#473 = DIRECTION('',(0.,0.,1.));
#474 = ORIENTED_EDGE('',*,*,#475,.F.);
#475 = EDGE_CURVE('',#382,#467,#476,.T.);
#476 = LINE('',#477,#478);
#477 = CARTESIAN_POINT('',(-1.2,-0.76,8.E-02));
#478 = VECTOR('',#479,1.);
#479 = DIRECTION('',(1.,0.,0.));
#480 = CYLINDRICAL_SURFACE('',#481,4.E-02);
#481 = AXIS2_PLACEMENT_3D('',#482,#483,#484);
#482 = CARTESIAN_POINT('',(-1.2,-0.72,8.E-02));
#483 = DIRECTION('',(1.,0.,0.));
#484 = DIRECTION('',(0.,-1.,0.));
#485 = ADVANCED_FACE('',(#486),#504,.F.);
#486 = FACE_BOUND('',#487,.F.);
#487 = EDGE_LOOP('',(#488,#489,#490,#498));
#488 = ORIENTED_EDGE('',*,*,#443,.F.);
#489 = ORIENTED_EDGE('',*,*,#458,.T.);
#490 = ORIENTED_EDGE('',*,*,#491,.T.);
#491 = EDGE_CURVE('',#459,#492,#494,.T.);
#492 = VERTEX_POINT('',#493);
#493 = CARTESIAN_POINT('',(1.2,0.72,4.E-02));
#494 = LINE('',#495,#496);
#495 = CARTESIAN_POINT('',(1.2,-0.76,4.E-02));
#496 = VECTOR('',#497,1.);
#497 = DIRECTION('',(0.,1.,0.));
#498 = ORIENTED_EDGE('',*,*,#499,.F.);
#499 = EDGE_CURVE('',#435,#492,#500,.T.);
#500 = LINE('',#501,#502);
#501 = CARTESIAN_POINT('',(-1.2,0.72,4.E-02));
#502 = VECTOR('',#503,1.);
#503 = DIRECTION('',(1.,0.,0.));
#504 = PLANE('',#505);
#505 = AXIS2_PLACEMENT_3D('',#506,#507,#508);
#506 = CARTESIAN_POINT('',(-1.2,-0.76,4.E-02));
#507 = DIRECTION('',(0.,0.,1.));
#508 = DIRECTION('',(1.,0.,-0.));
#509 = ADVANCED_FACE('',(#510),#529,.T.);
#510 = FACE_BOUND('',#511,.T.);
#511 = EDGE_LOOP('',(#512,#520,#527,#528));
#512 = ORIENTED_EDGE('',*,*,#513,.T.);
#513 = EDGE_CURVE('',#427,#514,#516,.T.);
#514 = VERTEX_POINT('',#515);
#515 = CARTESIAN_POINT('',(1.2,0.76,8.E-02));
#516 = LINE('',#517,#518);
#517 = CARTESIAN_POINT('',(-1.2,0.76,8.E-02));
#518 = VECTOR('',#519,1.);
#519 = DIRECTION('',(1.,0.,0.));
#520 = ORIENTED_EDGE('',*,*,#521,.T.);
#521 = EDGE_CURVE('',#514,#492,#522,.T.);
#522 = CIRCLE('',#523,4.E-02);
#523 = AXIS2_PLACEMENT_3D('',#524,#525,#526);
#524 = CARTESIAN_POINT('',(1.2,0.72,8.E-02));
#525 = DIRECTION('',(-1.,0.,0.));
#526 = DIRECTION('',(0.,0.,1.));
#527 = ORIENTED_EDGE('',*,*,#499,.F.);
#528 = ORIENTED_EDGE('',*,*,#434,.F.);
#529 = CYLINDRICAL_SURFACE('',#530,4.E-02);
#530 = AXIS2_PLACEMENT_3D('',#531,#532,#533);
#531 = CARTESIAN_POINT('',(-1.2,0.72,8.E-02));
#532 = DIRECTION('',(1.,0.,0.));
#533 = DIRECTION('',(-0.,1.,0.));
#534 = ADVANCED_FACE('',(#535),#553,.T.);
#535 = FACE_BOUND('',#536,.T.);
#536 = EDGE_LOOP('',(#537,#545,#546,#547));
#537 = ORIENTED_EDGE('',*,*,#538,.F.);
#538 = EDGE_CURVE('',#514,#539,#541,.T.);
#539 = VERTEX_POINT('',#540);
#540 = CARTESIAN_POINT('',(1.2,0.76,1.52));
#541 = LINE('',#542,#543);
#542 = CARTESIAN_POINT('',(1.2,0.76,4.E-02));
#543 = VECTOR('',#544,1.);
#544 = DIRECTION('',(0.,0.,1.));
#545 = ORIENTED_EDGE('',*,*,#513,.F.);
#546 = ORIENTED_EDGE('',*,*,#426,.T.);
#547 = ORIENTED_EDGE('',*,*,#548,.T.);
#548 = EDGE_CURVE('',#418,#539,#549,.T.);
#549 = LINE('',#550,#551);
#550 = CARTESIAN_POINT('',(-1.2,0.76,1.52));
#551 = VECTOR('',#552,1.);
#552 = DIRECTION('',(1.,0.,0.));
#553 = PLANE('',#554);
#554 = AXIS2_PLACEMENT_3D('',#555,#556,#557);
#555 = CARTESIAN_POINT('',(-1.2,0.76,4.E-02));
#556 = DIRECTION('',(0.,1.,0.));
#557 = DIRECTION('',(0.,-0.,1.));
#558 = ADVANCED_FACE('',(#559),#578,.T.);
#559 = FACE_BOUND('',#560,.T.);
#560 = EDGE_LOOP('',(#561,#562,#570,#577));
#561 = ORIENTED_EDGE('',*,*,#417,.T.);
#562 = ORIENTED_EDGE('',*,*,#563,.T.);
#563 = EDGE_CURVE('',#410,#564,#566,.T.);
#564 = VERTEX_POINT('',#565);
#565 = CARTESIAN_POINT('',(1.2,0.72,1.56));
#566 = LINE('',#567,#568);
#567 = CARTESIAN_POINT('',(-1.2,0.72,1.56));
#568 = VECTOR('',#569,1.);
#569 = DIRECTION('',(1.,0.,0.));
#570 = ORIENTED_EDGE('',*,*,#571,.F.);
#571 = EDGE_CURVE('',#539,#564,#572,.T.);
#572 = CIRCLE('',#573,4.E-02);
#573 = AXIS2_PLACEMENT_3D('',#574,#575,#576);
#574 = CARTESIAN_POINT('',(1.2,0.72,1.52));
#575 = DIRECTION('',(1.,0.,-0.));
#576 = DIRECTION('',(0.,0.,1.));
#577 = ORIENTED_EDGE('',*,*,#548,.F.);
#578 = CYLINDRICAL_SURFACE('',#579,4.E-02);
#579 = AXIS2_PLACEMENT_3D('',#580,#581,#582);
#580 = CARTESIAN_POINT('',(-1.2,0.72,1.52));
#581 = DIRECTION('',(1.,0.,0.));
#582 = DIRECTION('',(-0.,1.,0.));
#583 = ADVANCED_FACE('',(#584),#602,.T.);
#584 = FACE_BOUND('',#585,.T.);
#585 = EDGE_LOOP('',(#586,#587,#595,#601));
#586 = ORIENTED_EDGE('',*,*,#409,.F.);
#587 = ORIENTED_EDGE('',*,*,#588,.T.);
#588 = EDGE_CURVE('',#401,#589,#591,.T.);
#589 = VERTEX_POINT('',#590);
#590 = CARTESIAN_POINT('',(1.2,-0.72,1.56));
#591 = LINE('',#592,#593);
#592 = CARTESIAN_POINT('',(-1.2,-0.72,1.56));
#593 = VECTOR('',#594,1.);
#594 = DIRECTION('',(1.,0.,0.));
#595 = ORIENTED_EDGE('',*,*,#596,.T.);
#596 = EDGE_CURVE('',#589,#564,#597,.T.);
#597 = LINE('',#598,#599);
#598 = CARTESIAN_POINT('',(1.2,-0.76,1.56));
#599 = VECTOR('',#600,1.);
#600 = DIRECTION('',(0.,1.,0.));
#601 = ORIENTED_EDGE('',*,*,#563,.F.);
#602 = PLANE('',#603);
#603 = AXIS2_PLACEMENT_3D('',#604,#605,#606);
#604 = CARTESIAN_POINT('',(-1.2,-0.76,1.56));
#605 = DIRECTION('',(0.,0.,1.));
#606 = DIRECTION('',(1.,0.,-0.));
#607 = ADVANCED_FACE('',(#608),#627,.T.);
#608 = FACE_BOUND('',#609,.T.);
#609 = EDGE_LOOP('',(#610,#618,#625,#626));
#610 = ORIENTED_EDGE('',*,*,#611,.T.);
#611 = EDGE_CURVE('',#393,#612,#614,.T.);
#612 = VERTEX_POINT('',#613);
#613 = CARTESIAN_POINT('',(1.2,-0.76,1.52));
#614 = LINE('',#615,#616);
#615 = CARTESIAN_POINT('',(-1.2,-0.76,1.52));
#616 = VECTOR('',#617,1.);
#617 = DIRECTION('',(1.,0.,0.));
#618 = ORIENTED_EDGE('',*,*,#619,.T.);
#619 = EDGE_CURVE('',#612,#589,#620,.T.);
#620 = CIRCLE('',#621,4.E-02);
#621 = AXIS2_PLACEMENT_3D('',#622,#623,#624);
#622 = CARTESIAN_POINT('',(1.2,-0.72,1.52));
#623 = DIRECTION('',(-1.,0.,0.));
#624 = DIRECTION('',(0.,0.,1.));
#625 = ORIENTED_EDGE('',*,*,#588,.F.);
#626 = ORIENTED_EDGE('',*,*,#400,.F.);
#627 = CYLINDRICAL_SURFACE('',#628,4.E-02);
#628 = AXIS2_PLACEMENT_3D('',#629,#630,#631);
#629 = CARTESIAN_POINT('',(-1.2,-0.72,1.52));
#630 = DIRECTION('',(1.,0.,0.));
#631 = DIRECTION('',(0.,-1.,0.));
#632 = ADVANCED_FACE('',(#633),#644,.F.);
#633 = FACE_BOUND('',#634,.F.);
#634 = EDGE_LOOP('',(#635,#641,#642,#643));
#635 = ORIENTED_EDGE('',*,*,#636,.F.);
#636 = EDGE_CURVE('',#467,#612,#637,.T.);
#637 = LINE('',#638,#639);
#638 = CARTESIAN_POINT('',(1.2,-0.76,4.E-02));
#639 = VECTOR('',#640,1.);
#640 = DIRECTION('',(0.,0.,1.));
#641 = ORIENTED_EDGE('',*,*,#475,.F.);
#642 = ORIENTED_EDGE('',*,*,#392,.T.);
#643 = ORIENTED_EDGE('',*,*,#611,.T.);
#644 = PLANE('',#645);
#645 = AXIS2_PLACEMENT_3D('',#646,#647,#648);
#646 = CARTESIAN_POINT('',(-1.2,-0.76,4.E-02));
#647 = DIRECTION('',(0.,1.,0.));
#648 = DIRECTION('',(0.,-0.,1.));
#649 = ADVANCED_FACE('',(#650,#720),#730,.F.);
#650 = FACE_BOUND('',#651,.F.);
#651 = EDGE_LOOP('',(#652,#662,#671,#679,#688,#696,#705,#713));
#652 = ORIENTED_EDGE('',*,*,#653,.F.);
#653 = EDGE_CURVE('',#654,#656,#658,.T.);
#654 = VERTEX_POINT('',#655);
#655 = CARTESIAN_POINT('',(1.2,-0.8,4.E-02));
#656 = VERTEX_POINT('',#657);
#657 = CARTESIAN_POINT('',(1.2,-0.8,1.56));
#658 = LINE('',#659,#660);
#659 = CARTESIAN_POINT('',(1.2,-0.8,0.));
#660 = VECTOR('',#661,1.);
#661 = DIRECTION('',(0.,0.,1.));
#662 = ORIENTED_EDGE('',*,*,#663,.T.);
#663 = EDGE_CURVE('',#654,#664,#666,.T.);
#664 = VERTEX_POINT('',#665);
#665 = CARTESIAN_POINT('',(1.2,-0.76,0.));
#666 = CIRCLE('',#667,4.E-02);
#667 = AXIS2_PLACEMENT_3D('',#668,#669,#670);
#668 = CARTESIAN_POINT('',(1.2,-0.76,4.E-02));
#669 = DIRECTION('',(1.,0.,-0.));
#670 = DIRECTION('',(0.,0.,1.));
#671 = ORIENTED_EDGE('',*,*,#672,.T.);
#672 = EDGE_CURVE('',#664,#673,#675,.T.);
#673 = VERTEX_POINT('',#674);
#674 = CARTESIAN_POINT('',(1.2,0.76,0.));
#675 = LINE('',#676,#677);
#676 = CARTESIAN_POINT('',(1.2,-0.8,0.));
#677 = VECTOR('',#678,1.);
#678 = DIRECTION('',(0.,1.,0.));
#679 = ORIENTED_EDGE('',*,*,#680,.F.);
#680 = EDGE_CURVE('',#681,#673,#683,.T.);
#681 = VERTEX_POINT('',#682);
#682 = CARTESIAN_POINT('',(1.2,0.8,4.E-02));
#683 = CIRCLE('',#684,4.E-02);
#684 = AXIS2_PLACEMENT_3D('',#685,#686,#687);
#685 = CARTESIAN_POINT('',(1.2,0.76,4.E-02));
#686 = DIRECTION('',(-1.,0.,0.));
#687 = DIRECTION('',(0.,0.,1.));
#688 = ORIENTED_EDGE('',*,*,#689,.T.);
#689 = EDGE_CURVE('',#681,#690,#692,.T.);
#690 = VERTEX_POINT('',#691);
#691 = CARTESIAN_POINT('',(1.2,0.8,1.56));
#692 = LINE('',#693,#694);
#693 = CARTESIAN_POINT('',(1.2,0.8,0.));
#694 = VECTOR('',#695,1.);
#695 = DIRECTION('',(0.,0.,1.));
#696 = ORIENTED_EDGE('',*,*,#697,.T.);
#697 = EDGE_CURVE('',#690,#698,#700,.T.);
#698 = VERTEX_POINT('',#699);
#699 = CARTESIAN_POINT('',(1.2,0.76,1.6));
#700 = CIRCLE('',#701,4.E-02);
#701 = AXIS2_PLACEMENT_3D('',#702,#703,#704);
#702 = CARTESIAN_POINT('',(1.2,0.76,1.56));
#703 = DIRECTION('',(1.,0.,-0.));
#704 = DIRECTION('',(0.,0.,1.));
#705 = ORIENTED_EDGE('',*,*,#706,.F.);
#706 = EDGE_CURVE('',#707,#698,#709,.T.);
#707 = VERTEX_POINT('',#708);
#708 = CARTESIAN_POINT('',(1.2,-0.76,1.6));
#709 = LINE('',#710,#711);
#710 = CARTESIAN_POINT('',(1.2,-0.8,1.6));
#711 = VECTOR('',#712,1.);
#712 = DIRECTION('',(0.,1.,0.));
#713 = ORIENTED_EDGE('',*,*,#714,.F.);
#714 = EDGE_CURVE('',#656,#707,#715,.T.);
#715 = CIRCLE('',#716,4.E-02);
#716 = AXIS2_PLACEMENT_3D('',#717,#718,#719);
#717 = CARTESIAN_POINT('',(1.2,-0.76,1.56));
#718 = DIRECTION('',(-1.,0.,0.));
#719 = DIRECTION('',(0.,0.,1.));
#720 = FACE_BOUND('',#721,.F.);
#721 = EDGE_LOOP('',(#722,#723,#724,#725,#726,#727,#728,#729));
#722 = ORIENTED_EDGE('',*,*,#466,.F.);
#723 = ORIENTED_EDGE('',*,*,#636,.T.);
#724 = ORIENTED_EDGE('',*,*,#619,.T.);
#725 = ORIENTED_EDGE('',*,*,#596,.T.);
#726 = ORIENTED_EDGE('',*,*,#571,.F.);
#727 = ORIENTED_EDGE('',*,*,#538,.F.);
#728 = ORIENTED_EDGE('',*,*,#521,.T.);
#729 = ORIENTED_EDGE('',*,*,#491,.F.);
#730 = PLANE('',#731);
#731 = AXIS2_PLACEMENT_3D('',#732,#733,#734);
#732 = CARTESIAN_POINT('',(1.2,-0.8,0.));
#733 = DIRECTION('',(1.,0.,0.));
#734 = DIRECTION('',(0.,0.,1.));
#735 = ADVANCED_FACE('',(#736),#761,.F.);
#736 = FACE_BOUND('',#737,.F.);
#737 = EDGE_LOOP('',(#738,#748,#754,#755));
#738 = ORIENTED_EDGE('',*,*,#739,.F.);
#739 = EDGE_CURVE('',#740,#742,#744,.T.);
#740 = VERTEX_POINT('',#741);
#741 = CARTESIAN_POINT('',(1.6,-0.8,4.E-02));
#742 = VERTEX_POINT('',#743);
#743 = CARTESIAN_POINT('',(1.6,-0.8,1.56));
#744 = LINE('',#745,#746);
#745 = CARTESIAN_POINT('',(1.6,-0.8,0.));
#746 = VECTOR('',#747,1.);
#747 = DIRECTION('',(0.,0.,1.));
#748 = ORIENTED_EDGE('',*,*,#749,.F.);
#749 = EDGE_CURVE('',#654,#740,#750,.T.);
#750 = LINE('',#751,#752);
#751 = CARTESIAN_POINT('',(1.2,-0.8,4.E-02));
#752 = VECTOR('',#753,1.);
#753 = DIRECTION('',(1.,0.,0.));
#754 = ORIENTED_EDGE('',*,*,#653,.T.);
#755 = ORIENTED_EDGE('',*,*,#756,.T.);
#756 = EDGE_CURVE('',#656,#742,#757,.T.);
#757 = LINE('',#758,#759);
#758 = CARTESIAN_POINT('',(1.2,-0.8,1.56));
#759 = VECTOR('',#760,1.);
#760 = DIRECTION('',(1.,0.,0.));
#761 = PLANE('',#762);
#762 = AXIS2_PLACEMENT_3D('',#763,#764,#765);
#763 = CARTESIAN_POINT('',(1.2,-0.8,0.));
#764 = DIRECTION('',(0.,1.,0.));
#765 = DIRECTION('',(0.,-0.,1.));
#766 = ADVANCED_FACE('',(#767),#786,.T.);
#767 = FACE_BOUND('',#768,.T.);
#768 = EDGE_LOOP('',(#769,#770,#778,#785));
#769 = ORIENTED_EDGE('',*,*,#663,.T.);
#770 = ORIENTED_EDGE('',*,*,#771,.T.);
#771 = EDGE_CURVE('',#664,#772,#774,.T.);
#772 = VERTEX_POINT('',#773);
#773 = CARTESIAN_POINT('',(1.6,-0.76,0.));
#774 = LINE('',#775,#776);
#775 = CARTESIAN_POINT('',(1.2,-0.76,0.));
#776 = VECTOR('',#777,1.);
#777 = DIRECTION('',(1.,0.,0.));
#778 = ORIENTED_EDGE('',*,*,#779,.F.);
#779 = EDGE_CURVE('',#740,#772,#780,.T.);
#780 = CIRCLE('',#781,4.E-02);
#781 = AXIS2_PLACEMENT_3D('',#782,#783,#784);
#782 = CARTESIAN_POINT('',(1.6,-0.76,4.E-02));
#783 = DIRECTION('',(1.,0.,-0.));
#784 = DIRECTION('',(0.,0.,1.));
#785 = ORIENTED_EDGE('',*,*,#749,.F.);
#786 = CYLINDRICAL_SURFACE('',#787,4.E-02);
#787 = AXIS2_PLACEMENT_3D('',#788,#789,#790);
#788 = CARTESIAN_POINT('',(1.2,-0.76,4.E-02));
#789 = DIRECTION('',(1.,0.,0.));
#790 = DIRECTION('',(0.,-1.,0.));
#791 = ADVANCED_FACE('',(#792),#811,.T.);
#792 = FACE_BOUND('',#793,.T.);
#793 = EDGE_LOOP('',(#794,#795,#804,#810));
#794 = ORIENTED_EDGE('',*,*,#756,.T.);
#795 = ORIENTED_EDGE('',*,*,#796,.T.);
#796 = EDGE_CURVE('',#742,#797,#799,.T.);
#797 = VERTEX_POINT('',#798);
#798 = CARTESIAN_POINT('',(1.6,-0.76,1.6));
#799 = CIRCLE('',#800,4.E-02);
#800 = AXIS2_PLACEMENT_3D('',#801,#802,#803);
#801 = CARTESIAN_POINT('',(1.6,-0.76,1.56));
#802 = DIRECTION('',(-1.,0.,0.));
#803 = DIRECTION('',(0.,0.,1.));
#804 = ORIENTED_EDGE('',*,*,#805,.F.);
#805 = EDGE_CURVE('',#707,#797,#806,.T.);
#806 = LINE('',#807,#808);
#807 = CARTESIAN_POINT('',(1.2,-0.76,1.6));
#808 = VECTOR('',#809,1.);
#809 = DIRECTION('',(1.,0.,0.));
#810 = ORIENTED_EDGE('',*,*,#714,.F.);
#811 = CYLINDRICAL_SURFACE('',#812,4.E-02);
#812 = AXIS2_PLACEMENT_3D('',#813,#814,#815);
#813 = CARTESIAN_POINT('',(1.2,-0.76,1.56));
#814 = DIRECTION('',(1.,0.,0.));
#815 = DIRECTION('',(0.,-1.,0.));
#816 = ADVANCED_FACE('',(#817),#835,.F.);
#817 = FACE_BOUND('',#818,.F.);
#818 = EDGE_LOOP('',(#819,#820,#821,#829));
#819 = ORIENTED_EDGE('',*,*,#672,.F.);
#820 = ORIENTED_EDGE('',*,*,#771,.T.);
#821 = ORIENTED_EDGE('',*,*,#822,.T.);
#822 = EDGE_CURVE('',#772,#823,#825,.T.);
#823 = VERTEX_POINT('',#824);
#824 = CARTESIAN_POINT('',(1.6,0.76,0.));
#825 = LINE('',#826,#827);
#826 = CARTESIAN_POINT('',(1.6,-0.8,0.));
#827 = VECTOR('',#828,1.);
#828 = DIRECTION('',(0.,1.,0.));
#829 = ORIENTED_EDGE('',*,*,#830,.F.);
#830 = EDGE_CURVE('',#673,#823,#831,.T.);
#831 = LINE('',#832,#833);
#832 = CARTESIAN_POINT('',(1.2,0.76,0.));
#833 = VECTOR('',#834,1.);
#834 = DIRECTION('',(1.,0.,0.));
#835 = PLANE('',#836);
#836 = AXIS2_PLACEMENT_3D('',#837,#838,#839);
#837 = CARTESIAN_POINT('',(1.2,-0.8,0.));
#838 = DIRECTION('',(0.,0.,1.));
#839 = DIRECTION('',(1.,0.,-0.));
#840 = ADVANCED_FACE('',(#841),#859,.T.);
#841 = FACE_BOUND('',#842,.T.);
#842 = EDGE_LOOP('',(#843,#844,#845,#853));
#843 = ORIENTED_EDGE('',*,*,#706,.F.);
#844 = ORIENTED_EDGE('',*,*,#805,.T.);
#845 = ORIENTED_EDGE('',*,*,#846,.T.);
#846 = EDGE_CURVE('',#797,#847,#849,.T.);
#847 = VERTEX_POINT('',#848);
#848 = CARTESIAN_POINT('',(1.6,0.76,1.6));
#849 = LINE('',#850,#851);
#850 = CARTESIAN_POINT('',(1.6,-0.8,1.6));
#851 = VECTOR('',#852,1.);
#852 = DIRECTION('',(0.,1.,0.));
#853 = ORIENTED_EDGE('',*,*,#854,.F.);
#854 = EDGE_CURVE('',#698,#847,#855,.T.);
#855 = LINE('',#856,#857);
#856 = CARTESIAN_POINT('',(1.2,0.76,1.6));
#857 = VECTOR('',#858,1.);
#858 = DIRECTION('',(1.,0.,0.));
#859 = PLANE('',#860);
#860 = AXIS2_PLACEMENT_3D('',#861,#862,#863);
#861 = CARTESIAN_POINT('',(1.2,-0.8,1.6));
#862 = DIRECTION('',(0.,0.,1.));
#863 = DIRECTION('',(1.,0.,-0.));
#864 = ADVANCED_FACE('',(#865),#884,.T.);
#865 = FACE_BOUND('',#866,.T.);
#866 = EDGE_LOOP('',(#867,#875,#882,#883));
#867 = ORIENTED_EDGE('',*,*,#868,.T.);
#868 = EDGE_CURVE('',#681,#869,#871,.T.);
#869 = VERTEX_POINT('',#870);
#870 = CARTESIAN_POINT('',(1.6,0.8,4.E-02));
#871 = LINE('',#872,#873);
#872 = CARTESIAN_POINT('',(1.2,0.8,4.E-02));
#873 = VECTOR('',#874,1.);
#874 = DIRECTION('',(1.,0.,0.));
#875 = ORIENTED_EDGE('',*,*,#876,.T.);
#876 = EDGE_CURVE('',#869,#823,#877,.T.);
#877 = CIRCLE('',#878,4.E-02);
#878 = AXIS2_PLACEMENT_3D('',#879,#880,#881);
#879 = CARTESIAN_POINT('',(1.6,0.76,4.E-02));
#880 = DIRECTION('',(-1.,0.,0.));
#881 = DIRECTION('',(0.,0.,1.));
#882 = ORIENTED_EDGE('',*,*,#830,.F.);
#883 = ORIENTED_EDGE('',*,*,#680,.F.);
#884 = CYLINDRICAL_SURFACE('',#885,4.E-02);
#885 = AXIS2_PLACEMENT_3D('',#886,#887,#888);
#886 = CARTESIAN_POINT('',(1.2,0.76,4.E-02));
#887 = DIRECTION('',(1.,0.,0.));
#888 = DIRECTION('',(-0.,1.,0.));
#889 = ADVANCED_FACE('',(#890),#909,.T.);
#890 = FACE_BOUND('',#891,.T.);
#891 = EDGE_LOOP('',(#892,#893,#894,#903));
#892 = ORIENTED_EDGE('',*,*,#697,.T.);
#893 = ORIENTED_EDGE('',*,*,#854,.T.);
#894 = ORIENTED_EDGE('',*,*,#895,.F.);
#895 = EDGE_CURVE('',#896,#847,#898,.T.);
#896 = VERTEX_POINT('',#897);
#897 = CARTESIAN_POINT('',(1.6,0.8,1.56));
#898 = CIRCLE('',#899,4.E-02);
#899 = AXIS2_PLACEMENT_3D('',#900,#901,#902);
#900 = CARTESIAN_POINT('',(1.6,0.76,1.56));
#901 = DIRECTION('',(1.,0.,-0.));
#902 = DIRECTION('',(0.,0.,1.));
#903 = ORIENTED_EDGE('',*,*,#904,.F.);
#904 = EDGE_CURVE('',#690,#896,#905,.T.);
#905 = LINE('',#906,#907);
#906 = CARTESIAN_POINT('',(1.2,0.8,1.56));
#907 = VECTOR('',#908,1.);
#908 = DIRECTION('',(1.,0.,0.));
#909 = CYLINDRICAL_SURFACE('',#910,4.E-02);
#910 = AXIS2_PLACEMENT_3D('',#911,#912,#913);
#911 = CARTESIAN_POINT('',(1.2,0.76,1.56));
#912 = DIRECTION('',(1.,0.,0.));
#913 = DIRECTION('',(-0.,1.,0.));
#914 = ADVANCED_FACE('',(#915),#926,.T.);
#915 = FACE_BOUND('',#916,.T.);
#916 = EDGE_LOOP('',(#917,#923,#924,#925));
#917 = ORIENTED_EDGE('',*,*,#918,.F.);
#918 = EDGE_CURVE('',#869,#896,#919,.T.);
#919 = LINE('',#920,#921);
#920 = CARTESIAN_POINT('',(1.6,0.8,0.));
#921 = VECTOR('',#922,1.);
#922 = DIRECTION('',(0.,0.,1.));
#923 = ORIENTED_EDGE('',*,*,#868,.F.);
#924 = ORIENTED_EDGE('',*,*,#689,.T.);
#925 = ORIENTED_EDGE('',*,*,#904,.T.);
#926 = PLANE('',#927);
#927 = AXIS2_PLACEMENT_3D('',#928,#929,#930);
#928 = CARTESIAN_POINT('',(1.2,0.8,0.));
#929 = DIRECTION('',(0.,1.,0.));
#930 = DIRECTION('',(0.,-0.,1.));
#931 = ADVANCED_FACE('',(#932),#942,.T.);
#932 = FACE_BOUND('',#933,.T.);
#933 = EDGE_LOOP('',(#934,#935,#936,#937,#938,#939,#940,#941));
#934 = ORIENTED_EDGE('',*,*,#739,.F.);
#935 = ORIENTED_EDGE('',*,*,#779,.T.);
#936 = ORIENTED_EDGE('',*,*,#822,.T.);
#937 = ORIENTED_EDGE('',*,*,#876,.F.);
#938 = ORIENTED_EDGE('',*,*,#918,.T.);
#939 = ORIENTED_EDGE('',*,*,#895,.T.);
#940 = ORIENTED_EDGE('',*,*,#846,.F.);
#941 = ORIENTED_EDGE('',*,*,#796,.F.);
#942 = PLANE('',#943);
#943 = AXIS2_PLACEMENT_3D('',#944,#945,#946);
#944 = CARTESIAN_POINT('',(1.6,-0.8,0.));
#945 = DIRECTION('',(1.,0.,0.));
#946 = DIRECTION('',(0.,0.,1.));
#947 = ( GEOMETRIC_REPRESENTATION_CONTEXT(3) 
GLOBAL_UNCERTAINTY_ASSIGNED_CONTEXT((#951)) GLOBAL_UNIT_ASSIGNED_CONTEXT
((#948,#949,#950)) REPRESENTATION_CONTEXT('Context #1',
  '3D Context with UNIT and UNCERTAINTY') );
#948 = ( LENGTH_UNIT() NAMED_UNIT(*) SI_UNIT(.MILLI.,.METRE.) );
#949 = ( NAMED_UNIT(*) PLANE_ANGLE_UNIT() SI_UNIT($,.RADIAN.) );
#950 = ( NAMED_UNIT(*) SI_UNIT($,.STERADIAN.) SOLID_ANGLE_UNIT() );
#951 = UNCERTAINTY_MEASURE_WITH_UNIT(LENGTH_MEASURE(1.E-07),#948,
  'distance_accuracy_value','confusion accuracy');
#952 = CONTEXT_DEPENDENT_SHAPE_REPRESENTATION(#953,#955);
#953 = ( REPRESENTATION_RELATIONSHIP('','',#92,#10) 
REPRESENTATION_RELATIONSHIP_WITH_TRANSFORMATION(#954) 
SHAPE_REPRESENTATION_RELATIONSHIP() );
#954 = ITEM_DEFINED_TRANSFORMATION('','',#11,#15);
#955 = PRODUCT_DEFINITION_SHAPE('Placement','Placement of an item',#956
  );
#956 = NEXT_ASSEMBLY_USAGE_OCCURRENCE('1','C8','',#5,#87,$);
#957 = PRODUCT_RELATED_PRODUCT_CATEGORY('part',$,(#89));
#958 = CONTEXT_DEPENDENT_SHAPE_REPRESENTATION(#959,#961);
#959 = ( REPRESENTATION_RELATIONSHIP('','',#92,#10) 
REPRESENTATION_RELATIONSHIP_WITH_TRANSFORMATION(#960) 
SHAPE_REPRESENTATION_RELATIONSHIP() );
#960 = ITEM_DEFINED_TRANSFORMATION('','',#11,#19);
#961 = PRODUCT_DEFINITION_SHAPE('Placement','Placement of an item',#962
  );
#962 = NEXT_ASSEMBLY_USAGE_OCCURRENCE('2','C7','',#5,#87,$);
#963 = CONTEXT_DEPENDENT_SHAPE_REPRESENTATION(#964,#966);
#964 = ( REPRESENTATION_RELATIONSHIP('','',#92,#10) 
REPRESENTATION_RELATIONSHIP_WITH_TRANSFORMATION(#965) 
SHAPE_REPRESENTATION_RELATIONSHIP() );
#965 = ITEM_DEFINED_TRANSFORMATION('','',#11,#23);
#966 = PRODUCT_DEFINITION_SHAPE('Placement','Placement of an item',#967
  );
#967 = NEXT_ASSEMBLY_USAGE_OCCURRENCE('3','C9','',#5,#87,$);
#968 = SHAPE_DEFINITION_REPRESENTATION(#969,#975);
#969 = PRODUCT_DEFINITION_SHAPE('','',#970);
#970 = PRODUCT_DEFINITION('design','',#971,#974);
#971 = PRODUCT_DEFINITION_FORMATION('','',#972);
#972 = PRODUCT('R_1206_3216Metric','R_1206_3216Metric','',(#973));
#973 = PRODUCT_CONTEXT('',#2,'mechanical');
#974 = PRODUCT_DEFINITION_CONTEXT('part definition',#2,'design');
#975 = ADVANCED_BREP_SHAPE_REPRESENTATION('',(#11,#976),#1766);
#976 = MANIFOLD_SOLID_BREP('',#977);
#977 = CLOSED_SHELL('',(#978,#1018,#1101,#1126,#1151,#1218,#1235,#1252,
    #1301,#1318,#1335,#1384,#1401,#1470,#1501,#1525,#1594,#1618,#1635,
    #1652,#1669,#1686,#1703,#1720,#1737,#1754));
#978 = ADVANCED_FACE('',(#979),#1013,.F.);
#979 = FACE_BOUND('',#980,.F.);
#980 = EDGE_LOOP('',(#981,#991,#999,#1007));
#981 = ORIENTED_EDGE('',*,*,#982,.F.);
#982 = EDGE_CURVE('',#983,#985,#987,.T.);
#983 = VERTEX_POINT('',#984);
#984 = CARTESIAN_POINT('',(-1.6,-0.8,5.5E-02));
#985 = VERTEX_POINT('',#986);
#986 = CARTESIAN_POINT('',(-1.6,-0.8,0.495));
#987 = LINE('',#988,#989);
#988 = CARTESIAN_POINT('',(-1.6,-0.8,0.));
#989 = VECTOR('',#990,1.);
#990 = DIRECTION('',(0.,0.,1.));
#991 = ORIENTED_EDGE('',*,*,#992,.T.);
#992 = EDGE_CURVE('',#983,#993,#995,.T.);
#993 = VERTEX_POINT('',#994);
#994 = CARTESIAN_POINT('',(-1.6,0.8,5.5E-02));
#995 = LINE('',#996,#997);
#996 = CARTESIAN_POINT('',(-1.6,-0.8,5.5E-02));
#997 = VECTOR('',#998,1.);
#998 = DIRECTION('',(0.,1.,0.));
#999 = ORIENTED_EDGE('',*,*,#1000,.T.);
#1000 = EDGE_CURVE('',#993,#1001,#1003,.T.);
#1001 = VERTEX_POINT('',#1002);
#1002 = CARTESIAN_POINT('',(-1.6,0.8,0.495));
#1003 = LINE('',#1004,#1005);
#1004 = CARTESIAN_POINT('',(-1.6,0.8,0.));
#1005 = VECTOR('',#1006,1.);
#1006 = DIRECTION('',(0.,0.,1.));
#1007 = ORIENTED_EDGE('',*,*,#1008,.F.);
#1008 = EDGE_CURVE('',#985,#1001,#1009,.T.);
#1009 = LINE('',#1010,#1011);
#1010 = CARTESIAN_POINT('',(-1.6,-0.8,0.495));
#1011 = VECTOR('',#1012,1.);
#1012 = DIRECTION('',(0.,1.,0.));
#1013 = PLANE('',#1014);
#1014 = AXIS2_PLACEMENT_3D('',#1015,#1016,#1017);
#1015 = CARTESIAN_POINT('',(-1.6,-0.8,0.));
#1016 = DIRECTION('',(1.,0.,0.));
#1017 = DIRECTION('',(0.,0.,1.));
#1018 = ADVANCED_FACE('',(#1019),#1096,.F.);
#1019 = FACE_BOUND('',#1020,.F.);
#1020 = EDGE_LOOP('',(#1021,#1031,#1038,#1039,#1048,#1056,#1065,#1073,
    #1081,#1089));
#1021 = ORIENTED_EDGE('',*,*,#1022,.F.);
#1022 = EDGE_CURVE('',#1023,#1025,#1027,.T.);
#1023 = VERTEX_POINT('',#1024);
#1024 = CARTESIAN_POINT('',(-1.545,-0.8,0.));
#1025 = VERTEX_POINT('',#1026);
#1026 = CARTESIAN_POINT('',(-1.255,-0.8,0.));
#1027 = LINE('',#1028,#1029);
#1028 = CARTESIAN_POINT('',(-1.6,-0.8,0.));
#1029 = VECTOR('',#1030,1.);
#1030 = DIRECTION('',(1.,0.,0.));
#1031 = ORIENTED_EDGE('',*,*,#1032,.F.);
#1032 = EDGE_CURVE('',#983,#1023,#1033,.T.);
#1033 = CIRCLE('',#1034,5.5E-02);
#1034 = AXIS2_PLACEMENT_3D('',#1035,#1036,#1037);
#1035 = CARTESIAN_POINT('',(-1.545,-0.8,5.5E-02));
#1036 = DIRECTION('',(0.,-1.,0.));
#1037 = DIRECTION('',(0.,0.,1.));
#1038 = ORIENTED_EDGE('',*,*,#982,.T.);
#1039 = ORIENTED_EDGE('',*,*,#1040,.T.);
#1040 = EDGE_CURVE('',#985,#1041,#1043,.T.);
#1041 = VERTEX_POINT('',#1042);
#1042 = CARTESIAN_POINT('',(-1.545,-0.8,0.55));
#1043 = CIRCLE('',#1044,5.5E-02);
#1044 = AXIS2_PLACEMENT_3D('',#1045,#1046,#1047);
#1045 = CARTESIAN_POINT('',(-1.545,-0.8,0.495));
#1046 = DIRECTION('',(0.,1.,0.));
#1047 = DIRECTION('',(0.,-0.,1.));
#1048 = ORIENTED_EDGE('',*,*,#1049,.T.);
#1049 = EDGE_CURVE('',#1041,#1050,#1052,.T.);
#1050 = VERTEX_POINT('',#1051);
#1051 = CARTESIAN_POINT('',(-1.255,-0.8,0.55));
#1052 = LINE('',#1053,#1054);
#1053 = CARTESIAN_POINT('',(-1.6,-0.8,0.55));
#1054 = VECTOR('',#1055,1.);
#1055 = DIRECTION('',(1.,0.,0.));
#1056 = ORIENTED_EDGE('',*,*,#1057,.F.);
#1057 = EDGE_CURVE('',#1058,#1050,#1060,.T.);
#1058 = VERTEX_POINT('',#1059);
#1059 = CARTESIAN_POINT('',(-1.2,-0.8,0.495));
#1060 = CIRCLE('',#1061,5.5E-02);
#1061 = AXIS2_PLACEMENT_3D('',#1062,#1063,#1064);
#1062 = CARTESIAN_POINT('',(-1.255,-0.8,0.495));
#1063 = DIRECTION('',(0.,-1.,0.));
#1064 = DIRECTION('',(0.,0.,1.));
#1065 = ORIENTED_EDGE('',*,*,#1066,.F.);
#1066 = EDGE_CURVE('',#1067,#1058,#1069,.T.);
#1067 = VERTEX_POINT('',#1068);
#1068 = CARTESIAN_POINT('',(-1.545,-0.8,0.495));
#1069 = LINE('',#1070,#1071);
#1070 = CARTESIAN_POINT('',(-1.545,-0.8,0.495));
#1071 = VECTOR('',#1072,1.);
#1072 = DIRECTION('',(1.,0.,0.));
#1073 = ORIENTED_EDGE('',*,*,#1074,.F.);
#1074 = EDGE_CURVE('',#1075,#1067,#1077,.T.);
#1075 = VERTEX_POINT('',#1076);
#1076 = CARTESIAN_POINT('',(-1.545,-0.8,5.5E-02));
#1077 = LINE('',#1078,#1079);
#1078 = CARTESIAN_POINT('',(-1.545,-0.8,5.5E-02));
#1079 = VECTOR('',#1080,1.);
#1080 = DIRECTION('',(0.,0.,1.));
#1081 = ORIENTED_EDGE('',*,*,#1082,.T.);
#1082 = EDGE_CURVE('',#1075,#1083,#1085,.T.);
#1083 = VERTEX_POINT('',#1084);
#1084 = CARTESIAN_POINT('',(-1.2,-0.8,5.5E-02));
#1085 = LINE('',#1086,#1087);
#1086 = CARTESIAN_POINT('',(-1.545,-0.8,5.5E-02));
#1087 = VECTOR('',#1088,1.);
#1088 = DIRECTION('',(1.,0.,0.));
#1089 = ORIENTED_EDGE('',*,*,#1090,.T.);
#1090 = EDGE_CURVE('',#1083,#1025,#1091,.T.);
#1091 = CIRCLE('',#1092,5.5E-02);
#1092 = AXIS2_PLACEMENT_3D('',#1093,#1094,#1095);
#1093 = CARTESIAN_POINT('',(-1.255,-0.8,5.5E-02));
#1094 = DIRECTION('',(0.,1.,0.));
#1095 = DIRECTION('',(0.,-0.,1.));
#1096 = PLANE('',#1097);
#1097 = AXIS2_PLACEMENT_3D('',#1098,#1099,#1100);
#1098 = CARTESIAN_POINT('',(-1.6,-0.8,0.));
#1099 = DIRECTION('',(0.,1.,0.));
#1100 = DIRECTION('',(0.,-0.,1.));
#1101 = ADVANCED_FACE('',(#1102),#1121,.T.);
#1102 = FACE_BOUND('',#1103,.T.);
#1103 = EDGE_LOOP('',(#1104,#1105,#1114,#1120));
#1104 = ORIENTED_EDGE('',*,*,#992,.T.);
#1105 = ORIENTED_EDGE('',*,*,#1106,.T.);
#1106 = EDGE_CURVE('',#993,#1107,#1109,.T.);
#1107 = VERTEX_POINT('',#1108);
#1108 = CARTESIAN_POINT('',(-1.545,0.8,0.));
#1109 = CIRCLE('',#1110,5.5E-02);
#1110 = AXIS2_PLACEMENT_3D('',#1111,#1112,#1113);
#1111 = CARTESIAN_POINT('',(-1.545,0.8,5.5E-02));
#1112 = DIRECTION('',(0.,-1.,0.));
#1113 = DIRECTION('',(0.,0.,1.));
#1114 = ORIENTED_EDGE('',*,*,#1115,.F.);
#1115 = EDGE_CURVE('',#1023,#1107,#1116,.T.);
#1116 = LINE('',#1117,#1118);
#1117 = CARTESIAN_POINT('',(-1.545,-0.8,0.));
#1118 = VECTOR('',#1119,1.);
#1119 = DIRECTION('',(0.,1.,0.));
#1120 = ORIENTED_EDGE('',*,*,#1032,.F.);
#1121 = CYLINDRICAL_SURFACE('',#1122,5.5E-02);
#1122 = AXIS2_PLACEMENT_3D('',#1123,#1124,#1125);
#1123 = CARTESIAN_POINT('',(-1.545,-0.8,5.5E-02));
#1124 = DIRECTION('',(0.,1.,0.));
#1125 = DIRECTION('',(-1.,0.,0.));
#1126 = ADVANCED_FACE('',(#1127),#1146,.T.);
#1127 = FACE_BOUND('',#1128,.T.);
#1128 = EDGE_LOOP('',(#1129,#1130,#1138,#1145));
#1129 = ORIENTED_EDGE('',*,*,#1040,.T.);
#1130 = ORIENTED_EDGE('',*,*,#1131,.T.);
#1131 = EDGE_CURVE('',#1041,#1132,#1134,.T.);
#1132 = VERTEX_POINT('',#1133);
#1133 = CARTESIAN_POINT('',(-1.545,0.8,0.55));
#1134 = LINE('',#1135,#1136);
#1135 = CARTESIAN_POINT('',(-1.545,-0.8,0.55));
#1136 = VECTOR('',#1137,1.);
#1137 = DIRECTION('',(0.,1.,0.));
#1138 = ORIENTED_EDGE('',*,*,#1139,.F.);
#1139 = EDGE_CURVE('',#1001,#1132,#1140,.T.);
#1140 = CIRCLE('',#1141,5.5E-02);
#1141 = AXIS2_PLACEMENT_3D('',#1142,#1143,#1144);
#1142 = CARTESIAN_POINT('',(-1.545,0.8,0.495));
#1143 = DIRECTION('',(0.,1.,0.));
#1144 = DIRECTION('',(0.,-0.,1.));
#1145 = ORIENTED_EDGE('',*,*,#1008,.F.);
#1146 = CYLINDRICAL_SURFACE('',#1147,5.5E-02);
#1147 = AXIS2_PLACEMENT_3D('',#1148,#1149,#1150);
#1148 = CARTESIAN_POINT('',(-1.545,-0.8,0.495));
#1149 = DIRECTION('',(0.,1.,0.));
#1150 = DIRECTION('',(-1.,0.,0.));
#1151 = ADVANCED_FACE('',(#1152),#1213,.T.);
#1152 = FACE_BOUND('',#1153,.T.);
#1153 = EDGE_LOOP('',(#1154,#1162,#1163,#1164,#1165,#1173,#1182,#1190,
    #1198,#1206));
#1154 = ORIENTED_EDGE('',*,*,#1155,.F.);
#1155 = EDGE_CURVE('',#1107,#1156,#1158,.T.);
#1156 = VERTEX_POINT('',#1157);
#1157 = CARTESIAN_POINT('',(-1.255,0.8,0.));
#1158 = LINE('',#1159,#1160);
#1159 = CARTESIAN_POINT('',(-1.6,0.8,0.));
#1160 = VECTOR('',#1161,1.);
#1161 = DIRECTION('',(1.,0.,0.));
#1162 = ORIENTED_EDGE('',*,*,#1106,.F.);
#1163 = ORIENTED_EDGE('',*,*,#1000,.T.);
#1164 = ORIENTED_EDGE('',*,*,#1139,.T.);
#1165 = ORIENTED_EDGE('',*,*,#1166,.T.);
#1166 = EDGE_CURVE('',#1132,#1167,#1169,.T.);
#1167 = VERTEX_POINT('',#1168);
#1168 = CARTESIAN_POINT('',(-1.255,0.8,0.55));
#1169 = LINE('',#1170,#1171);
#1170 = CARTESIAN_POINT('',(-1.6,0.8,0.55));
#1171 = VECTOR('',#1172,1.);
#1172 = DIRECTION('',(1.,0.,0.));
#1173 = ORIENTED_EDGE('',*,*,#1174,.F.);
#1174 = EDGE_CURVE('',#1175,#1167,#1177,.T.);
#1175 = VERTEX_POINT('',#1176);
#1176 = CARTESIAN_POINT('',(-1.2,0.8,0.495));
#1177 = CIRCLE('',#1178,5.5E-02);
#1178 = AXIS2_PLACEMENT_3D('',#1179,#1180,#1181);
#1179 = CARTESIAN_POINT('',(-1.255,0.8,0.495));
#1180 = DIRECTION('',(0.,-1.,0.));
#1181 = DIRECTION('',(0.,0.,1.));
#1182 = ORIENTED_EDGE('',*,*,#1183,.F.);
#1183 = EDGE_CURVE('',#1184,#1175,#1186,.T.);
#1184 = VERTEX_POINT('',#1185);
#1185 = CARTESIAN_POINT('',(-1.545,0.8,0.495));
#1186 = LINE('',#1187,#1188);
#1187 = CARTESIAN_POINT('',(-1.545,0.8,0.495));
#1188 = VECTOR('',#1189,1.);
#1189 = DIRECTION('',(1.,0.,0.));
#1190 = ORIENTED_EDGE('',*,*,#1191,.F.);
#1191 = EDGE_CURVE('',#1192,#1184,#1194,.T.);
#1192 = VERTEX_POINT('',#1193);
#1193 = CARTESIAN_POINT('',(-1.545,0.8,5.5E-02));
#1194 = LINE('',#1195,#1196);
#1195 = CARTESIAN_POINT('',(-1.545,0.8,5.5E-02));
#1196 = VECTOR('',#1197,1.);
#1197 = DIRECTION('',(0.,0.,1.));
#1198 = ORIENTED_EDGE('',*,*,#1199,.T.);
#1199 = EDGE_CURVE('',#1192,#1200,#1202,.T.);
#1200 = VERTEX_POINT('',#1201);
#1201 = CARTESIAN_POINT('',(-1.2,0.8,5.5E-02));
#1202 = LINE('',#1203,#1204);
#1203 = CARTESIAN_POINT('',(-1.545,0.8,5.5E-02));
#1204 = VECTOR('',#1205,1.);
#1205 = DIRECTION('',(1.,0.,0.));
#1206 = ORIENTED_EDGE('',*,*,#1207,.T.);
#1207 = EDGE_CURVE('',#1200,#1156,#1208,.T.);
#1208 = CIRCLE('',#1209,5.5E-02);
#1209 = AXIS2_PLACEMENT_3D('',#1210,#1211,#1212);
#1210 = CARTESIAN_POINT('',(-1.255,0.8,5.5E-02));
#1211 = DIRECTION('',(0.,1.,0.));
#1212 = DIRECTION('',(0.,-0.,1.));
#1213 = PLANE('',#1214);
#1214 = AXIS2_PLACEMENT_3D('',#1215,#1216,#1217);
#1215 = CARTESIAN_POINT('',(-1.6,0.8,0.));
#1216 = DIRECTION('',(0.,1.,0.));
#1217 = DIRECTION('',(0.,-0.,1.));
#1218 = ADVANCED_FACE('',(#1219),#1230,.F.);
#1219 = FACE_BOUND('',#1220,.F.);
#1220 = EDGE_LOOP('',(#1221,#1222,#1223,#1224));
#1221 = ORIENTED_EDGE('',*,*,#1155,.F.);
#1222 = ORIENTED_EDGE('',*,*,#1115,.F.);
#1223 = ORIENTED_EDGE('',*,*,#1022,.T.);
#1224 = ORIENTED_EDGE('',*,*,#1225,.T.);
#1225 = EDGE_CURVE('',#1025,#1156,#1226,.T.);
#1226 = LINE('',#1227,#1228);
#1227 = CARTESIAN_POINT('',(-1.255,-0.8,0.));
#1228 = VECTOR('',#1229,1.);
#1229 = DIRECTION('',(0.,1.,0.));
#1230 = PLANE('',#1231);
#1231 = AXIS2_PLACEMENT_3D('',#1232,#1233,#1234);
#1232 = CARTESIAN_POINT('',(-1.6,-0.8,0.));
#1233 = DIRECTION('',(0.,0.,1.));
#1234 = DIRECTION('',(1.,0.,-0.));
#1235 = ADVANCED_FACE('',(#1236),#1247,.T.);
#1236 = FACE_BOUND('',#1237,.T.);
#1237 = EDGE_LOOP('',(#1238,#1239,#1240,#1241));
#1238 = ORIENTED_EDGE('',*,*,#1090,.T.);
#1239 = ORIENTED_EDGE('',*,*,#1225,.T.);
#1240 = ORIENTED_EDGE('',*,*,#1207,.F.);
#1241 = ORIENTED_EDGE('',*,*,#1242,.F.);
#1242 = EDGE_CURVE('',#1083,#1200,#1243,.T.);
#1243 = LINE('',#1244,#1245);
#1244 = CARTESIAN_POINT('',(-1.2,-0.8,5.5E-02));
#1245 = VECTOR('',#1246,1.);
#1246 = DIRECTION('',(0.,1.,0.));
#1247 = CYLINDRICAL_SURFACE('',#1248,5.5E-02);
#1248 = AXIS2_PLACEMENT_3D('',#1249,#1250,#1251);
#1249 = CARTESIAN_POINT('',(-1.255,-0.8,5.5E-02));
#1250 = DIRECTION('',(0.,1.,0.));
#1251 = DIRECTION('',(1.,0.,0.));
#1252 = ADVANCED_FACE('',(#1253),#1296,.F.);
#1253 = FACE_BOUND('',#1254,.F.);
#1254 = EDGE_LOOP('',(#1255,#1256,#1257,#1258,#1266,#1274,#1282,#1290));
#1255 = ORIENTED_EDGE('',*,*,#1082,.F.);
#1256 = ORIENTED_EDGE('',*,*,#1074,.T.);
#1257 = ORIENTED_EDGE('',*,*,#1066,.T.);
#1258 = ORIENTED_EDGE('',*,*,#1259,.T.);
#1259 = EDGE_CURVE('',#1058,#1260,#1262,.T.);
#1260 = VERTEX_POINT('',#1261);
#1261 = CARTESIAN_POINT('',(1.2,-0.8,0.495));
#1262 = LINE('',#1263,#1264);
#1263 = CARTESIAN_POINT('',(-1.2,-0.8,0.495));
#1264 = VECTOR('',#1265,1.);
#1265 = DIRECTION('',(1.,0.,0.));
#1266 = ORIENTED_EDGE('',*,*,#1267,.T.);
#1267 = EDGE_CURVE('',#1260,#1268,#1270,.T.);
#1268 = VERTEX_POINT('',#1269);
#1269 = CARTESIAN_POINT('',(1.545,-0.8,0.495));
#1270 = LINE('',#1271,#1272);
#1271 = CARTESIAN_POINT('',(-1.545,-0.8,0.495));
#1272 = VECTOR('',#1273,1.);
#1273 = DIRECTION('',(1.,0.,0.));
#1274 = ORIENTED_EDGE('',*,*,#1275,.F.);
#1275 = EDGE_CURVE('',#1276,#1268,#1278,.T.);
#1276 = VERTEX_POINT('',#1277);
#1277 = CARTESIAN_POINT('',(1.545,-0.8,5.5E-02));
#1278 = LINE('',#1279,#1280);
#1279 = CARTESIAN_POINT('',(1.545,-0.8,5.5E-02));
#1280 = VECTOR('',#1281,1.);
#1281 = DIRECTION('',(0.,0.,1.));
#1282 = ORIENTED_EDGE('',*,*,#1283,.F.);
#1283 = EDGE_CURVE('',#1284,#1276,#1286,.T.);
#1284 = VERTEX_POINT('',#1285);
#1285 = CARTESIAN_POINT('',(1.2,-0.8,5.5E-02));
#1286 = LINE('',#1287,#1288);
#1287 = CARTESIAN_POINT('',(-1.545,-0.8,5.5E-02));
#1288 = VECTOR('',#1289,1.);
#1289 = DIRECTION('',(1.,0.,0.));
#1290 = ORIENTED_EDGE('',*,*,#1291,.F.);
#1291 = EDGE_CURVE('',#1083,#1284,#1292,.T.);
#1292 = LINE('',#1293,#1294);
#1293 = CARTESIAN_POINT('',(-1.545,-0.8,5.5E-02));
#1294 = VECTOR('',#1295,1.);
#1295 = DIRECTION('',(1.,0.,0.));
#1296 = PLANE('',#1297);
#1297 = AXIS2_PLACEMENT_3D('',#1298,#1299,#1300);
#1298 = CARTESIAN_POINT('',(-1.545,-0.8,5.5E-02));
#1299 = DIRECTION('',(0.,1.,0.));
#1300 = DIRECTION('',(0.,-0.,1.));
#1301 = ADVANCED_FACE('',(#1302),#1313,.T.);
#1302 = FACE_BOUND('',#1303,.T.);
#1303 = EDGE_LOOP('',(#1304,#1305,#1306,#1307));
#1304 = ORIENTED_EDGE('',*,*,#1166,.F.);
#1305 = ORIENTED_EDGE('',*,*,#1131,.F.);
#1306 = ORIENTED_EDGE('',*,*,#1049,.T.);
#1307 = ORIENTED_EDGE('',*,*,#1308,.T.);
#1308 = EDGE_CURVE('',#1050,#1167,#1309,.T.);
#1309 = LINE('',#1310,#1311);
#1310 = CARTESIAN_POINT('',(-1.255,-0.8,0.55));
#1311 = VECTOR('',#1312,1.);
#1312 = DIRECTION('',(0.,1.,0.));
#1313 = PLANE('',#1314);
#1314 = AXIS2_PLACEMENT_3D('',#1315,#1316,#1317);
#1315 = CARTESIAN_POINT('',(-1.6,-0.8,0.55));
#1316 = DIRECTION('',(0.,0.,1.));
#1317 = DIRECTION('',(1.,0.,-0.));
#1318 = ADVANCED_FACE('',(#1319),#1330,.T.);
#1319 = FACE_BOUND('',#1320,.T.);
#1320 = EDGE_LOOP('',(#1321,#1327,#1328,#1329));
#1321 = ORIENTED_EDGE('',*,*,#1322,.T.);
#1322 = EDGE_CURVE('',#1058,#1175,#1323,.T.);
#1323 = LINE('',#1324,#1325);
#1324 = CARTESIAN_POINT('',(-1.2,-0.8,0.495));
#1325 = VECTOR('',#1326,1.);
#1326 = DIRECTION('',(0.,1.,0.));
#1327 = ORIENTED_EDGE('',*,*,#1174,.T.);
#1328 = ORIENTED_EDGE('',*,*,#1308,.F.);
#1329 = ORIENTED_EDGE('',*,*,#1057,.F.);
#1330 = CYLINDRICAL_SURFACE('',#1331,5.5E-02);
#1331 = AXIS2_PLACEMENT_3D('',#1332,#1333,#1334);
#1332 = CARTESIAN_POINT('',(-1.255,-0.8,0.495));
#1333 = DIRECTION('',(0.,1.,0.));
#1334 = DIRECTION('',(1.,0.,0.));
#1335 = ADVANCED_FACE('',(#1336),#1379,.T.);
#1336 = FACE_BOUND('',#1337,.T.);
#1337 = EDGE_LOOP('',(#1338,#1339,#1340,#1341,#1349,#1357,#1365,#1373));
#1338 = ORIENTED_EDGE('',*,*,#1199,.F.);
#1339 = ORIENTED_EDGE('',*,*,#1191,.T.);
#1340 = ORIENTED_EDGE('',*,*,#1183,.T.);
#1341 = ORIENTED_EDGE('',*,*,#1342,.T.);
#1342 = EDGE_CURVE('',#1175,#1343,#1345,.T.);
#1343 = VERTEX_POINT('',#1344);
#1344 = CARTESIAN_POINT('',(1.2,0.8,0.495));
#1345 = LINE('',#1346,#1347);
#1346 = CARTESIAN_POINT('',(-1.2,0.8,0.495));
#1347 = VECTOR('',#1348,1.);
#1348 = DIRECTION('',(1.,0.,0.));
#1349 = ORIENTED_EDGE('',*,*,#1350,.T.);
#1350 = EDGE_CURVE('',#1343,#1351,#1353,.T.);
#1351 = VERTEX_POINT('',#1352);
#1352 = CARTESIAN_POINT('',(1.545,0.8,0.495));
#1353 = LINE('',#1354,#1355);
#1354 = CARTESIAN_POINT('',(-1.545,0.8,0.495));
#1355 = VECTOR('',#1356,1.);
#1356 = DIRECTION('',(1.,0.,0.));
#1357 = ORIENTED_EDGE('',*,*,#1358,.F.);
#1358 = EDGE_CURVE('',#1359,#1351,#1361,.T.);
#1359 = VERTEX_POINT('',#1360);
#1360 = CARTESIAN_POINT('',(1.545,0.8,5.5E-02));
#1361 = LINE('',#1362,#1363);
#1362 = CARTESIAN_POINT('',(1.545,0.8,5.5E-02));
#1363 = VECTOR('',#1364,1.);
#1364 = DIRECTION('',(0.,0.,1.));
#1365 = ORIENTED_EDGE('',*,*,#1366,.F.);
#1366 = EDGE_CURVE('',#1367,#1359,#1369,.T.);
#1367 = VERTEX_POINT('',#1368);
#1368 = CARTESIAN_POINT('',(1.2,0.8,5.5E-02));
#1369 = LINE('',#1370,#1371);
#1370 = CARTESIAN_POINT('',(-1.545,0.8,5.5E-02));
#1371 = VECTOR('',#1372,1.);
#1372 = DIRECTION('',(1.,0.,0.));
#1373 = ORIENTED_EDGE('',*,*,#1374,.F.);
#1374 = EDGE_CURVE('',#1200,#1367,#1375,.T.);
#1375 = LINE('',#1376,#1377);
#1376 = CARTESIAN_POINT('',(-1.545,0.8,5.5E-02));
#1377 = VECTOR('',#1378,1.);
#1378 = DIRECTION('',(1.,0.,0.));
#1379 = PLANE('',#1380);
#1380 = AXIS2_PLACEMENT_3D('',#1381,#1382,#1383);
#1381 = CARTESIAN_POINT('',(-1.545,0.8,5.5E-02));
#1382 = DIRECTION('',(0.,1.,0.));
#1383 = DIRECTION('',(0.,-0.,1.));
#1384 = ADVANCED_FACE('',(#1385),#1396,.F.);
#1385 = FACE_BOUND('',#1386,.F.);
#1386 = EDGE_LOOP('',(#1387,#1388,#1389,#1395));
#1387 = ORIENTED_EDGE('',*,*,#1242,.F.);
#1388 = ORIENTED_EDGE('',*,*,#1291,.T.);
#1389 = ORIENTED_EDGE('',*,*,#1390,.T.);
#1390 = EDGE_CURVE('',#1284,#1367,#1391,.T.);
#1391 = LINE('',#1392,#1393);
#1392 = CARTESIAN_POINT('',(1.2,-0.8,5.5E-02));
#1393 = VECTOR('',#1394,1.);
#1394 = DIRECTION('',(0.,1.,0.));
#1395 = ORIENTED_EDGE('',*,*,#1374,.F.);
#1396 = PLANE('',#1397);
#1397 = AXIS2_PLACEMENT_3D('',#1398,#1399,#1400);
#1398 = CARTESIAN_POINT('',(-1.545,-0.8,5.5E-02));
#1399 = DIRECTION('',(0.,0.,1.));
#1400 = DIRECTION('',(1.,0.,-0.));
#1401 = ADVANCED_FACE('',(#1402),#1465,.F.);
#1402 = FACE_BOUND('',#1403,.F.);
#1403 = EDGE_LOOP('',(#1404,#1414,#1421,#1422,#1423,#1424,#1433,#1441,
    #1450,#1458));
#1404 = ORIENTED_EDGE('',*,*,#1405,.F.);
#1405 = EDGE_CURVE('',#1406,#1408,#1410,.T.);
#1406 = VERTEX_POINT('',#1407);
#1407 = CARTESIAN_POINT('',(1.255,-0.8,0.));
#1408 = VERTEX_POINT('',#1409);
#1409 = CARTESIAN_POINT('',(1.545,-0.8,0.));
#1410 = LINE('',#1411,#1412);
#1411 = CARTESIAN_POINT('',(1.2,-0.8,0.));
#1412 = VECTOR('',#1413,1.);
#1413 = DIRECTION('',(1.,0.,0.));
#1414 = ORIENTED_EDGE('',*,*,#1415,.F.);
#1415 = EDGE_CURVE('',#1284,#1406,#1416,.T.);
#1416 = CIRCLE('',#1417,5.5E-02);
#1417 = AXIS2_PLACEMENT_3D('',#1418,#1419,#1420);
#1418 = CARTESIAN_POINT('',(1.255,-0.8,5.5E-02));
#1419 = DIRECTION('',(0.,-1.,0.));
#1420 = DIRECTION('',(0.,0.,1.));
#1421 = ORIENTED_EDGE('',*,*,#1283,.T.);
#1422 = ORIENTED_EDGE('',*,*,#1275,.T.);
#1423 = ORIENTED_EDGE('',*,*,#1267,.F.);
#1424 = ORIENTED_EDGE('',*,*,#1425,.T.);
#1425 = EDGE_CURVE('',#1260,#1426,#1428,.T.);
#1426 = VERTEX_POINT('',#1427);
#1427 = CARTESIAN_POINT('',(1.255,-0.8,0.55));
#1428 = CIRCLE('',#1429,5.5E-02);
#1429 = AXIS2_PLACEMENT_3D('',#1430,#1431,#1432);
#1430 = CARTESIAN_POINT('',(1.255,-0.8,0.495));
#1431 = DIRECTION('',(0.,1.,0.));
#1432 = DIRECTION('',(0.,-0.,1.));
#1433 = ORIENTED_EDGE('',*,*,#1434,.T.);
#1434 = EDGE_CURVE('',#1426,#1435,#1437,.T.);
#1435 = VERTEX_POINT('',#1436);
#1436 = CARTESIAN_POINT('',(1.545,-0.8,0.55));
#1437 = LINE('',#1438,#1439);
#1438 = CARTESIAN_POINT('',(1.2,-0.8,0.55));
#1439 = VECTOR('',#1440,1.);
#1440 = DIRECTION('',(1.,0.,0.));
#1441 = ORIENTED_EDGE('',*,*,#1442,.F.);
#1442 = EDGE_CURVE('',#1443,#1435,#1445,.T.);
#1443 = VERTEX_POINT('',#1444);
#1444 = CARTESIAN_POINT('',(1.6,-0.8,0.495));
#1445 = CIRCLE('',#1446,5.5E-02);
#1446 = AXIS2_PLACEMENT_3D('',#1447,#1448,#1449);
#1447 = CARTESIAN_POINT('',(1.545,-0.8,0.495));
#1448 = DIRECTION('',(0.,-1.,0.));
#1449 = DIRECTION('',(0.,0.,1.));
#1450 = ORIENTED_EDGE('',*,*,#1451,.F.);
#1451 = EDGE_CURVE('',#1452,#1443,#1454,.T.);
#1452 = VERTEX_POINT('',#1453);
#1453 = CARTESIAN_POINT('',(1.6,-0.8,5.5E-02));
#1454 = LINE('',#1455,#1456);
#1455 = CARTESIAN_POINT('',(1.6,-0.8,0.));
#1456 = VECTOR('',#1457,1.);
#1457 = DIRECTION('',(0.,0.,1.));
#1458 = ORIENTED_EDGE('',*,*,#1459,.T.);
#1459 = EDGE_CURVE('',#1452,#1408,#1460,.T.);
#1460 = CIRCLE('',#1461,5.5E-02);
#1461 = AXIS2_PLACEMENT_3D('',#1462,#1463,#1464);
#1462 = CARTESIAN_POINT('',(1.545,-0.8,5.5E-02));
#1463 = DIRECTION('',(0.,1.,0.));
#1464 = DIRECTION('',(0.,-0.,1.));
#1465 = PLANE('',#1466);
#1466 = AXIS2_PLACEMENT_3D('',#1467,#1468,#1469);
#1467 = CARTESIAN_POINT('',(1.2,-0.8,0.));
#1468 = DIRECTION('',(0.,1.,0.));
#1469 = DIRECTION('',(0.,-0.,1.));
#1470 = ADVANCED_FACE('',(#1471),#1496,.F.);
#1471 = FACE_BOUND('',#1472,.F.);
#1472 = EDGE_LOOP('',(#1473,#1474,#1482,#1490));
#1473 = ORIENTED_EDGE('',*,*,#1259,.F.);
#1474 = ORIENTED_EDGE('',*,*,#1475,.T.);
#1475 = EDGE_CURVE('',#1058,#1476,#1478,.T.);
#1476 = VERTEX_POINT('',#1477);
#1477 = CARTESIAN_POINT('',(-1.2,-0.8,0.55));
#1478 = LINE('',#1479,#1480);
#1479 = CARTESIAN_POINT('',(-1.2,-0.8,0.495));
#1480 = VECTOR('',#1481,1.);
#1481 = DIRECTION('',(0.,0.,1.));
#1482 = ORIENTED_EDGE('',*,*,#1483,.T.);
#1483 = EDGE_CURVE('',#1476,#1484,#1486,.T.);
#1484 = VERTEX_POINT('',#1485);
#1485 = CARTESIAN_POINT('',(1.2,-0.8,0.55));
#1486 = LINE('',#1487,#1488);
#1487 = CARTESIAN_POINT('',(-1.2,-0.8,0.55));
#1488 = VECTOR('',#1489,1.);
#1489 = DIRECTION('',(1.,0.,0.));
#1490 = ORIENTED_EDGE('',*,*,#1491,.F.);
#1491 = EDGE_CURVE('',#1260,#1484,#1492,.T.);
#1492 = LINE('',#1493,#1494);
#1493 = CARTESIAN_POINT('',(1.2,-0.8,0.495));
#1494 = VECTOR('',#1495,1.);
#1495 = DIRECTION('',(0.,0.,1.));
#1496 = PLANE('',#1497);
#1497 = AXIS2_PLACEMENT_3D('',#1498,#1499,#1500);
#1498 = CARTESIAN_POINT('',(-1.2,-0.8,0.495));
#1499 = DIRECTION('',(0.,1.,0.));
#1500 = DIRECTION('',(0.,-0.,1.));
#1501 = ADVANCED_FACE('',(#1502),#1520,.F.);
#1502 = FACE_BOUND('',#1503,.F.);
#1503 = EDGE_LOOP('',(#1504,#1505,#1506,#1514));
#1504 = ORIENTED_EDGE('',*,*,#1475,.F.);
#1505 = ORIENTED_EDGE('',*,*,#1322,.T.);
#1506 = ORIENTED_EDGE('',*,*,#1507,.T.);
#1507 = EDGE_CURVE('',#1175,#1508,#1510,.T.);
#1508 = VERTEX_POINT('',#1509);
#1509 = CARTESIAN_POINT('',(-1.2,0.8,0.55));
#1510 = LINE('',#1511,#1512);
#1511 = CARTESIAN_POINT('',(-1.2,0.8,0.495));
#1512 = VECTOR('',#1513,1.);
#1513 = DIRECTION('',(0.,0.,1.));
#1514 = ORIENTED_EDGE('',*,*,#1515,.F.);
#1515 = EDGE_CURVE('',#1476,#1508,#1516,.T.);
#1516 = LINE('',#1517,#1518);
#1517 = CARTESIAN_POINT('',(-1.2,-0.8,0.55));
#1518 = VECTOR('',#1519,1.);
#1519 = DIRECTION('',(0.,1.,0.));
#1520 = PLANE('',#1521);
#1521 = AXIS2_PLACEMENT_3D('',#1522,#1523,#1524);
#1522 = CARTESIAN_POINT('',(-1.2,-0.8,0.495));
#1523 = DIRECTION('',(1.,0.,0.));
#1524 = DIRECTION('',(0.,0.,1.));
#1525 = ADVANCED_FACE('',(#1526),#1589,.T.);
#1526 = FACE_BOUND('',#1527,.T.);
#1527 = EDGE_LOOP('',(#1528,#1538,#1545,#1546,#1547,#1548,#1557,#1565,
    #1574,#1582));
#1528 = ORIENTED_EDGE('',*,*,#1529,.F.);
#1529 = EDGE_CURVE('',#1530,#1532,#1534,.T.);
#1530 = VERTEX_POINT('',#1531);
#1531 = CARTESIAN_POINT('',(1.255,0.8,0.));
#1532 = VERTEX_POINT('',#1533);
#1533 = CARTESIAN_POINT('',(1.545,0.8,0.));
#1534 = LINE('',#1535,#1536);
#1535 = CARTESIAN_POINT('',(1.2,0.8,0.));
#1536 = VECTOR('',#1537,1.);
#1537 = DIRECTION('',(1.,0.,0.));
#1538 = ORIENTED_EDGE('',*,*,#1539,.F.);
#1539 = EDGE_CURVE('',#1367,#1530,#1540,.T.);
#1540 = CIRCLE('',#1541,5.5E-02);
#1541 = AXIS2_PLACEMENT_3D('',#1542,#1543,#1544);
#1542 = CARTESIAN_POINT('',(1.255,0.8,5.5E-02));
#1543 = DIRECTION('',(0.,-1.,0.));
#1544 = DIRECTION('',(0.,0.,1.));
#1545 = ORIENTED_EDGE('',*,*,#1366,.T.);
#1546 = ORIENTED_EDGE('',*,*,#1358,.T.);
#1547 = ORIENTED_EDGE('',*,*,#1350,.F.);
#1548 = ORIENTED_EDGE('',*,*,#1549,.T.);
#1549 = EDGE_CURVE('',#1343,#1550,#1552,.T.);
#1550 = VERTEX_POINT('',#1551);
#1551 = CARTESIAN_POINT('',(1.255,0.8,0.55));
#1552 = CIRCLE('',#1553,5.5E-02);
#1553 = AXIS2_PLACEMENT_3D('',#1554,#1555,#1556);
#1554 = CARTESIAN_POINT('',(1.255,0.8,0.495));
#1555 = DIRECTION('',(0.,1.,0.));
#1556 = DIRECTION('',(0.,-0.,1.));
#1557 = ORIENTED_EDGE('',*,*,#1558,.T.);
#1558 = EDGE_CURVE('',#1550,#1559,#1561,.T.);
#1559 = VERTEX_POINT('',#1560);
#1560 = CARTESIAN_POINT('',(1.545,0.8,0.55));
#1561 = LINE('',#1562,#1563);
#1562 = CARTESIAN_POINT('',(1.2,0.8,0.55));
#1563 = VECTOR('',#1564,1.);
#1564 = DIRECTION('',(1.,0.,0.));
#1565 = ORIENTED_EDGE('',*,*,#1566,.F.);
#1566 = EDGE_CURVE('',#1567,#1559,#1569,.T.);
#1567 = VERTEX_POINT('',#1568);
#1568 = CARTESIAN_POINT('',(1.6,0.8,0.495));
#1569 = CIRCLE('',#1570,5.5E-02);
#1570 = AXIS2_PLACEMENT_3D('',#1571,#1572,#1573);
#1571 = CARTESIAN_POINT('',(1.545,0.8,0.495));
#1572 = DIRECTION('',(0.,-1.,0.));
#1573 = DIRECTION('',(0.,0.,1.));
#1574 = ORIENTED_EDGE('',*,*,#1575,.F.);
#1575 = EDGE_CURVE('',#1576,#1567,#1578,.T.);
#1576 = VERTEX_POINT('',#1577);
#1577 = CARTESIAN_POINT('',(1.6,0.8,5.5E-02));
#1578 = LINE('',#1579,#1580);
#1579 = CARTESIAN_POINT('',(1.6,0.8,0.));
#1580 = VECTOR('',#1581,1.);
#1581 = DIRECTION('',(0.,0.,1.));
#1582 = ORIENTED_EDGE('',*,*,#1583,.T.);
#1583 = EDGE_CURVE('',#1576,#1532,#1584,.T.);
#1584 = CIRCLE('',#1585,5.5E-02);
#1585 = AXIS2_PLACEMENT_3D('',#1586,#1587,#1588);
#1586 = CARTESIAN_POINT('',(1.545,0.8,5.5E-02));
#1587 = DIRECTION('',(0.,1.,0.));
#1588 = DIRECTION('',(0.,-0.,1.));
#1589 = PLANE('',#1590);
#1590 = AXIS2_PLACEMENT_3D('',#1591,#1592,#1593);
#1591 = CARTESIAN_POINT('',(1.2,0.8,0.));
#1592 = DIRECTION('',(0.,1.,0.));
#1593 = DIRECTION('',(0.,-0.,1.));
#1594 = ADVANCED_FACE('',(#1595),#1613,.T.);
#1595 = FACE_BOUND('',#1596,.T.);
#1596 = EDGE_LOOP('',(#1597,#1598,#1599,#1607));
#1597 = ORIENTED_EDGE('',*,*,#1342,.F.);
#1598 = ORIENTED_EDGE('',*,*,#1507,.T.);
#1599 = ORIENTED_EDGE('',*,*,#1600,.T.);
#1600 = EDGE_CURVE('',#1508,#1601,#1603,.T.);
#1601 = VERTEX_POINT('',#1602);
#1602 = CARTESIAN_POINT('',(1.2,0.8,0.55));
#1603 = LINE('',#1604,#1605);
#1604 = CARTESIAN_POINT('',(-1.2,0.8,0.55));
#1605 = VECTOR('',#1606,1.);
#1606 = DIRECTION('',(1.,0.,0.));
#1607 = ORIENTED_EDGE('',*,*,#1608,.F.);
#1608 = EDGE_CURVE('',#1343,#1601,#1609,.T.);
#1609 = LINE('',#1610,#1611);
#1610 = CARTESIAN_POINT('',(1.2,0.8,0.495));
#1611 = VECTOR('',#1612,1.);
#1612 = DIRECTION('',(0.,0.,1.));
#1613 = PLANE('',#1614);
#1614 = AXIS2_PLACEMENT_3D('',#1615,#1616,#1617);
#1615 = CARTESIAN_POINT('',(-1.2,0.8,0.495));
#1616 = DIRECTION('',(0.,1.,0.));
#1617 = DIRECTION('',(0.,-0.,1.));
#1618 = ADVANCED_FACE('',(#1619),#1630,.T.);
#1619 = FACE_BOUND('',#1620,.T.);
#1620 = EDGE_LOOP('',(#1621,#1622,#1623,#1629));
#1621 = ORIENTED_EDGE('',*,*,#1390,.T.);
#1622 = ORIENTED_EDGE('',*,*,#1539,.T.);
#1623 = ORIENTED_EDGE('',*,*,#1624,.F.);
#1624 = EDGE_CURVE('',#1406,#1530,#1625,.T.);
#1625 = LINE('',#1626,#1627);
#1626 = CARTESIAN_POINT('',(1.255,-0.8,0.));
#1627 = VECTOR('',#1628,1.);
#1628 = DIRECTION('',(0.,1.,0.));
#1629 = ORIENTED_EDGE('',*,*,#1415,.F.);
#1630 = CYLINDRICAL_SURFACE('',#1631,5.5E-02);
#1631 = AXIS2_PLACEMENT_3D('',#1632,#1633,#1634);
#1632 = CARTESIAN_POINT('',(1.255,-0.8,5.5E-02));
#1633 = DIRECTION('',(0.,1.,0.));
#1634 = DIRECTION('',(-1.,0.,0.));
#1635 = ADVANCED_FACE('',(#1636),#1647,.F.);
#1636 = FACE_BOUND('',#1637,.F.);
#1637 = EDGE_LOOP('',(#1638,#1639,#1640,#1641));
#1638 = ORIENTED_EDGE('',*,*,#1529,.F.);
#1639 = ORIENTED_EDGE('',*,*,#1624,.F.);
#1640 = ORIENTED_EDGE('',*,*,#1405,.T.);
#1641 = ORIENTED_EDGE('',*,*,#1642,.T.);
#1642 = EDGE_CURVE('',#1408,#1532,#1643,.T.);
#1643 = LINE('',#1644,#1645);
#1644 = CARTESIAN_POINT('',(1.545,-0.8,0.));
#1645 = VECTOR('',#1646,1.);
#1646 = DIRECTION('',(0.,1.,0.));
#1647 = PLANE('',#1648);
#1648 = AXIS2_PLACEMENT_3D('',#1649,#1650,#1651);
#1649 = CARTESIAN_POINT('',(1.2,-0.8,0.));
#1650 = DIRECTION('',(0.,0.,1.));
#1651 = DIRECTION('',(1.,0.,-0.));
#1652 = ADVANCED_FACE('',(#1653),#1664,.T.);
#1653 = FACE_BOUND('',#1654,.T.);
#1654 = EDGE_LOOP('',(#1655,#1656,#1657,#1658));
#1655 = ORIENTED_EDGE('',*,*,#1459,.T.);
#1656 = ORIENTED_EDGE('',*,*,#1642,.T.);
#1657 = ORIENTED_EDGE('',*,*,#1583,.F.);
#1658 = ORIENTED_EDGE('',*,*,#1659,.F.);
#1659 = EDGE_CURVE('',#1452,#1576,#1660,.T.);
#1660 = LINE('',#1661,#1662);
#1661 = CARTESIAN_POINT('',(1.6,-0.8,5.5E-02));
#1662 = VECTOR('',#1663,1.);
#1663 = DIRECTION('',(0.,1.,0.));
#1664 = CYLINDRICAL_SURFACE('',#1665,5.5E-02);
#1665 = AXIS2_PLACEMENT_3D('',#1666,#1667,#1668);
#1666 = CARTESIAN_POINT('',(1.545,-0.8,5.5E-02));
#1667 = DIRECTION('',(0.,1.,0.));
#1668 = DIRECTION('',(1.,0.,0.));
#1669 = ADVANCED_FACE('',(#1670),#1681,.T.);
#1670 = FACE_BOUND('',#1671,.T.);
#1671 = EDGE_LOOP('',(#1672,#1673,#1674,#1675));
#1672 = ORIENTED_EDGE('',*,*,#1451,.F.);
#1673 = ORIENTED_EDGE('',*,*,#1659,.T.);
#1674 = ORIENTED_EDGE('',*,*,#1575,.T.);
#1675 = ORIENTED_EDGE('',*,*,#1676,.F.);
#1676 = EDGE_CURVE('',#1443,#1567,#1677,.T.);
#1677 = LINE('',#1678,#1679);
#1678 = CARTESIAN_POINT('',(1.6,-0.8,0.495));
#1679 = VECTOR('',#1680,1.);
#1680 = DIRECTION('',(0.,1.,0.));
#1681 = PLANE('',#1682);
#1682 = AXIS2_PLACEMENT_3D('',#1683,#1684,#1685);
#1683 = CARTESIAN_POINT('',(1.6,-0.8,0.));
#1684 = DIRECTION('',(1.,0.,0.));
#1685 = DIRECTION('',(0.,0.,1.));
#1686 = ADVANCED_FACE('',(#1687),#1698,.T.);
#1687 = FACE_BOUND('',#1688,.T.);
#1688 = EDGE_LOOP('',(#1689,#1690,#1691,#1697));
#1689 = ORIENTED_EDGE('',*,*,#1676,.T.);
#1690 = ORIENTED_EDGE('',*,*,#1566,.T.);
#1691 = ORIENTED_EDGE('',*,*,#1692,.F.);
#1692 = EDGE_CURVE('',#1435,#1559,#1693,.T.);
#1693 = LINE('',#1694,#1695);
#1694 = CARTESIAN_POINT('',(1.545,-0.8,0.55));
#1695 = VECTOR('',#1696,1.);
#1696 = DIRECTION('',(0.,1.,0.));
#1697 = ORIENTED_EDGE('',*,*,#1442,.F.);
#1698 = CYLINDRICAL_SURFACE('',#1699,5.5E-02);
#1699 = AXIS2_PLACEMENT_3D('',#1700,#1701,#1702);
#1700 = CARTESIAN_POINT('',(1.545,-0.8,0.495));
#1701 = DIRECTION('',(0.,1.,0.));
#1702 = DIRECTION('',(1.,0.,0.));
#1703 = ADVANCED_FACE('',(#1704),#1715,.T.);
#1704 = FACE_BOUND('',#1705,.T.);
#1705 = EDGE_LOOP('',(#1706,#1707,#1713,#1714));
#1706 = ORIENTED_EDGE('',*,*,#1558,.F.);
#1707 = ORIENTED_EDGE('',*,*,#1708,.F.);
#1708 = EDGE_CURVE('',#1426,#1550,#1709,.T.);
#1709 = LINE('',#1710,#1711);
#1710 = CARTESIAN_POINT('',(1.255,-0.8,0.55));
#1711 = VECTOR('',#1712,1.);
#1712 = DIRECTION('',(0.,1.,0.));
#1713 = ORIENTED_EDGE('',*,*,#1434,.T.);
#1714 = ORIENTED_EDGE('',*,*,#1692,.T.);
#1715 = PLANE('',#1716);
#1716 = AXIS2_PLACEMENT_3D('',#1717,#1718,#1719);
#1717 = CARTESIAN_POINT('',(1.2,-0.8,0.55));
#1718 = DIRECTION('',(0.,0.,1.));
#1719 = DIRECTION('',(1.,0.,-0.));
#1720 = ADVANCED_FACE('',(#1721),#1732,.T.);
#1721 = FACE_BOUND('',#1722,.T.);
#1722 = EDGE_LOOP('',(#1723,#1724,#1725,#1726));
#1723 = ORIENTED_EDGE('',*,*,#1425,.T.);
#1724 = ORIENTED_EDGE('',*,*,#1708,.T.);
#1725 = ORIENTED_EDGE('',*,*,#1549,.F.);
#1726 = ORIENTED_EDGE('',*,*,#1727,.F.);
#1727 = EDGE_CURVE('',#1260,#1343,#1728,.T.);
#1728 = LINE('',#1729,#1730);
#1729 = CARTESIAN_POINT('',(1.2,-0.8,0.495));
#1730 = VECTOR('',#1731,1.);
#1731 = DIRECTION('',(0.,1.,0.));
#1732 = CYLINDRICAL_SURFACE('',#1733,5.5E-02);
#1733 = AXIS2_PLACEMENT_3D('',#1734,#1735,#1736);
#1734 = CARTESIAN_POINT('',(1.255,-0.8,0.495));
#1735 = DIRECTION('',(0.,1.,0.));
#1736 = DIRECTION('',(-1.,0.,0.));
#1737 = ADVANCED_FACE('',(#1738),#1749,.T.);
#1738 = FACE_BOUND('',#1739,.T.);
#1739 = EDGE_LOOP('',(#1740,#1741,#1742,#1743));
#1740 = ORIENTED_EDGE('',*,*,#1491,.F.);
#1741 = ORIENTED_EDGE('',*,*,#1727,.T.);
#1742 = ORIENTED_EDGE('',*,*,#1608,.T.);
#1743 = ORIENTED_EDGE('',*,*,#1744,.F.);
#1744 = EDGE_CURVE('',#1484,#1601,#1745,.T.);
#1745 = LINE('',#1746,#1747);
#1746 = CARTESIAN_POINT('',(1.2,-0.8,0.55));
#1747 = VECTOR('',#1748,1.);
#1748 = DIRECTION('',(0.,1.,0.));
#1749 = PLANE('',#1750);
#1750 = AXIS2_PLACEMENT_3D('',#1751,#1752,#1753);
#1751 = CARTESIAN_POINT('',(1.2,-0.8,0.495));
#1752 = DIRECTION('',(1.,0.,0.));
#1753 = DIRECTION('',(0.,0.,1.));
#1754 = ADVANCED_FACE('',(#1755),#1761,.T.);
#1755 = FACE_BOUND('',#1756,.T.);
#1756 = EDGE_LOOP('',(#1757,#1758,#1759,#1760));
#1757 = ORIENTED_EDGE('',*,*,#1515,.F.);
#1758 = ORIENTED_EDGE('',*,*,#1483,.T.);
#1759 = ORIENTED_EDGE('',*,*,#1744,.T.);
#1760 = ORIENTED_EDGE('',*,*,#1600,.F.);
#1761 = PLANE('',#1762);
#1762 = AXIS2_PLACEMENT_3D('',#1763,#1764,#1765);
#1763 = CARTESIAN_POINT('',(-1.2,-0.8,0.55));
#1764 = DIRECTION('',(0.,0.,1.));
#1765 = DIRECTION('',(1.,0.,-0.));
#1766 = ( GEOMETRIC_REPRESENTATION_CONTEXT(3) 
GLOBAL_UNCERTAINTY_ASSIGNED_CONTEXT((#1770)) 
GLOBAL_UNIT_ASSIGNED_CONTEXT((#1767,#1768,#1769)) REPRESENTATION_CONTEXT
('Context #1','3D Context with UNIT and UNCERTAINTY') );
#1767 = ( LENGTH_UNIT() NAMED_UNIT(*) SI_UNIT(.MILLI.,.METRE.) );
#1768 = ( NAMED_UNIT(*) PLANE_ANGLE_UNIT() SI_UNIT($,.RADIAN.) );
#1769 = ( NAMED_UNIT(*) SI_UNIT($,.STERADIAN.) SOLID_ANGLE_UNIT() );
#1770 = UNCERTAINTY_MEASURE_WITH_UNIT(LENGTH_MEASURE(1.E-07),#1767,
  'distance_accuracy_value','confusion accuracy');
#1771 = CONTEXT_DEPENDENT_SHAPE_REPRESENTATION(#1772,#1774);
#1772 = ( REPRESENTATION_RELATIONSHIP('','',#975,#10) 
REPRESENTATION_RELATIONSHIP_WITH_TRANSFORMATION(#1773) 
SHAPE_REPRESENTATION_RELATIONSHIP() );
#1773 = ITEM_DEFINED_TRANSFORMATION('','',#11,#27);
#1774 = PRODUCT_DEFINITION_SHAPE('Placement','Placement of an item',
  #1775);
#1775 = NEXT_ASSEMBLY_USAGE_OCCURRENCE('4','R7','',#5,#970,$);
#1776 = PRODUCT_RELATED_PRODUCT_CATEGORY('part',$,(#972));
#1777 = SHAPE_DEFINITION_REPRESENTATION(#1778,#1784);
#1778 = PRODUCT_DEFINITION_SHAPE('','',#1779);
#1779 = PRODUCT_DEFINITION('design','',#1780,#1783);
#1780 = PRODUCT_DEFINITION_FORMATION('','',#1781);
#1781 = PRODUCT('LGA-14_3x2.5mm_P0.5mm_LayoutBorder3x4y',
  'LGA-14_3x2.5mm_P0.5mm_LayoutBorder3x4y','',(#1782));
#1782 = PRODUCT_CONTEXT('',#2,'mechanical');
#1783 = PRODUCT_DEFINITION_CONTEXT('part definition',#2,'design');
#1784 = ADVANCED_BREP_SHAPE_REPRESENTATION('',(#11,#1785),#3968);
#1785 = MANIFOLD_SOLID_BREP('',#1786);
#1786 = CLOSED_SHELL('',(#1787,#1827,#1858,#1882,#1906,#1923,#2411,#2442
    ,#2466,#2490,#2507,#2538,#2562,#2586,#2603,#2634,#2658,#2682,#2699,
    #2730,#2754,#2778,#2795,#2826,#2850,#2874,#2891,#2922,#2946,#2970,
    #2987,#3018,#3042,#3066,#3083,#3114,#3138,#3162,#3179,#3210,#3234,
    #3258,#3275,#3306,#3330,#3354,#3371,#3402,#3426,#3450,#3467,#3498,
    #3522,#3546,#3563,#3594,#3618,#3642,#3659,#3690,#3714,#3738,#3755,
    #3778,#3790,#3802,#3814,#3826,#3838,#3850,#3862,#3874,#3886,#3898,
    #3910,#3922,#3934,#3959));
#1787 = ADVANCED_FACE('',(#1788),#1822,.F.);
#1788 = FACE_BOUND('',#1789,.F.);
#1789 = EDGE_LOOP('',(#1790,#1800,#1808,#1816));
#1790 = ORIENTED_EDGE('',*,*,#1791,.T.);
#1791 = EDGE_CURVE('',#1792,#1794,#1796,.T.);
#1792 = VERTEX_POINT('',#1793);
#1793 = CARTESIAN_POINT('',(-0.6,1.15,0.));
#1794 = VERTEX_POINT('',#1795);
#1795 = CARTESIAN_POINT('',(-0.6,0.75,0.));
#1796 = LINE('',#1797,#1798);
#1797 = CARTESIAN_POINT('',(-0.6,1.15,0.));
#1798 = VECTOR('',#1799,1.);
#1799 = DIRECTION('',(-4.555315873023E-16,-1.,0.));
#1800 = ORIENTED_EDGE('',*,*,#1801,.T.);
#1801 = EDGE_CURVE('',#1794,#1802,#1804,.T.);
#1802 = VERTEX_POINT('',#1803);
#1803 = CARTESIAN_POINT('',(-0.4,0.75,0.));
#1804 = LINE('',#1805,#1806);
#1805 = CARTESIAN_POINT('',(-0.6,0.75,0.));
#1806 = VECTOR('',#1807,1.);
#1807 = DIRECTION('',(1.,-4.555315873023E-16,0.));
#1808 = ORIENTED_EDGE('',*,*,#1809,.T.);
#1809 = EDGE_CURVE('',#1802,#1810,#1812,.T.);
#1810 = VERTEX_POINT('',#1811);
#1811 = CARTESIAN_POINT('',(-0.4,1.15,0.));
#1812 = LINE('',#1813,#1814);
#1813 = CARTESIAN_POINT('',(-0.4,0.75,0.));
#1814 = VECTOR('',#1815,1.);
#1815 = DIRECTION('',(4.555315873023E-16,1.,0.));
#1816 = ORIENTED_EDGE('',*,*,#1817,.T.);
#1817 = EDGE_CURVE('',#1810,#1792,#1818,.T.);
#1818 = LINE('',#1819,#1820);
#1819 = CARTESIAN_POINT('',(-0.4,1.15,0.));
#1820 = VECTOR('',#1821,1.);
#1821 = DIRECTION('',(-1.,4.555315873023E-16,0.));
#1822 = PLANE('',#1823);
#1823 = AXIS2_PLACEMENT_3D('',#1824,#1825,#1826);
#1824 = CARTESIAN_POINT('',(-0.5,0.95,0.));
#1825 = DIRECTION('',(0.,0.,1.));
#1826 = DIRECTION('',(-1.,4.555315873023E-16,0.));
#1827 = ADVANCED_FACE('',(#1828),#1853,.F.);
#1828 = FACE_BOUND('',#1829,.F.);
#1829 = EDGE_LOOP('',(#1830,#1831,#1839,#1847));
#1830 = ORIENTED_EDGE('',*,*,#1791,.F.);
#1831 = ORIENTED_EDGE('',*,*,#1832,.T.);
#1832 = EDGE_CURVE('',#1792,#1833,#1835,.T.);
#1833 = VERTEX_POINT('',#1834);
#1834 = CARTESIAN_POINT('',(-0.6,1.15,3.E-02));
#1835 = LINE('',#1836,#1837);
#1836 = CARTESIAN_POINT('',(-0.6,1.15,0.));
#1837 = VECTOR('',#1838,1.);
#1838 = DIRECTION('',(0.,0.,1.));
#1839 = ORIENTED_EDGE('',*,*,#1840,.F.);
#1840 = EDGE_CURVE('',#1841,#1833,#1843,.T.);
#1841 = VERTEX_POINT('',#1842);
#1842 = CARTESIAN_POINT('',(-0.6,0.75,3.E-02));
#1843 = LINE('',#1844,#1845);
#1844 = CARTESIAN_POINT('',(-0.6,1.2,3.E-02));
#1845 = VECTOR('',#1846,1.);
#1846 = DIRECTION('',(4.555315873023E-16,1.,0.));
#1847 = ORIENTED_EDGE('',*,*,#1848,.F.);
#1848 = EDGE_CURVE('',#1794,#1841,#1849,.T.);
#1849 = LINE('',#1850,#1851);
#1850 = CARTESIAN_POINT('',(-0.6,0.75,0.));
#1851 = VECTOR('',#1852,1.);
#1852 = DIRECTION('',(0.,0.,1.));
#1853 = PLANE('',#1854);
#1854 = AXIS2_PLACEMENT_3D('',#1855,#1856,#1857);
#1855 = CARTESIAN_POINT('',(-0.6,1.15,0.));
#1856 = DIRECTION('',(1.,-4.555315873023E-16,0.));
#1857 = DIRECTION('',(-4.555315873023E-16,-1.,0.));
#1858 = ADVANCED_FACE('',(#1859),#1877,.F.);
#1859 = FACE_BOUND('',#1860,.F.);
#1860 = EDGE_LOOP('',(#1861,#1862,#1863,#1871));
#1861 = ORIENTED_EDGE('',*,*,#1801,.F.);
#1862 = ORIENTED_EDGE('',*,*,#1848,.T.);
#1863 = ORIENTED_EDGE('',*,*,#1864,.F.);
#1864 = EDGE_CURVE('',#1865,#1841,#1867,.T.);
#1865 = VERTEX_POINT('',#1866);
#1866 = CARTESIAN_POINT('',(-0.4,0.75,3.E-02));
#1867 = LINE('',#1868,#1869);
#1868 = CARTESIAN_POINT('',(-1.05,0.75,3.E-02));
#1869 = VECTOR('',#1870,1.);
#1870 = DIRECTION('',(-1.,4.555315873023E-16,0.));
#1871 = ORIENTED_EDGE('',*,*,#1872,.F.);
#1872 = EDGE_CURVE('',#1802,#1865,#1873,.T.);
#1873 = LINE('',#1874,#1875);
#1874 = CARTESIAN_POINT('',(-0.4,0.75,0.));
#1875 = VECTOR('',#1876,1.);
#1876 = DIRECTION('',(0.,0.,1.));
#1877 = PLANE('',#1878);
#1878 = AXIS2_PLACEMENT_3D('',#1879,#1880,#1881);
#1879 = CARTESIAN_POINT('',(-0.6,0.75,0.));
#1880 = DIRECTION('',(4.555315873023E-16,1.,0.));
#1881 = DIRECTION('',(1.,-4.555315873023E-16,0.));
#1882 = ADVANCED_FACE('',(#1883),#1901,.F.);
#1883 = FACE_BOUND('',#1884,.F.);
#1884 = EDGE_LOOP('',(#1885,#1886,#1887,#1895));
#1885 = ORIENTED_EDGE('',*,*,#1809,.F.);
#1886 = ORIENTED_EDGE('',*,*,#1872,.T.);
#1887 = ORIENTED_EDGE('',*,*,#1888,.F.);
#1888 = EDGE_CURVE('',#1889,#1865,#1891,.T.);
#1889 = VERTEX_POINT('',#1890);
#1890 = CARTESIAN_POINT('',(-0.4,1.15,3.E-02));
#1891 = LINE('',#1892,#1893);
#1892 = CARTESIAN_POINT('',(-0.4,1.,3.E-02));
#1893 = VECTOR('',#1894,1.);
#1894 = DIRECTION('',(-4.555315873023E-16,-1.,0.));
#1895 = ORIENTED_EDGE('',*,*,#1896,.F.);
#1896 = EDGE_CURVE('',#1810,#1889,#1897,.T.);
#1897 = LINE('',#1898,#1899);
#1898 = CARTESIAN_POINT('',(-0.4,1.15,0.));
#1899 = VECTOR('',#1900,1.);
#1900 = DIRECTION('',(0.,0.,1.));
#1901 = PLANE('',#1902);
#1902 = AXIS2_PLACEMENT_3D('',#1903,#1904,#1905);
#1903 = CARTESIAN_POINT('',(-0.4,0.75,0.));
#1904 = DIRECTION('',(-1.,4.555315873023E-16,0.));
#1905 = DIRECTION('',(4.555315873023E-16,1.,0.));
#1906 = ADVANCED_FACE('',(#1907),#1918,.F.);
#1907 = FACE_BOUND('',#1908,.F.);
#1908 = EDGE_LOOP('',(#1909,#1910,#1911,#1917));
#1909 = ORIENTED_EDGE('',*,*,#1817,.F.);
#1910 = ORIENTED_EDGE('',*,*,#1896,.T.);
#1911 = ORIENTED_EDGE('',*,*,#1912,.F.);
#1912 = EDGE_CURVE('',#1833,#1889,#1913,.T.);
#1913 = LINE('',#1914,#1915);
#1914 = CARTESIAN_POINT('',(-0.95,1.15,3.E-02));
#1915 = VECTOR('',#1916,1.);
#1916 = DIRECTION('',(1.,-4.555315873023E-16,0.));
#1917 = ORIENTED_EDGE('',*,*,#1832,.F.);
#1918 = PLANE('',#1919);
#1919 = AXIS2_PLACEMENT_3D('',#1920,#1921,#1922);
#1920 = CARTESIAN_POINT('',(-0.4,1.15,0.));
#1921 = DIRECTION('',(-4.555315873023E-16,-1.,0.));
#1922 = DIRECTION('',(-1.,4.555315873023E-16,0.));
#1923 = ADVANCED_FACE('',(#1924,#1958,#1992,#2026,#2060,#2094,#2128,
    #2162,#2196,#2230,#2264,#2298,#2304,#2338,#2372),#2406,.F.);
#1924 = FACE_BOUND('',#1925,.F.);
#1925 = EDGE_LOOP('',(#1926,#1936,#1944,#1952));
#1926 = ORIENTED_EDGE('',*,*,#1927,.F.);
#1927 = EDGE_CURVE('',#1928,#1930,#1932,.T.);
#1928 = VERTEX_POINT('',#1929);
#1929 = CARTESIAN_POINT('',(-1.5,1.25,3.E-02));
#1930 = VERTEX_POINT('',#1931);
#1931 = CARTESIAN_POINT('',(1.5,1.25,3.E-02));
#1932 = LINE('',#1933,#1934);
#1933 = CARTESIAN_POINT('',(-1.5,1.25,3.E-02));
#1934 = VECTOR('',#1935,1.);
#1935 = DIRECTION('',(1.,-2.22044604925E-16,0.));
#1936 = ORIENTED_EDGE('',*,*,#1937,.T.);
#1937 = EDGE_CURVE('',#1928,#1938,#1940,.T.);
#1938 = VERTEX_POINT('',#1939);
#1939 = CARTESIAN_POINT('',(-1.5,-1.25,3.E-02));
#1940 = LINE('',#1941,#1942);
#1941 = CARTESIAN_POINT('',(-1.5,1.25,3.E-02));
#1942 = VECTOR('',#1943,1.);
#1943 = DIRECTION('',(-2.22044604925E-16,-1.,0.));
#1944 = ORIENTED_EDGE('',*,*,#1945,.T.);
#1945 = EDGE_CURVE('',#1938,#1946,#1948,.T.);
#1946 = VERTEX_POINT('',#1947);
#1947 = CARTESIAN_POINT('',(1.5,-1.25,3.E-02));
#1948 = LINE('',#1949,#1950);
#1949 = CARTESIAN_POINT('',(-1.5,-1.25,3.E-02));
#1950 = VECTOR('',#1951,1.);
#1951 = DIRECTION('',(1.,-2.22044604925E-16,0.));
#1952 = ORIENTED_EDGE('',*,*,#1953,.F.);
#1953 = EDGE_CURVE('',#1930,#1946,#1954,.T.);
#1954 = LINE('',#1955,#1956);
#1955 = CARTESIAN_POINT('',(1.5,1.25,3.E-02));
#1956 = VECTOR('',#1957,1.);
#1957 = DIRECTION('',(-2.22044604925E-16,-1.,0.));
#1958 = FACE_BOUND('',#1959,.F.);
#1959 = EDGE_LOOP('',(#1960,#1970,#1978,#1986));
#1960 = ORIENTED_EDGE('',*,*,#1961,.T.);
#1961 = EDGE_CURVE('',#1962,#1964,#1966,.T.);
#1962 = VERTEX_POINT('',#1963);
#1963 = CARTESIAN_POINT('',(-1.4,-0.65,3.E-02));
#1964 = VERTEX_POINT('',#1965);
#1965 = CARTESIAN_POINT('',(-1.,-0.65,3.E-02));
#1966 = LINE('',#1967,#1968);
#1967 = CARTESIAN_POINT('',(-1.25,-0.65,3.E-02));
#1968 = VECTOR('',#1969,1.);
#1969 = DIRECTION('',(1.,-4.669739647545E-16,0.));
#1970 = ORIENTED_EDGE('',*,*,#1971,.T.);
#1971 = EDGE_CURVE('',#1964,#1972,#1974,.T.);
#1972 = VERTEX_POINT('',#1973);
#1973 = CARTESIAN_POINT('',(-1.,-0.85,3.E-02));
#1974 = LINE('',#1975,#1976);
#1975 = CARTESIAN_POINT('',(-1.,0.2,3.E-02));
#1976 = VECTOR('',#1977,1.);
#1977 = DIRECTION('',(-4.669739647545E-16,-1.,0.));
#1978 = ORIENTED_EDGE('',*,*,#1979,.T.);
#1979 = EDGE_CURVE('',#1972,#1980,#1982,.T.);
#1980 = VERTEX_POINT('',#1981);
#1981 = CARTESIAN_POINT('',(-1.4,-0.85,3.E-02));
#1982 = LINE('',#1983,#1984);
#1983 = CARTESIAN_POINT('',(-1.45,-0.85,3.E-02));
#1984 = VECTOR('',#1985,1.);
#1985 = DIRECTION('',(-1.,4.669739647545E-16,0.));
#1986 = ORIENTED_EDGE('',*,*,#1987,.T.);
#1987 = EDGE_CURVE('',#1980,#1962,#1988,.T.);
#1988 = LINE('',#1989,#1990);
#1989 = CARTESIAN_POINT('',(-1.4,0.3,3.E-02));
#1990 = VECTOR('',#1991,1.);
#1991 = DIRECTION('',(4.669739647545E-16,1.,0.));
#1992 = FACE_BOUND('',#1993,.F.);
#1993 = EDGE_LOOP('',(#1994,#2004,#2012,#2020));
#1994 = ORIENTED_EDGE('',*,*,#1995,.T.);
#1995 = EDGE_CURVE('',#1996,#1998,#2000,.T.);
#1996 = VERTEX_POINT('',#1997);
#1997 = CARTESIAN_POINT('',(-0.1,-0.75,3.E-02));
#1998 = VERTEX_POINT('',#1999);
#1999 = CARTESIAN_POINT('',(0.1,-0.75,3.E-02));
#2000 = LINE('',#2001,#2002);
#2001 = CARTESIAN_POINT('',(-0.7,-0.75,3.E-02));
#2002 = VECTOR('',#2003,1.);
#2003 = DIRECTION('',(1.,-5.665538897648E-16,0.));
#2004 = ORIENTED_EDGE('',*,*,#2005,.T.);
#2005 = EDGE_CURVE('',#1998,#2006,#2008,.T.);
#2006 = VERTEX_POINT('',#2007);
#2007 = CARTESIAN_POINT('',(0.1,-1.15,3.E-02));
#2008 = LINE('',#2009,#2010);
#2009 = CARTESIAN_POINT('',(0.1,5.E-02,3.E-02));
#2010 = VECTOR('',#2011,1.);
#2011 = DIRECTION('',(-5.665538897648E-16,-1.,0.));
#2012 = ORIENTED_EDGE('',*,*,#2013,.T.);
#2013 = EDGE_CURVE('',#2006,#2014,#2016,.T.);
#2014 = VERTEX_POINT('',#2015);
#2015 = CARTESIAN_POINT('',(-0.1,-1.15,3.E-02));
#2016 = LINE('',#2017,#2018);
#2017 = CARTESIAN_POINT('',(-0.8,-1.15,3.E-02));
#2018 = VECTOR('',#2019,1.);
#2019 = DIRECTION('',(-1.,5.665538897648E-16,0.));
#2020 = ORIENTED_EDGE('',*,*,#2021,.T.);
#2021 = EDGE_CURVE('',#2014,#1996,#2022,.T.);
#2022 = LINE('',#2023,#2024);
#2023 = CARTESIAN_POINT('',(-0.1,0.25,3.E-02));
#2024 = VECTOR('',#2025,1.);
#2025 = DIRECTION('',(5.665538897648E-16,1.,0.));
#2026 = FACE_BOUND('',#2027,.F.);
#2027 = EDGE_LOOP('',(#2028,#2038,#2046,#2054));
#2028 = ORIENTED_EDGE('',*,*,#2029,.T.);
#2029 = EDGE_CURVE('',#2030,#2032,#2034,.T.);
#2030 = VERTEX_POINT('',#2031);
#2031 = CARTESIAN_POINT('',(-0.6,-0.75,3.E-02));
#2032 = VERTEX_POINT('',#2033);
#2033 = CARTESIAN_POINT('',(-0.4,-0.75,3.E-02));
#2034 = LINE('',#2035,#2036);
#2035 = CARTESIAN_POINT('',(-0.95,-0.75,3.E-02));
#2036 = VECTOR('',#2037,1.);
#2037 = DIRECTION('',(1.,-5.665538897648E-16,0.));
#2038 = ORIENTED_EDGE('',*,*,#2039,.T.);
#2039 = EDGE_CURVE('',#2032,#2040,#2042,.T.);
#2040 = VERTEX_POINT('',#2041);
#2041 = CARTESIAN_POINT('',(-0.4,-1.15,3.E-02));
#2042 = LINE('',#2043,#2044);
#2043 = CARTESIAN_POINT('',(-0.4,5.E-02,3.E-02));
#2044 = VECTOR('',#2045,1.);
#2045 = DIRECTION('',(-5.665538897648E-16,-1.,0.));
#2046 = ORIENTED_EDGE('',*,*,#2047,.T.);
#2047 = EDGE_CURVE('',#2040,#2048,#2050,.T.);
#2048 = VERTEX_POINT('',#2049);
#2049 = CARTESIAN_POINT('',(-0.6,-1.15,3.E-02));
#2050 = LINE('',#2051,#2052);
#2051 = CARTESIAN_POINT('',(-1.05,-1.15,3.E-02));
#2052 = VECTOR('',#2053,1.);
#2053 = DIRECTION('',(-1.,5.665538897648E-16,0.));
#2054 = ORIENTED_EDGE('',*,*,#2055,.T.);
#2055 = EDGE_CURVE('',#2048,#2030,#2056,.T.);
#2056 = LINE('',#2057,#2058);
#2057 = CARTESIAN_POINT('',(-0.6,0.25,3.E-02));
#2058 = VECTOR('',#2059,1.);
#2059 = DIRECTION('',(5.665538897648E-16,1.,0.));
#2060 = FACE_BOUND('',#2061,.F.);
#2061 = EDGE_LOOP('',(#2062,#2072,#2080,#2088));
#2062 = ORIENTED_EDGE('',*,*,#2063,.T.);
#2063 = EDGE_CURVE('',#2064,#2066,#2068,.T.);
#2064 = VERTEX_POINT('',#2065);
#2065 = CARTESIAN_POINT('',(1.,-0.85,3.E-02));
#2066 = VERTEX_POINT('',#2067);
#2067 = CARTESIAN_POINT('',(1.,-0.65,3.E-02));
#2068 = LINE('',#2069,#2070);
#2069 = CARTESIAN_POINT('',(1.,0.3,3.E-02));
#2070 = VECTOR('',#2071,1.);
#2071 = DIRECTION('',(3.445092848398E-16,1.,0.));
#2072 = ORIENTED_EDGE('',*,*,#2073,.T.);
#2073 = EDGE_CURVE('',#2066,#2074,#2076,.T.);
#2074 = VERTEX_POINT('',#2075);
#2075 = CARTESIAN_POINT('',(1.4,-0.65,3.E-02));
#2076 = LINE('',#2077,#2078);
#2077 = CARTESIAN_POINT('',(-5.E-02,-0.65,3.E-02));
#2078 = VECTOR('',#2079,1.);
#2079 = DIRECTION('',(1.,-3.445092848398E-16,0.));
#2080 = ORIENTED_EDGE('',*,*,#2081,.T.);
#2081 = EDGE_CURVE('',#2074,#2082,#2084,.T.);
#2082 = VERTEX_POINT('',#2083);
#2083 = CARTESIAN_POINT('',(1.4,-0.85,3.E-02));
#2084 = LINE('',#2085,#2086);
#2085 = CARTESIAN_POINT('',(1.4,0.2,3.E-02));
#2086 = VECTOR('',#2087,1.);
#2087 = DIRECTION('',(-3.445092848398E-16,-1.,0.));
#2088 = ORIENTED_EDGE('',*,*,#2089,.T.);
#2089 = EDGE_CURVE('',#2082,#2064,#2090,.T.);
#2090 = LINE('',#2091,#2092);
#2091 = CARTESIAN_POINT('',(-0.25,-0.85,3.E-02));
#2092 = VECTOR('',#2093,1.);
#2093 = DIRECTION('',(-1.,3.445092848398E-16,0.));
#2094 = FACE_BOUND('',#2095,.F.);
#2095 = EDGE_LOOP('',(#2096,#2106,#2114,#2122));
#2096 = ORIENTED_EDGE('',*,*,#2097,.T.);
#2097 = EDGE_CURVE('',#2098,#2100,#2102,.T.);
#2098 = VERTEX_POINT('',#2099);
#2099 = CARTESIAN_POINT('',(0.4,-0.75,3.E-02));
#2100 = VERTEX_POINT('',#2101);
#2101 = CARTESIAN_POINT('',(0.6,-0.75,3.E-02));
#2102 = LINE('',#2103,#2104);
#2103 = CARTESIAN_POINT('',(-0.45,-0.75,3.E-02));
#2104 = VECTOR('',#2105,1.);
#2105 = DIRECTION('',(1.,-5.665538897648E-16,0.));
#2106 = ORIENTED_EDGE('',*,*,#2107,.T.);
#2107 = EDGE_CURVE('',#2100,#2108,#2110,.T.);
#2108 = VERTEX_POINT('',#2109);
#2109 = CARTESIAN_POINT('',(0.6,-1.15,3.E-02));
#2110 = LINE('',#2111,#2112);
#2111 = CARTESIAN_POINT('',(0.6,5.E-02,3.E-02));
#2112 = VECTOR('',#2113,1.);
#2113 = DIRECTION('',(-5.665538897648E-16,-1.,0.));
#2114 = ORIENTED_EDGE('',*,*,#2115,.T.);
#2115 = EDGE_CURVE('',#2108,#2116,#2118,.T.);
#2116 = VERTEX_POINT('',#2117);
#2117 = CARTESIAN_POINT('',(0.4,-1.15,3.E-02));
#2118 = LINE('',#2119,#2120);
#2119 = CARTESIAN_POINT('',(-0.55,-1.15,3.E-02));
#2120 = VECTOR('',#2121,1.);
#2121 = DIRECTION('',(-1.,5.665538897648E-16,0.));
#2122 = ORIENTED_EDGE('',*,*,#2123,.T.);
#2123 = EDGE_CURVE('',#2116,#2098,#2124,.T.);
#2124 = LINE('',#2125,#2126);
#2125 = CARTESIAN_POINT('',(0.4,0.25,3.E-02));
#2126 = VECTOR('',#2127,1.);
#2127 = DIRECTION('',(5.665538897648E-16,1.,0.));
#2128 = FACE_BOUND('',#2129,.F.);
#2129 = EDGE_LOOP('',(#2130,#2140,#2148,#2156));
#2130 = ORIENTED_EDGE('',*,*,#2131,.T.);
#2131 = EDGE_CURVE('',#2132,#2134,#2136,.T.);
#2132 = VERTEX_POINT('',#2133);
#2133 = CARTESIAN_POINT('',(-1.,0.35,3.E-02));
#2134 = VERTEX_POINT('',#2135);
#2135 = CARTESIAN_POINT('',(-1.,0.15,3.E-02));
#2136 = LINE('',#2137,#2138);
#2137 = CARTESIAN_POINT('',(-1.,0.7,3.E-02));
#2138 = VECTOR('',#2139,1.);
#2139 = DIRECTION('',(-4.669739647545E-16,-1.,0.));
#2140 = ORIENTED_EDGE('',*,*,#2141,.T.);
#2141 = EDGE_CURVE('',#2134,#2142,#2144,.T.);
#2142 = VERTEX_POINT('',#2143);
#2143 = CARTESIAN_POINT('',(-1.4,0.15,3.E-02));
#2144 = LINE('',#2145,#2146);
#2145 = CARTESIAN_POINT('',(-1.45,0.15,3.E-02));
#2146 = VECTOR('',#2147,1.);
#2147 = DIRECTION('',(-1.,4.669739647545E-16,0.));
#2148 = ORIENTED_EDGE('',*,*,#2149,.T.);
#2149 = EDGE_CURVE('',#2142,#2150,#2152,.T.);
#2150 = VERTEX_POINT('',#2151);
#2151 = CARTESIAN_POINT('',(-1.4,0.35,3.E-02));
#2152 = LINE('',#2153,#2154);
#2153 = CARTESIAN_POINT('',(-1.4,0.8,3.E-02));
#2154 = VECTOR('',#2155,1.);
#2155 = DIRECTION('',(4.669739647545E-16,1.,0.));
#2156 = ORIENTED_EDGE('',*,*,#2157,.T.);
#2157 = EDGE_CURVE('',#2150,#2132,#2158,.T.);
#2158 = LINE('',#2159,#2160);
#2159 = CARTESIAN_POINT('',(-1.25,0.35,3.E-02));
#2160 = VECTOR('',#2161,1.);
#2161 = DIRECTION('',(1.,-4.669739647545E-16,0.));
#2162 = FACE_BOUND('',#2163,.F.);
#2163 = EDGE_LOOP('',(#2164,#2174,#2182,#2190));
#2164 = ORIENTED_EDGE('',*,*,#2165,.T.);
#2165 = EDGE_CURVE('',#2166,#2168,#2170,.T.);
#2166 = VERTEX_POINT('',#2167);
#2167 = CARTESIAN_POINT('',(-1.,-0.15,3.E-02));
#2168 = VERTEX_POINT('',#2169);
#2169 = CARTESIAN_POINT('',(-1.,-0.35,3.E-02));
#2170 = LINE('',#2171,#2172);
#2171 = CARTESIAN_POINT('',(-1.,0.45,3.E-02));
#2172 = VECTOR('',#2173,1.);
#2173 = DIRECTION('',(-4.669739647545E-16,-1.,0.));
#2174 = ORIENTED_EDGE('',*,*,#2175,.T.);
#2175 = EDGE_CURVE('',#2168,#2176,#2178,.T.);
#2176 = VERTEX_POINT('',#2177);
#2177 = CARTESIAN_POINT('',(-1.4,-0.35,3.E-02));
#2178 = LINE('',#2179,#2180);
#2179 = CARTESIAN_POINT('',(-1.45,-0.35,3.E-02));
#2180 = VECTOR('',#2181,1.);
#2181 = DIRECTION('',(-1.,4.669739647545E-16,0.));
#2182 = ORIENTED_EDGE('',*,*,#2183,.T.);
#2183 = EDGE_CURVE('',#2176,#2184,#2186,.T.);
#2184 = VERTEX_POINT('',#2185);
#2185 = CARTESIAN_POINT('',(-1.4,-0.15,3.E-02));
#2186 = LINE('',#2187,#2188);
#2187 = CARTESIAN_POINT('',(-1.4,0.55,3.E-02));
#2188 = VECTOR('',#2189,1.);
#2189 = DIRECTION('',(4.669739647545E-16,1.,0.));
#2190 = ORIENTED_EDGE('',*,*,#2191,.T.);
#2191 = EDGE_CURVE('',#2184,#2166,#2192,.T.);
#2192 = LINE('',#2193,#2194);
#2193 = CARTESIAN_POINT('',(-1.25,-0.15,3.E-02));
#2194 = VECTOR('',#2195,1.);
#2195 = DIRECTION('',(1.,-4.669739647545E-16,0.));
#2196 = FACE_BOUND('',#2197,.F.);
#2197 = EDGE_LOOP('',(#2198,#2208,#2216,#2224));
#2198 = ORIENTED_EDGE('',*,*,#2199,.T.);
#2199 = EDGE_CURVE('',#2200,#2202,#2204,.T.);
#2200 = VERTEX_POINT('',#2201);
#2201 = CARTESIAN_POINT('',(1.,-0.15,3.E-02));
#2202 = VERTEX_POINT('',#2203);
#2203 = CARTESIAN_POINT('',(1.4,-0.15,3.E-02));
#2204 = LINE('',#2205,#2206);
#2205 = CARTESIAN_POINT('',(-5.E-02,-0.15,3.E-02));
#2206 = VECTOR('',#2207,1.);
#2207 = DIRECTION('',(1.,-3.445092848398E-16,0.));
#2208 = ORIENTED_EDGE('',*,*,#2209,.T.);
#2209 = EDGE_CURVE('',#2202,#2210,#2212,.T.);
#2210 = VERTEX_POINT('',#2211);
#2211 = CARTESIAN_POINT('',(1.4,-0.35,3.E-02));
#2212 = LINE('',#2213,#2214);
#2213 = CARTESIAN_POINT('',(1.4,0.45,3.E-02));
#2214 = VECTOR('',#2215,1.);
#2215 = DIRECTION('',(-3.445092848398E-16,-1.,0.));
#2216 = ORIENTED_EDGE('',*,*,#2217,.T.);
#2217 = EDGE_CURVE('',#2210,#2218,#2220,.T.);
#2218 = VERTEX_POINT('',#2219);
#2219 = CARTESIAN_POINT('',(1.,-0.35,3.E-02));
#2220 = LINE('',#2221,#2222);
#2221 = CARTESIAN_POINT('',(-0.25,-0.35,3.E-02));
#2222 = VECTOR('',#2223,1.);
#2223 = DIRECTION('',(-1.,3.445092848398E-16,0.));
#2224 = ORIENTED_EDGE('',*,*,#2225,.T.);
#2225 = EDGE_CURVE('',#2218,#2200,#2226,.T.);
#2226 = LINE('',#2227,#2228);
#2227 = CARTESIAN_POINT('',(1.,0.55,3.E-02));
#2228 = VECTOR('',#2229,1.);
#2229 = DIRECTION('',(3.445092848398E-16,1.,0.));
#2230 = FACE_BOUND('',#2231,.F.);
#2231 = EDGE_LOOP('',(#2232,#2242,#2250,#2258));
#2232 = ORIENTED_EDGE('',*,*,#2233,.T.);
#2233 = EDGE_CURVE('',#2234,#2236,#2238,.T.);
#2234 = VERTEX_POINT('',#2235);
#2235 = CARTESIAN_POINT('',(1.4,0.15,3.E-02));
#2236 = VERTEX_POINT('',#2237);
#2237 = CARTESIAN_POINT('',(1.,0.15,3.E-02));
#2238 = LINE('',#2239,#2240);
#2239 = CARTESIAN_POINT('',(-0.25,0.15,3.E-02));
#2240 = VECTOR('',#2241,1.);
#2241 = DIRECTION('',(-1.,3.445092848398E-16,0.));
#2242 = ORIENTED_EDGE('',*,*,#2243,.T.);
#2243 = EDGE_CURVE('',#2236,#2244,#2246,.T.);
#2244 = VERTEX_POINT('',#2245);
#2245 = CARTESIAN_POINT('',(1.,0.35,3.E-02));
#2246 = LINE('',#2247,#2248);
#2247 = CARTESIAN_POINT('',(1.,0.8,3.E-02));
#2248 = VECTOR('',#2249,1.);
#2249 = DIRECTION('',(3.445092848398E-16,1.,0.));
#2250 = ORIENTED_EDGE('',*,*,#2251,.T.);
#2251 = EDGE_CURVE('',#2244,#2252,#2254,.T.);
#2252 = VERTEX_POINT('',#2253);
#2253 = CARTESIAN_POINT('',(1.4,0.35,3.E-02));
#2254 = LINE('',#2255,#2256);
#2255 = CARTESIAN_POINT('',(-5.E-02,0.35,3.E-02));
#2256 = VECTOR('',#2257,1.);
#2257 = DIRECTION('',(1.,-3.445092848398E-16,0.));
#2258 = ORIENTED_EDGE('',*,*,#2259,.T.);
#2259 = EDGE_CURVE('',#2252,#2234,#2260,.T.);
#2260 = LINE('',#2261,#2262);
#2261 = CARTESIAN_POINT('',(1.4,0.7,3.E-02));
#2262 = VECTOR('',#2263,1.);
#2263 = DIRECTION('',(-3.445092848398E-16,-1.,0.));
#2264 = FACE_BOUND('',#2265,.F.);
#2265 = EDGE_LOOP('',(#2266,#2276,#2284,#2292));
#2266 = ORIENTED_EDGE('',*,*,#2267,.T.);
#2267 = EDGE_CURVE('',#2268,#2270,#2272,.T.);
#2268 = VERTEX_POINT('',#2269);
#2269 = CARTESIAN_POINT('',(0.4,1.15,3.E-02));
#2270 = VERTEX_POINT('',#2271);
#2271 = CARTESIAN_POINT('',(0.6,1.15,3.E-02));
#2272 = LINE('',#2273,#2274);
#2273 = CARTESIAN_POINT('',(-0.45,1.15,3.E-02));
#2274 = VECTOR('',#2275,1.);
#2275 = DIRECTION('',(1.,-4.555315873023E-16,0.));
#2276 = ORIENTED_EDGE('',*,*,#2277,.T.);
#2277 = EDGE_CURVE('',#2270,#2278,#2280,.T.);
#2278 = VERTEX_POINT('',#2279);
#2279 = CARTESIAN_POINT('',(0.6,0.75,3.E-02));
#2280 = LINE('',#2281,#2282);
#2281 = CARTESIAN_POINT('',(0.6,1.,3.E-02));
#2282 = VECTOR('',#2283,1.);
#2283 = DIRECTION('',(-4.555315873023E-16,-1.,0.));
#2284 = ORIENTED_EDGE('',*,*,#2285,.T.);
#2285 = EDGE_CURVE('',#2278,#2286,#2288,.T.);
#2286 = VERTEX_POINT('',#2287);
#2287 = CARTESIAN_POINT('',(0.4,0.75,3.E-02));
#2288 = LINE('',#2289,#2290);
#2289 = CARTESIAN_POINT('',(-0.55,0.75,3.E-02));
#2290 = VECTOR('',#2291,1.);
#2291 = DIRECTION('',(-1.,4.555315873023E-16,0.));
#2292 = ORIENTED_EDGE('',*,*,#2293,.T.);
#2293 = EDGE_CURVE('',#2286,#2268,#2294,.T.);
#2294 = LINE('',#2295,#2296);
#2295 = CARTESIAN_POINT('',(0.4,1.2,3.E-02));
#2296 = VECTOR('',#2297,1.);
#2297 = DIRECTION('',(4.555315873023E-16,1.,0.));
#2298 = FACE_BOUND('',#2299,.F.);
#2299 = EDGE_LOOP('',(#2300,#2301,#2302,#2303));
#2300 = ORIENTED_EDGE('',*,*,#1840,.T.);
#2301 = ORIENTED_EDGE('',*,*,#1912,.T.);
#2302 = ORIENTED_EDGE('',*,*,#1888,.T.);
#2303 = ORIENTED_EDGE('',*,*,#1864,.T.);
#2304 = FACE_BOUND('',#2305,.F.);
#2305 = EDGE_LOOP('',(#2306,#2316,#2324,#2332));
#2306 = ORIENTED_EDGE('',*,*,#2307,.T.);
#2307 = EDGE_CURVE('',#2308,#2310,#2312,.T.);
#2308 = VERTEX_POINT('',#2309);
#2309 = CARTESIAN_POINT('',(-0.1,1.15,3.E-02));
#2310 = VERTEX_POINT('',#2311);
#2311 = CARTESIAN_POINT('',(0.1,1.15,3.E-02));
#2312 = LINE('',#2313,#2314);
#2313 = CARTESIAN_POINT('',(-0.7,1.15,3.E-02));
#2314 = VECTOR('',#2315,1.);
#2315 = DIRECTION('',(1.,-4.555315873023E-16,0.));
#2316 = ORIENTED_EDGE('',*,*,#2317,.T.);
#2317 = EDGE_CURVE('',#2310,#2318,#2320,.T.);
#2318 = VERTEX_POINT('',#2319);
#2319 = CARTESIAN_POINT('',(0.1,0.75,3.E-02));
#2320 = LINE('',#2321,#2322);
#2321 = CARTESIAN_POINT('',(0.1,1.,3.E-02));
#2322 = VECTOR('',#2323,1.);
#2323 = DIRECTION('',(-4.555315873023E-16,-1.,0.));
#2324 = ORIENTED_EDGE('',*,*,#2325,.T.);
#2325 = EDGE_CURVE('',#2318,#2326,#2328,.T.);
#2326 = VERTEX_POINT('',#2327);
#2327 = CARTESIAN_POINT('',(-0.1,0.75,3.E-02));
#2328 = LINE('',#2329,#2330);
#2329 = CARTESIAN_POINT('',(-0.8,0.75,3.E-02));
#2330 = VECTOR('',#2331,1.);
#2331 = DIRECTION('',(-1.,4.555315873023E-16,0.));
#2332 = ORIENTED_EDGE('',*,*,#2333,.T.);
#2333 = EDGE_CURVE('',#2326,#2308,#2334,.T.);
#2334 = LINE('',#2335,#2336);
#2335 = CARTESIAN_POINT('',(-0.1,1.2,3.E-02));
#2336 = VECTOR('',#2337,1.);
#2337 = DIRECTION('',(4.555315873023E-16,1.,0.));
#2338 = FACE_BOUND('',#2339,.F.);
#2339 = EDGE_LOOP('',(#2340,#2350,#2358,#2366));
#2340 = ORIENTED_EDGE('',*,*,#2341,.T.);
#2341 = EDGE_CURVE('',#2342,#2344,#2346,.T.);
#2342 = VERTEX_POINT('',#2343);
#2343 = CARTESIAN_POINT('',(1.,0.65,3.E-02));
#2344 = VERTEX_POINT('',#2345);
#2345 = CARTESIAN_POINT('',(1.,0.85,3.E-02));
#2346 = LINE('',#2347,#2348);
#2347 = CARTESIAN_POINT('',(1.,1.05,3.E-02));
#2348 = VECTOR('',#2349,1.);
#2349 = DIRECTION('',(3.445092848398E-16,1.,0.));
#2350 = ORIENTED_EDGE('',*,*,#2351,.T.);
#2351 = EDGE_CURVE('',#2344,#2352,#2354,.T.);
#2352 = VERTEX_POINT('',#2353);
#2353 = CARTESIAN_POINT('',(1.4,0.85,3.E-02));
#2354 = LINE('',#2355,#2356);
#2355 = CARTESIAN_POINT('',(-5.E-02,0.85,3.E-02));
#2356 = VECTOR('',#2357,1.);
#2357 = DIRECTION('',(1.,-3.445092848398E-16,0.));
#2358 = ORIENTED_EDGE('',*,*,#2359,.T.);
#2359 = EDGE_CURVE('',#2352,#2360,#2362,.T.);
#2360 = VERTEX_POINT('',#2361);
#2361 = CARTESIAN_POINT('',(1.4,0.65,3.E-02));
#2362 = LINE('',#2363,#2364);
#2363 = CARTESIAN_POINT('',(1.4,0.95,3.E-02));
#2364 = VECTOR('',#2365,1.);
#2365 = DIRECTION('',(-3.445092848398E-16,-1.,0.));
#2366 = ORIENTED_EDGE('',*,*,#2367,.T.);
#2367 = EDGE_CURVE('',#2360,#2342,#2368,.T.);
#2368 = LINE('',#2369,#2370);
#2369 = CARTESIAN_POINT('',(-0.25,0.65,3.E-02));
#2370 = VECTOR('',#2371,1.);
#2371 = DIRECTION('',(-1.,3.445092848398E-16,0.));
#2372 = FACE_BOUND('',#2373,.F.);
#2373 = EDGE_LOOP('',(#2374,#2384,#2392,#2400));
#2374 = ORIENTED_EDGE('',*,*,#2375,.T.);
#2375 = EDGE_CURVE('',#2376,#2378,#2380,.T.);
#2376 = VERTEX_POINT('',#2377);
#2377 = CARTESIAN_POINT('',(-1.4,0.65,3.E-02));
#2378 = VERTEX_POINT('',#2379);
#2379 = CARTESIAN_POINT('',(-1.4,0.85,3.E-02));
#2380 = LINE('',#2381,#2382);
#2381 = CARTESIAN_POINT('',(-1.4,1.05,3.E-02));
#2382 = VECTOR('',#2383,1.);
#2383 = DIRECTION('',(4.669739647545E-16,1.,0.));
#2384 = ORIENTED_EDGE('',*,*,#2385,.T.);
#2385 = EDGE_CURVE('',#2378,#2386,#2388,.T.);
#2386 = VERTEX_POINT('',#2387);
#2387 = CARTESIAN_POINT('',(-1.,0.85,3.E-02));
#2388 = LINE('',#2389,#2390);
#2389 = CARTESIAN_POINT('',(-1.25,0.85,3.E-02));
#2390 = VECTOR('',#2391,1.);
#2391 = DIRECTION('',(1.,-4.669739647545E-16,0.));
#2392 = ORIENTED_EDGE('',*,*,#2393,.T.);
#2393 = EDGE_CURVE('',#2386,#2394,#2396,.T.);
#2394 = VERTEX_POINT('',#2395);
#2395 = CARTESIAN_POINT('',(-1.,0.65,3.E-02));
#2396 = LINE('',#2397,#2398);
#2397 = CARTESIAN_POINT('',(-1.,0.95,3.E-02));
#2398 = VECTOR('',#2399,1.);
#2399 = DIRECTION('',(-4.669739647545E-16,-1.,0.));
#2400 = ORIENTED_EDGE('',*,*,#2401,.T.);
#2401 = EDGE_CURVE('',#2394,#2376,#2402,.T.);
#2402 = LINE('',#2403,#2404);
#2403 = CARTESIAN_POINT('',(-1.45,0.65,3.E-02));
#2404 = VECTOR('',#2405,1.);
#2405 = DIRECTION('',(-1.,4.669739647545E-16,0.));
#2406 = PLANE('',#2407);
#2407 = AXIS2_PLACEMENT_3D('',#2408,#2409,#2410);
#2408 = CARTESIAN_POINT('',(-1.5,1.25,3.E-02));
#2409 = DIRECTION('',(0.,0.,1.));
#2410 = DIRECTION('',(-2.22044604925E-16,-1.,0.));
#2411 = ADVANCED_FACE('',(#2412),#2437,.F.);
#2412 = FACE_BOUND('',#2413,.F.);
#2413 = EDGE_LOOP('',(#2414,#2422,#2423,#2431));
#2414 = ORIENTED_EDGE('',*,*,#2415,.F.);
#2415 = EDGE_CURVE('',#1928,#2416,#2418,.T.);
#2416 = VERTEX_POINT('',#2417);
#2417 = CARTESIAN_POINT('',(-1.5,1.25,0.78));
#2418 = LINE('',#2419,#2420);
#2419 = CARTESIAN_POINT('',(-1.5,1.25,3.E-02));
#2420 = VECTOR('',#2421,1.);
#2421 = DIRECTION('',(0.,0.,1.));
#2422 = ORIENTED_EDGE('',*,*,#1927,.T.);
#2423 = ORIENTED_EDGE('',*,*,#2424,.T.);
#2424 = EDGE_CURVE('',#1930,#2425,#2427,.T.);
#2425 = VERTEX_POINT('',#2426);
#2426 = CARTESIAN_POINT('',(1.5,1.25,0.78));
#2427 = LINE('',#2428,#2429);
#2428 = CARTESIAN_POINT('',(1.5,1.25,3.E-02));
#2429 = VECTOR('',#2430,1.);
#2430 = DIRECTION('',(0.,0.,1.));
#2431 = ORIENTED_EDGE('',*,*,#2432,.F.);
#2432 = EDGE_CURVE('',#2416,#2425,#2433,.T.);
#2433 = LINE('',#2434,#2435);
#2434 = CARTESIAN_POINT('',(-1.5,1.25,0.78));
#2435 = VECTOR('',#2436,1.);
#2436 = DIRECTION('',(1.,-2.22044604925E-16,0.));
#2437 = PLANE('',#2438);
#2438 = AXIS2_PLACEMENT_3D('',#2439,#2440,#2441);
#2439 = CARTESIAN_POINT('',(-1.5,1.25,3.E-02));
#2440 = DIRECTION('',(-2.22044604925E-16,-1.,0.));
#2441 = DIRECTION('',(0.,0.,1.));
#2442 = ADVANCED_FACE('',(#2443),#2461,.T.);
#2443 = FACE_BOUND('',#2444,.T.);
#2444 = EDGE_LOOP('',(#2445,#2446,#2447,#2455));
#2445 = ORIENTED_EDGE('',*,*,#1953,.F.);
#2446 = ORIENTED_EDGE('',*,*,#2424,.T.);
#2447 = ORIENTED_EDGE('',*,*,#2448,.T.);
#2448 = EDGE_CURVE('',#2425,#2449,#2451,.T.);
#2449 = VERTEX_POINT('',#2450);
#2450 = CARTESIAN_POINT('',(1.5,-1.25,0.78));
#2451 = LINE('',#2452,#2453);
#2452 = CARTESIAN_POINT('',(1.5,1.25,0.78));
#2453 = VECTOR('',#2454,1.);
#2454 = DIRECTION('',(-2.22044604925E-16,-1.,0.));
#2455 = ORIENTED_EDGE('',*,*,#2456,.F.);
#2456 = EDGE_CURVE('',#1946,#2449,#2457,.T.);
#2457 = LINE('',#2458,#2459);
#2458 = CARTESIAN_POINT('',(1.5,-1.25,3.E-02));
#2459 = VECTOR('',#2460,1.);
#2460 = DIRECTION('',(0.,0.,1.));
#2461 = PLANE('',#2462);
#2462 = AXIS2_PLACEMENT_3D('',#2463,#2464,#2465);
#2463 = CARTESIAN_POINT('',(1.5,1.25,3.E-02));
#2464 = DIRECTION('',(1.,-2.22044604925E-16,0.));
#2465 = DIRECTION('',(0.,0.,1.));
#2466 = ADVANCED_FACE('',(#2467),#2485,.F.);
#2467 = FACE_BOUND('',#2468,.F.);
#2468 = EDGE_LOOP('',(#2469,#2470,#2471,#2479));
#2469 = ORIENTED_EDGE('',*,*,#1937,.F.);
#2470 = ORIENTED_EDGE('',*,*,#2415,.T.);
#2471 = ORIENTED_EDGE('',*,*,#2472,.T.);
#2472 = EDGE_CURVE('',#2416,#2473,#2475,.T.);
#2473 = VERTEX_POINT('',#2474);
#2474 = CARTESIAN_POINT('',(-1.5,-1.25,0.78));
#2475 = LINE('',#2476,#2477);
#2476 = CARTESIAN_POINT('',(-1.5,1.25,0.78));
#2477 = VECTOR('',#2478,1.);
#2478 = DIRECTION('',(-2.22044604925E-16,-1.,0.));
#2479 = ORIENTED_EDGE('',*,*,#2480,.F.);
#2480 = EDGE_CURVE('',#1938,#2473,#2481,.T.);
#2481 = LINE('',#2482,#2483);
#2482 = CARTESIAN_POINT('',(-1.5,-1.25,3.E-02));
#2483 = VECTOR('',#2484,1.);
#2484 = DIRECTION('',(0.,0.,1.));
#2485 = PLANE('',#2486);
#2486 = AXIS2_PLACEMENT_3D('',#2487,#2488,#2489);
#2487 = CARTESIAN_POINT('',(-1.5,1.25,3.E-02));
#2488 = DIRECTION('',(1.,-2.22044604925E-16,0.));
#2489 = DIRECTION('',(0.,0.,1.));
#2490 = ADVANCED_FACE('',(#2491),#2502,.T.);
#2491 = FACE_BOUND('',#2492,.T.);
#2492 = EDGE_LOOP('',(#2493,#2494,#2495,#2496));
#2493 = ORIENTED_EDGE('',*,*,#2480,.F.);
#2494 = ORIENTED_EDGE('',*,*,#1945,.T.);
#2495 = ORIENTED_EDGE('',*,*,#2456,.T.);
#2496 = ORIENTED_EDGE('',*,*,#2497,.F.);
#2497 = EDGE_CURVE('',#2473,#2449,#2498,.T.);
#2498 = LINE('',#2499,#2500);
#2499 = CARTESIAN_POINT('',(-1.5,-1.25,0.78));
#2500 = VECTOR('',#2501,1.);
#2501 = DIRECTION('',(1.,-2.22044604925E-16,0.));
#2502 = PLANE('',#2503);
#2503 = AXIS2_PLACEMENT_3D('',#2504,#2505,#2506);
#2504 = CARTESIAN_POINT('',(-1.5,-1.25,3.E-02));
#2505 = DIRECTION('',(-2.22044604925E-16,-1.,0.));
#2506 = DIRECTION('',(0.,0.,1.));
#2507 = ADVANCED_FACE('',(#2508),#2533,.F.);
#2508 = FACE_BOUND('',#2509,.F.);
#2509 = EDGE_LOOP('',(#2510,#2520,#2526,#2527));
#2510 = ORIENTED_EDGE('',*,*,#2511,.F.);
#2511 = EDGE_CURVE('',#2512,#2514,#2516,.T.);
#2512 = VERTEX_POINT('',#2513);
#2513 = CARTESIAN_POINT('',(-1.,-0.65,0.));
#2514 = VERTEX_POINT('',#2515);
#2515 = CARTESIAN_POINT('',(-1.4,-0.65,0.));
#2516 = LINE('',#2517,#2518);
#2517 = CARTESIAN_POINT('',(-1.,-0.65,0.));
#2518 = VECTOR('',#2519,1.);
#2519 = DIRECTION('',(-1.,4.669739647545E-16,0.));
#2520 = ORIENTED_EDGE('',*,*,#2521,.T.);
#2521 = EDGE_CURVE('',#2512,#1964,#2522,.T.);
#2522 = LINE('',#2523,#2524);
#2523 = CARTESIAN_POINT('',(-1.,-0.65,0.));
#2524 = VECTOR('',#2525,1.);
#2525 = DIRECTION('',(0.,0.,1.));
#2526 = ORIENTED_EDGE('',*,*,#1961,.F.);
#2527 = ORIENTED_EDGE('',*,*,#2528,.F.);
#2528 = EDGE_CURVE('',#2514,#1962,#2529,.T.);
#2529 = LINE('',#2530,#2531);
#2530 = CARTESIAN_POINT('',(-1.4,-0.65,0.));
#2531 = VECTOR('',#2532,1.);
#2532 = DIRECTION('',(0.,0.,1.));
#2533 = PLANE('',#2534);
#2534 = AXIS2_PLACEMENT_3D('',#2535,#2536,#2537);
#2535 = CARTESIAN_POINT('',(-1.,-0.65,0.));
#2536 = DIRECTION('',(-4.669739647545E-16,-1.,0.));
#2537 = DIRECTION('',(-1.,4.669739647545E-16,0.));
#2538 = ADVANCED_FACE('',(#2539),#2557,.F.);
#2539 = FACE_BOUND('',#2540,.F.);
#2540 = EDGE_LOOP('',(#2541,#2549,#2550,#2551));
#2541 = ORIENTED_EDGE('',*,*,#2542,.F.);
#2542 = EDGE_CURVE('',#2514,#2543,#2545,.T.);
#2543 = VERTEX_POINT('',#2544);
#2544 = CARTESIAN_POINT('',(-1.4,-0.85,0.));
#2545 = LINE('',#2546,#2547);
#2546 = CARTESIAN_POINT('',(-1.4,-0.65,0.));
#2547 = VECTOR('',#2548,1.);
#2548 = DIRECTION('',(-4.669739647545E-16,-1.,0.));
#2549 = ORIENTED_EDGE('',*,*,#2528,.T.);
#2550 = ORIENTED_EDGE('',*,*,#1987,.F.);
#2551 = ORIENTED_EDGE('',*,*,#2552,.F.);
#2552 = EDGE_CURVE('',#2543,#1980,#2553,.T.);
#2553 = LINE('',#2554,#2555);
#2554 = CARTESIAN_POINT('',(-1.4,-0.85,0.));
#2555 = VECTOR('',#2556,1.);
#2556 = DIRECTION('',(0.,0.,1.));
#2557 = PLANE('',#2558);
#2558 = AXIS2_PLACEMENT_3D('',#2559,#2560,#2561);
#2559 = CARTESIAN_POINT('',(-1.4,-0.65,0.));
#2560 = DIRECTION('',(1.,-4.669739647545E-16,0.));
#2561 = DIRECTION('',(-4.669739647545E-16,-1.,0.));
#2562 = ADVANCED_FACE('',(#2563),#2581,.F.);
#2563 = FACE_BOUND('',#2564,.F.);
#2564 = EDGE_LOOP('',(#2565,#2573,#2579,#2580));
#2565 = ORIENTED_EDGE('',*,*,#2566,.F.);
#2566 = EDGE_CURVE('',#2567,#2512,#2569,.T.);
#2567 = VERTEX_POINT('',#2568);
#2568 = CARTESIAN_POINT('',(-1.,-0.85,0.));
#2569 = LINE('',#2570,#2571);
#2570 = CARTESIAN_POINT('',(-1.,-0.85,0.));
#2571 = VECTOR('',#2572,1.);
#2572 = DIRECTION('',(4.669739647545E-16,1.,0.));
#2573 = ORIENTED_EDGE('',*,*,#2574,.T.);
#2574 = EDGE_CURVE('',#2567,#1972,#2575,.T.);
#2575 = LINE('',#2576,#2577);
#2576 = CARTESIAN_POINT('',(-1.,-0.85,0.));
#2577 = VECTOR('',#2578,1.);
#2578 = DIRECTION('',(0.,0.,1.));
#2579 = ORIENTED_EDGE('',*,*,#1971,.F.);
#2580 = ORIENTED_EDGE('',*,*,#2521,.F.);
#2581 = PLANE('',#2582);
#2582 = AXIS2_PLACEMENT_3D('',#2583,#2584,#2585);
#2583 = CARTESIAN_POINT('',(-1.,-0.85,0.));
#2584 = DIRECTION('',(-1.,4.669739647545E-16,0.));
#2585 = DIRECTION('',(4.669739647545E-16,1.,0.));
#2586 = ADVANCED_FACE('',(#2587),#2598,.F.);
#2587 = FACE_BOUND('',#2588,.F.);
#2588 = EDGE_LOOP('',(#2589,#2595,#2596,#2597));
#2589 = ORIENTED_EDGE('',*,*,#2590,.F.);
#2590 = EDGE_CURVE('',#2543,#2567,#2591,.T.);
#2591 = LINE('',#2592,#2593);
#2592 = CARTESIAN_POINT('',(-1.4,-0.85,0.));
#2593 = VECTOR('',#2594,1.);
#2594 = DIRECTION('',(1.,-4.669739647545E-16,0.));
#2595 = ORIENTED_EDGE('',*,*,#2552,.T.);
#2596 = ORIENTED_EDGE('',*,*,#1979,.F.);
#2597 = ORIENTED_EDGE('',*,*,#2574,.F.);
#2598 = PLANE('',#2599);
#2599 = AXIS2_PLACEMENT_3D('',#2600,#2601,#2602);
#2600 = CARTESIAN_POINT('',(-1.4,-0.85,0.));
#2601 = DIRECTION('',(4.669739647545E-16,1.,0.));
#2602 = DIRECTION('',(1.,-4.669739647545E-16,0.));
#2603 = ADVANCED_FACE('',(#2604),#2629,.F.);
#2604 = FACE_BOUND('',#2605,.F.);
#2605 = EDGE_LOOP('',(#2606,#2616,#2622,#2623));
#2606 = ORIENTED_EDGE('',*,*,#2607,.F.);
#2607 = EDGE_CURVE('',#2608,#2610,#2612,.T.);
#2608 = VERTEX_POINT('',#2609);
#2609 = CARTESIAN_POINT('',(0.1,-0.75,0.));
#2610 = VERTEX_POINT('',#2611);
#2611 = CARTESIAN_POINT('',(-0.1,-0.75,0.));
#2612 = LINE('',#2613,#2614);
#2613 = CARTESIAN_POINT('',(0.1,-0.75,0.));
#2614 = VECTOR('',#2615,1.);
#2615 = DIRECTION('',(-1.,5.665538897648E-16,0.));
#2616 = ORIENTED_EDGE('',*,*,#2617,.T.);
#2617 = EDGE_CURVE('',#2608,#1998,#2618,.T.);
#2618 = LINE('',#2619,#2620);
#2619 = CARTESIAN_POINT('',(0.1,-0.75,0.));
#2620 = VECTOR('',#2621,1.);
#2621 = DIRECTION('',(0.,0.,1.));
#2622 = ORIENTED_EDGE('',*,*,#1995,.F.);
#2623 = ORIENTED_EDGE('',*,*,#2624,.F.);
#2624 = EDGE_CURVE('',#2610,#1996,#2625,.T.);
#2625 = LINE('',#2626,#2627);
#2626 = CARTESIAN_POINT('',(-0.1,-0.75,0.));
#2627 = VECTOR('',#2628,1.);
#2628 = DIRECTION('',(0.,0.,1.));
#2629 = PLANE('',#2630);
#2630 = AXIS2_PLACEMENT_3D('',#2631,#2632,#2633);
#2631 = CARTESIAN_POINT('',(0.1,-0.75,0.));
#2632 = DIRECTION('',(-5.665538897648E-16,-1.,0.));
#2633 = DIRECTION('',(-1.,5.665538897648E-16,0.));
#2634 = ADVANCED_FACE('',(#2635),#2653,.F.);
#2635 = FACE_BOUND('',#2636,.F.);
#2636 = EDGE_LOOP('',(#2637,#2645,#2646,#2647));
#2637 = ORIENTED_EDGE('',*,*,#2638,.F.);
#2638 = EDGE_CURVE('',#2610,#2639,#2641,.T.);
#2639 = VERTEX_POINT('',#2640);
#2640 = CARTESIAN_POINT('',(-0.1,-1.15,0.));
#2641 = LINE('',#2642,#2643);
#2642 = CARTESIAN_POINT('',(-0.1,-0.75,0.));
#2643 = VECTOR('',#2644,1.);
#2644 = DIRECTION('',(-5.665538897648E-16,-1.,0.));
#2645 = ORIENTED_EDGE('',*,*,#2624,.T.);
#2646 = ORIENTED_EDGE('',*,*,#2021,.F.);
#2647 = ORIENTED_EDGE('',*,*,#2648,.F.);
#2648 = EDGE_CURVE('',#2639,#2014,#2649,.T.);
#2649 = LINE('',#2650,#2651);
#2650 = CARTESIAN_POINT('',(-0.1,-1.15,0.));
#2651 = VECTOR('',#2652,1.);
#2652 = DIRECTION('',(0.,0.,1.));
#2653 = PLANE('',#2654);
#2654 = AXIS2_PLACEMENT_3D('',#2655,#2656,#2657);
#2655 = CARTESIAN_POINT('',(-0.1,-0.75,0.));
#2656 = DIRECTION('',(1.,-5.665538897648E-16,0.));
#2657 = DIRECTION('',(-5.665538897648E-16,-1.,0.));
#2658 = ADVANCED_FACE('',(#2659),#2677,.F.);
#2659 = FACE_BOUND('',#2660,.F.);
#2660 = EDGE_LOOP('',(#2661,#2669,#2675,#2676));
#2661 = ORIENTED_EDGE('',*,*,#2662,.F.);
#2662 = EDGE_CURVE('',#2663,#2608,#2665,.T.);
#2663 = VERTEX_POINT('',#2664);
#2664 = CARTESIAN_POINT('',(0.1,-1.15,0.));
#2665 = LINE('',#2666,#2667);
#2666 = CARTESIAN_POINT('',(0.1,-1.15,0.));
#2667 = VECTOR('',#2668,1.);
#2668 = DIRECTION('',(5.665538897648E-16,1.,0.));
#2669 = ORIENTED_EDGE('',*,*,#2670,.T.);
#2670 = EDGE_CURVE('',#2663,#2006,#2671,.T.);
#2671 = LINE('',#2672,#2673);
#2672 = CARTESIAN_POINT('',(0.1,-1.15,0.));
#2673 = VECTOR('',#2674,1.);
#2674 = DIRECTION('',(0.,0.,1.));
#2675 = ORIENTED_EDGE('',*,*,#2005,.F.);
#2676 = ORIENTED_EDGE('',*,*,#2617,.F.);
#2677 = PLANE('',#2678);
#2678 = AXIS2_PLACEMENT_3D('',#2679,#2680,#2681);
#2679 = CARTESIAN_POINT('',(0.1,-1.15,0.));
#2680 = DIRECTION('',(-1.,5.665538897648E-16,0.));
#2681 = DIRECTION('',(5.665538897648E-16,1.,0.));
#2682 = ADVANCED_FACE('',(#2683),#2694,.F.);
#2683 = FACE_BOUND('',#2684,.F.);
#2684 = EDGE_LOOP('',(#2685,#2691,#2692,#2693));
#2685 = ORIENTED_EDGE('',*,*,#2686,.F.);
#2686 = EDGE_CURVE('',#2639,#2663,#2687,.T.);
#2687 = LINE('',#2688,#2689);
#2688 = CARTESIAN_POINT('',(-0.1,-1.15,0.));
#2689 = VECTOR('',#2690,1.);
#2690 = DIRECTION('',(1.,-5.665538897648E-16,0.));
#2691 = ORIENTED_EDGE('',*,*,#2648,.T.);
#2692 = ORIENTED_EDGE('',*,*,#2013,.F.);
#2693 = ORIENTED_EDGE('',*,*,#2670,.F.);
#2694 = PLANE('',#2695);
#2695 = AXIS2_PLACEMENT_3D('',#2696,#2697,#2698);
#2696 = CARTESIAN_POINT('',(-0.1,-1.15,0.));
#2697 = DIRECTION('',(5.665538897648E-16,1.,0.));
#2698 = DIRECTION('',(1.,-5.665538897648E-16,0.));
#2699 = ADVANCED_FACE('',(#2700),#2725,.F.);
#2700 = FACE_BOUND('',#2701,.F.);
#2701 = EDGE_LOOP('',(#2702,#2712,#2718,#2719));
#2702 = ORIENTED_EDGE('',*,*,#2703,.F.);
#2703 = EDGE_CURVE('',#2704,#2706,#2708,.T.);
#2704 = VERTEX_POINT('',#2705);
#2705 = CARTESIAN_POINT('',(-0.4,-0.75,0.));
#2706 = VERTEX_POINT('',#2707);
#2707 = CARTESIAN_POINT('',(-0.6,-0.75,0.));
#2708 = LINE('',#2709,#2710);
#2709 = CARTESIAN_POINT('',(-0.4,-0.75,0.));
#2710 = VECTOR('',#2711,1.);
#2711 = DIRECTION('',(-1.,5.665538897648E-16,0.));
#2712 = ORIENTED_EDGE('',*,*,#2713,.T.);
#2713 = EDGE_CURVE('',#2704,#2032,#2714,.T.);
#2714 = LINE('',#2715,#2716);
#2715 = CARTESIAN_POINT('',(-0.4,-0.75,0.));
#2716 = VECTOR('',#2717,1.);
#2717 = DIRECTION('',(0.,0.,1.));
#2718 = ORIENTED_EDGE('',*,*,#2029,.F.);
#2719 = ORIENTED_EDGE('',*,*,#2720,.F.);
#2720 = EDGE_CURVE('',#2706,#2030,#2721,.T.);
#2721 = LINE('',#2722,#2723);
#2722 = CARTESIAN_POINT('',(-0.6,-0.75,0.));
#2723 = VECTOR('',#2724,1.);
#2724 = DIRECTION('',(0.,0.,1.));
#2725 = PLANE('',#2726);
#2726 = AXIS2_PLACEMENT_3D('',#2727,#2728,#2729);
#2727 = CARTESIAN_POINT('',(-0.4,-0.75,0.));
#2728 = DIRECTION('',(-5.665538897648E-16,-1.,0.));
#2729 = DIRECTION('',(-1.,5.665538897648E-16,0.));
#2730 = ADVANCED_FACE('',(#2731),#2749,.F.);
#2731 = FACE_BOUND('',#2732,.F.);
#2732 = EDGE_LOOP('',(#2733,#2741,#2742,#2743));
#2733 = ORIENTED_EDGE('',*,*,#2734,.F.);
#2734 = EDGE_CURVE('',#2706,#2735,#2737,.T.);
#2735 = VERTEX_POINT('',#2736);
#2736 = CARTESIAN_POINT('',(-0.6,-1.15,0.));
#2737 = LINE('',#2738,#2739);
#2738 = CARTESIAN_POINT('',(-0.6,-0.75,0.));
#2739 = VECTOR('',#2740,1.);
#2740 = DIRECTION('',(-5.665538897648E-16,-1.,0.));
#2741 = ORIENTED_EDGE('',*,*,#2720,.T.);
#2742 = ORIENTED_EDGE('',*,*,#2055,.F.);
#2743 = ORIENTED_EDGE('',*,*,#2744,.F.);
#2744 = EDGE_CURVE('',#2735,#2048,#2745,.T.);
#2745 = LINE('',#2746,#2747);
#2746 = CARTESIAN_POINT('',(-0.6,-1.15,0.));
#2747 = VECTOR('',#2748,1.);
#2748 = DIRECTION('',(0.,0.,1.));
#2749 = PLANE('',#2750);
#2750 = AXIS2_PLACEMENT_3D('',#2751,#2752,#2753);
#2751 = CARTESIAN_POINT('',(-0.6,-0.75,0.));
#2752 = DIRECTION('',(1.,-5.665538897648E-16,0.));
#2753 = DIRECTION('',(-5.665538897648E-16,-1.,0.));
#2754 = ADVANCED_FACE('',(#2755),#2773,.F.);
#2755 = FACE_BOUND('',#2756,.F.);
#2756 = EDGE_LOOP('',(#2757,#2765,#2771,#2772));
#2757 = ORIENTED_EDGE('',*,*,#2758,.F.);
#2758 = EDGE_CURVE('',#2759,#2704,#2761,.T.);
#2759 = VERTEX_POINT('',#2760);
#2760 = CARTESIAN_POINT('',(-0.4,-1.15,0.));
#2761 = LINE('',#2762,#2763);
#2762 = CARTESIAN_POINT('',(-0.4,-1.15,0.));
#2763 = VECTOR('',#2764,1.);
#2764 = DIRECTION('',(5.665538897648E-16,1.,0.));
#2765 = ORIENTED_EDGE('',*,*,#2766,.T.);
#2766 = EDGE_CURVE('',#2759,#2040,#2767,.T.);
#2767 = LINE('',#2768,#2769);
#2768 = CARTESIAN_POINT('',(-0.4,-1.15,0.));
#2769 = VECTOR('',#2770,1.);
#2770 = DIRECTION('',(0.,0.,1.));
#2771 = ORIENTED_EDGE('',*,*,#2039,.F.);
#2772 = ORIENTED_EDGE('',*,*,#2713,.F.);
#2773 = PLANE('',#2774);
#2774 = AXIS2_PLACEMENT_3D('',#2775,#2776,#2777);
#2775 = CARTESIAN_POINT('',(-0.4,-1.15,0.));
#2776 = DIRECTION('',(-1.,5.665538897648E-16,0.));
#2777 = DIRECTION('',(5.665538897648E-16,1.,0.));
#2778 = ADVANCED_FACE('',(#2779),#2790,.F.);
#2779 = FACE_BOUND('',#2780,.F.);
#2780 = EDGE_LOOP('',(#2781,#2787,#2788,#2789));
#2781 = ORIENTED_EDGE('',*,*,#2782,.F.);
#2782 = EDGE_CURVE('',#2735,#2759,#2783,.T.);
#2783 = LINE('',#2784,#2785);
#2784 = CARTESIAN_POINT('',(-0.6,-1.15,0.));
#2785 = VECTOR('',#2786,1.);
#2786 = DIRECTION('',(1.,-5.665538897648E-16,0.));
#2787 = ORIENTED_EDGE('',*,*,#2744,.T.);
#2788 = ORIENTED_EDGE('',*,*,#2047,.F.);
#2789 = ORIENTED_EDGE('',*,*,#2766,.F.);
#2790 = PLANE('',#2791);
#2791 = AXIS2_PLACEMENT_3D('',#2792,#2793,#2794);
#2792 = CARTESIAN_POINT('',(-0.6,-1.15,0.));
#2793 = DIRECTION('',(5.665538897648E-16,1.,0.));
#2794 = DIRECTION('',(1.,-5.665538897648E-16,0.));
#2795 = ADVANCED_FACE('',(#2796),#2821,.F.);
#2796 = FACE_BOUND('',#2797,.F.);
#2797 = EDGE_LOOP('',(#2798,#2808,#2814,#2815));
#2798 = ORIENTED_EDGE('',*,*,#2799,.F.);
#2799 = EDGE_CURVE('',#2800,#2802,#2804,.T.);
#2800 = VERTEX_POINT('',#2801);
#2801 = CARTESIAN_POINT('',(1.,-0.65,0.));
#2802 = VERTEX_POINT('',#2803);
#2803 = CARTESIAN_POINT('',(1.,-0.85,0.));
#2804 = LINE('',#2805,#2806);
#2805 = CARTESIAN_POINT('',(1.,-0.65,0.));
#2806 = VECTOR('',#2807,1.);
#2807 = DIRECTION('',(-3.445092848398E-16,-1.,0.));
#2808 = ORIENTED_EDGE('',*,*,#2809,.T.);
#2809 = EDGE_CURVE('',#2800,#2066,#2810,.T.);
#2810 = LINE('',#2811,#2812);
#2811 = CARTESIAN_POINT('',(1.,-0.65,0.));
#2812 = VECTOR('',#2813,1.);
#2813 = DIRECTION('',(0.,0.,1.));
#2814 = ORIENTED_EDGE('',*,*,#2063,.F.);
#2815 = ORIENTED_EDGE('',*,*,#2816,.F.);
#2816 = EDGE_CURVE('',#2802,#2064,#2817,.T.);
#2817 = LINE('',#2818,#2819);
#2818 = CARTESIAN_POINT('',(1.,-0.85,0.));
#2819 = VECTOR('',#2820,1.);
#2820 = DIRECTION('',(0.,0.,1.));
#2821 = PLANE('',#2822);
#2822 = AXIS2_PLACEMENT_3D('',#2823,#2824,#2825);
#2823 = CARTESIAN_POINT('',(1.,-0.65,0.));
#2824 = DIRECTION('',(1.,-3.445092848398E-16,0.));
#2825 = DIRECTION('',(-3.445092848398E-16,-1.,0.));
#2826 = ADVANCED_FACE('',(#2827),#2845,.F.);
#2827 = FACE_BOUND('',#2828,.F.);
#2828 = EDGE_LOOP('',(#2829,#2837,#2838,#2839));
#2829 = ORIENTED_EDGE('',*,*,#2830,.F.);
#2830 = EDGE_CURVE('',#2802,#2831,#2833,.T.);
#2831 = VERTEX_POINT('',#2832);
#2832 = CARTESIAN_POINT('',(1.4,-0.85,0.));
#2833 = LINE('',#2834,#2835);
#2834 = CARTESIAN_POINT('',(1.,-0.85,0.));
#2835 = VECTOR('',#2836,1.);
#2836 = DIRECTION('',(1.,-3.445092848398E-16,0.));
#2837 = ORIENTED_EDGE('',*,*,#2816,.T.);
#2838 = ORIENTED_EDGE('',*,*,#2089,.F.);
#2839 = ORIENTED_EDGE('',*,*,#2840,.F.);
#2840 = EDGE_CURVE('',#2831,#2082,#2841,.T.);
#2841 = LINE('',#2842,#2843);
#2842 = CARTESIAN_POINT('',(1.4,-0.85,0.));
#2843 = VECTOR('',#2844,1.);
#2844 = DIRECTION('',(0.,0.,1.));
#2845 = PLANE('',#2846);
#2846 = AXIS2_PLACEMENT_3D('',#2847,#2848,#2849);
#2847 = CARTESIAN_POINT('',(1.,-0.85,0.));
#2848 = DIRECTION('',(3.445092848398E-16,1.,0.));
#2849 = DIRECTION('',(1.,-3.445092848398E-16,0.));
#2850 = ADVANCED_FACE('',(#2851),#2869,.F.);
#2851 = FACE_BOUND('',#2852,.F.);
#2852 = EDGE_LOOP('',(#2853,#2861,#2867,#2868));
#2853 = ORIENTED_EDGE('',*,*,#2854,.F.);
#2854 = EDGE_CURVE('',#2855,#2800,#2857,.T.);
#2855 = VERTEX_POINT('',#2856);
#2856 = CARTESIAN_POINT('',(1.4,-0.65,0.));
#2857 = LINE('',#2858,#2859);
#2858 = CARTESIAN_POINT('',(1.4,-0.65,0.));
#2859 = VECTOR('',#2860,1.);
#2860 = DIRECTION('',(-1.,3.445092848398E-16,0.));
#2861 = ORIENTED_EDGE('',*,*,#2862,.T.);
#2862 = EDGE_CURVE('',#2855,#2074,#2863,.T.);
#2863 = LINE('',#2864,#2865);
#2864 = CARTESIAN_POINT('',(1.4,-0.65,0.));
#2865 = VECTOR('',#2866,1.);
#2866 = DIRECTION('',(0.,0.,1.));
#2867 = ORIENTED_EDGE('',*,*,#2073,.F.);
#2868 = ORIENTED_EDGE('',*,*,#2809,.F.);
#2869 = PLANE('',#2870);
#2870 = AXIS2_PLACEMENT_3D('',#2871,#2872,#2873);
#2871 = CARTESIAN_POINT('',(1.4,-0.65,0.));
#2872 = DIRECTION('',(-3.445092848398E-16,-1.,0.));
#2873 = DIRECTION('',(-1.,3.445092848398E-16,0.));
#2874 = ADVANCED_FACE('',(#2875),#2886,.F.);
#2875 = FACE_BOUND('',#2876,.F.);
#2876 = EDGE_LOOP('',(#2877,#2883,#2884,#2885));
#2877 = ORIENTED_EDGE('',*,*,#2878,.F.);
#2878 = EDGE_CURVE('',#2831,#2855,#2879,.T.);
#2879 = LINE('',#2880,#2881);
#2880 = CARTESIAN_POINT('',(1.4,-0.85,0.));
#2881 = VECTOR('',#2882,1.);
#2882 = DIRECTION('',(3.445092848398E-16,1.,0.));
#2883 = ORIENTED_EDGE('',*,*,#2840,.T.);
#2884 = ORIENTED_EDGE('',*,*,#2081,.F.);
#2885 = ORIENTED_EDGE('',*,*,#2862,.F.);
#2886 = PLANE('',#2887);
#2887 = AXIS2_PLACEMENT_3D('',#2888,#2889,#2890);
#2888 = CARTESIAN_POINT('',(1.4,-0.85,0.));
#2889 = DIRECTION('',(-1.,3.445092848398E-16,0.));
#2890 = DIRECTION('',(3.445092848398E-16,1.,0.));
#2891 = ADVANCED_FACE('',(#2892),#2917,.F.);
#2892 = FACE_BOUND('',#2893,.F.);
#2893 = EDGE_LOOP('',(#2894,#2904,#2910,#2911));
#2894 = ORIENTED_EDGE('',*,*,#2895,.F.);
#2895 = EDGE_CURVE('',#2896,#2898,#2900,.T.);
#2896 = VERTEX_POINT('',#2897);
#2897 = CARTESIAN_POINT('',(0.6,-0.75,0.));
#2898 = VERTEX_POINT('',#2899);
#2899 = CARTESIAN_POINT('',(0.4,-0.75,0.));
#2900 = LINE('',#2901,#2902);
#2901 = CARTESIAN_POINT('',(0.6,-0.75,0.));
#2902 = VECTOR('',#2903,1.);
#2903 = DIRECTION('',(-1.,5.665538897648E-16,0.));
#2904 = ORIENTED_EDGE('',*,*,#2905,.T.);
#2905 = EDGE_CURVE('',#2896,#2100,#2906,.T.);
#2906 = LINE('',#2907,#2908);
#2907 = CARTESIAN_POINT('',(0.6,-0.75,0.));
#2908 = VECTOR('',#2909,1.);
#2909 = DIRECTION('',(0.,0.,1.));
#2910 = ORIENTED_EDGE('',*,*,#2097,.F.);
#2911 = ORIENTED_EDGE('',*,*,#2912,.F.);
#2912 = EDGE_CURVE('',#2898,#2098,#2913,.T.);
#2913 = LINE('',#2914,#2915);
#2914 = CARTESIAN_POINT('',(0.4,-0.75,0.));
#2915 = VECTOR('',#2916,1.);
#2916 = DIRECTION('',(0.,0.,1.));
#2917 = PLANE('',#2918);
#2918 = AXIS2_PLACEMENT_3D('',#2919,#2920,#2921);
#2919 = CARTESIAN_POINT('',(0.6,-0.75,0.));
#2920 = DIRECTION('',(-5.665538897648E-16,-1.,0.));
#2921 = DIRECTION('',(-1.,5.665538897648E-16,0.));
#2922 = ADVANCED_FACE('',(#2923),#2941,.F.);
#2923 = FACE_BOUND('',#2924,.F.);
#2924 = EDGE_LOOP('',(#2925,#2933,#2934,#2935));
#2925 = ORIENTED_EDGE('',*,*,#2926,.F.);
#2926 = EDGE_CURVE('',#2898,#2927,#2929,.T.);
#2927 = VERTEX_POINT('',#2928);
#2928 = CARTESIAN_POINT('',(0.4,-1.15,0.));
#2929 = LINE('',#2930,#2931);
#2930 = CARTESIAN_POINT('',(0.4,-0.75,0.));
#2931 = VECTOR('',#2932,1.);
#2932 = DIRECTION('',(-5.665538897648E-16,-1.,0.));
#2933 = ORIENTED_EDGE('',*,*,#2912,.T.);
#2934 = ORIENTED_EDGE('',*,*,#2123,.F.);
#2935 = ORIENTED_EDGE('',*,*,#2936,.F.);
#2936 = EDGE_CURVE('',#2927,#2116,#2937,.T.);
#2937 = LINE('',#2938,#2939);
#2938 = CARTESIAN_POINT('',(0.4,-1.15,0.));
#2939 = VECTOR('',#2940,1.);
#2940 = DIRECTION('',(0.,0.,1.));
#2941 = PLANE('',#2942);
#2942 = AXIS2_PLACEMENT_3D('',#2943,#2944,#2945);
#2943 = CARTESIAN_POINT('',(0.4,-0.75,0.));
#2944 = DIRECTION('',(1.,-5.665538897648E-16,0.));
#2945 = DIRECTION('',(-5.665538897648E-16,-1.,0.));
#2946 = ADVANCED_FACE('',(#2947),#2965,.F.);
#2947 = FACE_BOUND('',#2948,.F.);
#2948 = EDGE_LOOP('',(#2949,#2957,#2963,#2964));
#2949 = ORIENTED_EDGE('',*,*,#2950,.F.);
#2950 = EDGE_CURVE('',#2951,#2896,#2953,.T.);
#2951 = VERTEX_POINT('',#2952);
#2952 = CARTESIAN_POINT('',(0.6,-1.15,0.));
#2953 = LINE('',#2954,#2955);
#2954 = CARTESIAN_POINT('',(0.6,-1.15,0.));
#2955 = VECTOR('',#2956,1.);
#2956 = DIRECTION('',(5.665538897648E-16,1.,0.));
#2957 = ORIENTED_EDGE('',*,*,#2958,.T.);
#2958 = EDGE_CURVE('',#2951,#2108,#2959,.T.);
#2959 = LINE('',#2960,#2961);
#2960 = CARTESIAN_POINT('',(0.6,-1.15,0.));
#2961 = VECTOR('',#2962,1.);
#2962 = DIRECTION('',(0.,0.,1.));
#2963 = ORIENTED_EDGE('',*,*,#2107,.F.);
#2964 = ORIENTED_EDGE('',*,*,#2905,.F.);
#2965 = PLANE('',#2966);
#2966 = AXIS2_PLACEMENT_3D('',#2967,#2968,#2969);
#2967 = CARTESIAN_POINT('',(0.6,-1.15,0.));
#2968 = DIRECTION('',(-1.,5.665538897648E-16,0.));
#2969 = DIRECTION('',(5.665538897648E-16,1.,0.));
#2970 = ADVANCED_FACE('',(#2971),#2982,.F.);
#2971 = FACE_BOUND('',#2972,.F.);
#2972 = EDGE_LOOP('',(#2973,#2979,#2980,#2981));
#2973 = ORIENTED_EDGE('',*,*,#2974,.F.);
#2974 = EDGE_CURVE('',#2927,#2951,#2975,.T.);
#2975 = LINE('',#2976,#2977);
#2976 = CARTESIAN_POINT('',(0.4,-1.15,0.));
#2977 = VECTOR('',#2978,1.);
#2978 = DIRECTION('',(1.,-5.665538897648E-16,0.));
#2979 = ORIENTED_EDGE('',*,*,#2936,.T.);
#2980 = ORIENTED_EDGE('',*,*,#2115,.F.);
#2981 = ORIENTED_EDGE('',*,*,#2958,.F.);
#2982 = PLANE('',#2983);
#2983 = AXIS2_PLACEMENT_3D('',#2984,#2985,#2986);
#2984 = CARTESIAN_POINT('',(0.4,-1.15,0.));
#2985 = DIRECTION('',(5.665538897648E-16,1.,0.));
#2986 = DIRECTION('',(1.,-5.665538897648E-16,0.));
#2987 = ADVANCED_FACE('',(#2988),#3013,.F.);
#2988 = FACE_BOUND('',#2989,.F.);
#2989 = EDGE_LOOP('',(#2990,#3000,#3006,#3007));
#2990 = ORIENTED_EDGE('',*,*,#2991,.F.);
#2991 = EDGE_CURVE('',#2992,#2994,#2996,.T.);
#2992 = VERTEX_POINT('',#2993);
#2993 = CARTESIAN_POINT('',(-1.,0.15,0.));
#2994 = VERTEX_POINT('',#2995);
#2995 = CARTESIAN_POINT('',(-1.,0.35,0.));
#2996 = LINE('',#2997,#2998);
#2997 = CARTESIAN_POINT('',(-1.,0.15,0.));
#2998 = VECTOR('',#2999,1.);
#2999 = DIRECTION('',(4.669739647545E-16,1.,0.));
#3000 = ORIENTED_EDGE('',*,*,#3001,.T.);
#3001 = EDGE_CURVE('',#2992,#2134,#3002,.T.);
#3002 = LINE('',#3003,#3004);
#3003 = CARTESIAN_POINT('',(-1.,0.15,0.));
#3004 = VECTOR('',#3005,1.);
#3005 = DIRECTION('',(0.,0.,1.));
#3006 = ORIENTED_EDGE('',*,*,#2131,.F.);
#3007 = ORIENTED_EDGE('',*,*,#3008,.F.);
#3008 = EDGE_CURVE('',#2994,#2132,#3009,.T.);
#3009 = LINE('',#3010,#3011);
#3010 = CARTESIAN_POINT('',(-1.,0.35,0.));
#3011 = VECTOR('',#3012,1.);
#3012 = DIRECTION('',(0.,0.,1.));
#3013 = PLANE('',#3014);
#3014 = AXIS2_PLACEMENT_3D('',#3015,#3016,#3017);
#3015 = CARTESIAN_POINT('',(-1.,0.15,0.));
#3016 = DIRECTION('',(-1.,4.669739647545E-16,0.));
#3017 = DIRECTION('',(4.669739647545E-16,1.,0.));
#3018 = ADVANCED_FACE('',(#3019),#3037,.F.);
#3019 = FACE_BOUND('',#3020,.F.);
#3020 = EDGE_LOOP('',(#3021,#3029,#3030,#3031));
#3021 = ORIENTED_EDGE('',*,*,#3022,.F.);
#3022 = EDGE_CURVE('',#2994,#3023,#3025,.T.);
#3023 = VERTEX_POINT('',#3024);
#3024 = CARTESIAN_POINT('',(-1.4,0.35,0.));
#3025 = LINE('',#3026,#3027);
#3026 = CARTESIAN_POINT('',(-1.,0.35,0.));
#3027 = VECTOR('',#3028,1.);
#3028 = DIRECTION('',(-1.,4.669739647545E-16,0.));
#3029 = ORIENTED_EDGE('',*,*,#3008,.T.);
#3030 = ORIENTED_EDGE('',*,*,#2157,.F.);
#3031 = ORIENTED_EDGE('',*,*,#3032,.F.);
#3032 = EDGE_CURVE('',#3023,#2150,#3033,.T.);
#3033 = LINE('',#3034,#3035);
#3034 = CARTESIAN_POINT('',(-1.4,0.35,0.));
#3035 = VECTOR('',#3036,1.);
#3036 = DIRECTION('',(0.,0.,1.));
#3037 = PLANE('',#3038);
#3038 = AXIS2_PLACEMENT_3D('',#3039,#3040,#3041);
#3039 = CARTESIAN_POINT('',(-1.,0.35,0.));
#3040 = DIRECTION('',(-4.669739647545E-16,-1.,0.));
#3041 = DIRECTION('',(-1.,4.669739647545E-16,0.));
#3042 = ADVANCED_FACE('',(#3043),#3061,.F.);
#3043 = FACE_BOUND('',#3044,.F.);
#3044 = EDGE_LOOP('',(#3045,#3053,#3059,#3060));
#3045 = ORIENTED_EDGE('',*,*,#3046,.F.);
#3046 = EDGE_CURVE('',#3047,#2992,#3049,.T.);
#3047 = VERTEX_POINT('',#3048);
#3048 = CARTESIAN_POINT('',(-1.4,0.15,0.));
#3049 = LINE('',#3050,#3051);
#3050 = CARTESIAN_POINT('',(-1.4,0.15,0.));
#3051 = VECTOR('',#3052,1.);
#3052 = DIRECTION('',(1.,-4.669739647545E-16,0.));
#3053 = ORIENTED_EDGE('',*,*,#3054,.T.);
#3054 = EDGE_CURVE('',#3047,#2142,#3055,.T.);
#3055 = LINE('',#3056,#3057);
#3056 = CARTESIAN_POINT('',(-1.4,0.15,0.));
#3057 = VECTOR('',#3058,1.);
#3058 = DIRECTION('',(0.,0.,1.));
#3059 = ORIENTED_EDGE('',*,*,#2141,.F.);
#3060 = ORIENTED_EDGE('',*,*,#3001,.F.);
#3061 = PLANE('',#3062);
#3062 = AXIS2_PLACEMENT_3D('',#3063,#3064,#3065);
#3063 = CARTESIAN_POINT('',(-1.4,0.15,0.));
#3064 = DIRECTION('',(4.669739647545E-16,1.,0.));
#3065 = DIRECTION('',(1.,-4.669739647545E-16,0.));
#3066 = ADVANCED_FACE('',(#3067),#3078,.F.);
#3067 = FACE_BOUND('',#3068,.F.);
#3068 = EDGE_LOOP('',(#3069,#3075,#3076,#3077));
#3069 = ORIENTED_EDGE('',*,*,#3070,.F.);
#3070 = EDGE_CURVE('',#3023,#3047,#3071,.T.);
#3071 = LINE('',#3072,#3073);
#3072 = CARTESIAN_POINT('',(-1.4,0.35,0.));
#3073 = VECTOR('',#3074,1.);
#3074 = DIRECTION('',(-4.669739647545E-16,-1.,0.));
#3075 = ORIENTED_EDGE('',*,*,#3032,.T.);
#3076 = ORIENTED_EDGE('',*,*,#2149,.F.);
#3077 = ORIENTED_EDGE('',*,*,#3054,.F.);
#3078 = PLANE('',#3079);
#3079 = AXIS2_PLACEMENT_3D('',#3080,#3081,#3082);
#3080 = CARTESIAN_POINT('',(-1.4,0.35,0.));
#3081 = DIRECTION('',(1.,-4.669739647545E-16,0.));
#3082 = DIRECTION('',(-4.669739647545E-16,-1.,0.));
#3083 = ADVANCED_FACE('',(#3084),#3109,.F.);
#3084 = FACE_BOUND('',#3085,.F.);
#3085 = EDGE_LOOP('',(#3086,#3096,#3102,#3103));
#3086 = ORIENTED_EDGE('',*,*,#3087,.F.);
#3087 = EDGE_CURVE('',#3088,#3090,#3092,.T.);
#3088 = VERTEX_POINT('',#3089);
#3089 = CARTESIAN_POINT('',(-1.,-0.35,0.));
#3090 = VERTEX_POINT('',#3091);
#3091 = CARTESIAN_POINT('',(-1.,-0.15,0.));
#3092 = LINE('',#3093,#3094);
#3093 = CARTESIAN_POINT('',(-1.,-0.35,0.));
#3094 = VECTOR('',#3095,1.);
#3095 = DIRECTION('',(4.669739647545E-16,1.,0.));
#3096 = ORIENTED_EDGE('',*,*,#3097,.T.);
#3097 = EDGE_CURVE('',#3088,#2168,#3098,.T.);
#3098 = LINE('',#3099,#3100);
#3099 = CARTESIAN_POINT('',(-1.,-0.35,0.));
#3100 = VECTOR('',#3101,1.);
#3101 = DIRECTION('',(0.,0.,1.));
#3102 = ORIENTED_EDGE('',*,*,#2165,.F.);
#3103 = ORIENTED_EDGE('',*,*,#3104,.F.);
#3104 = EDGE_CURVE('',#3090,#2166,#3105,.T.);
#3105 = LINE('',#3106,#3107);
#3106 = CARTESIAN_POINT('',(-1.,-0.15,0.));
#3107 = VECTOR('',#3108,1.);
#3108 = DIRECTION('',(0.,0.,1.));
#3109 = PLANE('',#3110);
#3110 = AXIS2_PLACEMENT_3D('',#3111,#3112,#3113);
#3111 = CARTESIAN_POINT('',(-1.,-0.35,0.));
#3112 = DIRECTION('',(-1.,4.669739647545E-16,0.));
#3113 = DIRECTION('',(4.669739647545E-16,1.,0.));
#3114 = ADVANCED_FACE('',(#3115),#3133,.F.);
#3115 = FACE_BOUND('',#3116,.F.);
#3116 = EDGE_LOOP('',(#3117,#3125,#3126,#3127));
#3117 = ORIENTED_EDGE('',*,*,#3118,.F.);
#3118 = EDGE_CURVE('',#3090,#3119,#3121,.T.);
#3119 = VERTEX_POINT('',#3120);
#3120 = CARTESIAN_POINT('',(-1.4,-0.15,0.));
#3121 = LINE('',#3122,#3123);
#3122 = CARTESIAN_POINT('',(-1.,-0.15,0.));
#3123 = VECTOR('',#3124,1.);
#3124 = DIRECTION('',(-1.,4.669739647545E-16,0.));
#3125 = ORIENTED_EDGE('',*,*,#3104,.T.);
#3126 = ORIENTED_EDGE('',*,*,#2191,.F.);
#3127 = ORIENTED_EDGE('',*,*,#3128,.F.);
#3128 = EDGE_CURVE('',#3119,#2184,#3129,.T.);
#3129 = LINE('',#3130,#3131);
#3130 = CARTESIAN_POINT('',(-1.4,-0.15,0.));
#3131 = VECTOR('',#3132,1.);
#3132 = DIRECTION('',(0.,0.,1.));
#3133 = PLANE('',#3134);
#3134 = AXIS2_PLACEMENT_3D('',#3135,#3136,#3137);
#3135 = CARTESIAN_POINT('',(-1.,-0.15,0.));
#3136 = DIRECTION('',(-4.669739647545E-16,-1.,0.));
#3137 = DIRECTION('',(-1.,4.669739647545E-16,0.));
#3138 = ADVANCED_FACE('',(#3139),#3157,.F.);
#3139 = FACE_BOUND('',#3140,.F.);
#3140 = EDGE_LOOP('',(#3141,#3149,#3155,#3156));
#3141 = ORIENTED_EDGE('',*,*,#3142,.F.);
#3142 = EDGE_CURVE('',#3143,#3088,#3145,.T.);
#3143 = VERTEX_POINT('',#3144);
#3144 = CARTESIAN_POINT('',(-1.4,-0.35,0.));
#3145 = LINE('',#3146,#3147);
#3146 = CARTESIAN_POINT('',(-1.4,-0.35,0.));
#3147 = VECTOR('',#3148,1.);
#3148 = DIRECTION('',(1.,-4.669739647545E-16,0.));
#3149 = ORIENTED_EDGE('',*,*,#3150,.T.);
#3150 = EDGE_CURVE('',#3143,#2176,#3151,.T.);
#3151 = LINE('',#3152,#3153);
#3152 = CARTESIAN_POINT('',(-1.4,-0.35,0.));
#3153 = VECTOR('',#3154,1.);
#3154 = DIRECTION('',(0.,0.,1.));
#3155 = ORIENTED_EDGE('',*,*,#2175,.F.);
#3156 = ORIENTED_EDGE('',*,*,#3097,.F.);
#3157 = PLANE('',#3158);
#3158 = AXIS2_PLACEMENT_3D('',#3159,#3160,#3161);
#3159 = CARTESIAN_POINT('',(-1.4,-0.35,0.));
#3160 = DIRECTION('',(4.669739647545E-16,1.,0.));
#3161 = DIRECTION('',(1.,-4.669739647545E-16,0.));
#3162 = ADVANCED_FACE('',(#3163),#3174,.F.);
#3163 = FACE_BOUND('',#3164,.F.);
#3164 = EDGE_LOOP('',(#3165,#3171,#3172,#3173));
#3165 = ORIENTED_EDGE('',*,*,#3166,.F.);
#3166 = EDGE_CURVE('',#3119,#3143,#3167,.T.);
#3167 = LINE('',#3168,#3169);
#3168 = CARTESIAN_POINT('',(-1.4,-0.15,0.));
#3169 = VECTOR('',#3170,1.);
#3170 = DIRECTION('',(-4.669739647545E-16,-1.,0.));
#3171 = ORIENTED_EDGE('',*,*,#3128,.T.);
#3172 = ORIENTED_EDGE('',*,*,#2183,.F.);
#3173 = ORIENTED_EDGE('',*,*,#3150,.F.);
#3174 = PLANE('',#3175);
#3175 = AXIS2_PLACEMENT_3D('',#3176,#3177,#3178);
#3176 = CARTESIAN_POINT('',(-1.4,-0.15,0.));
#3177 = DIRECTION('',(1.,-4.669739647545E-16,0.));
#3178 = DIRECTION('',(-4.669739647545E-16,-1.,0.));
#3179 = ADVANCED_FACE('',(#3180),#3205,.F.);
#3180 = FACE_BOUND('',#3181,.F.);
#3181 = EDGE_LOOP('',(#3182,#3192,#3198,#3199));
#3182 = ORIENTED_EDGE('',*,*,#3183,.F.);
#3183 = EDGE_CURVE('',#3184,#3186,#3188,.T.);
#3184 = VERTEX_POINT('',#3185);
#3185 = CARTESIAN_POINT('',(1.4,-0.15,0.));
#3186 = VERTEX_POINT('',#3187);
#3187 = CARTESIAN_POINT('',(1.,-0.15,0.));
#3188 = LINE('',#3189,#3190);
#3189 = CARTESIAN_POINT('',(1.4,-0.15,0.));
#3190 = VECTOR('',#3191,1.);
#3191 = DIRECTION('',(-1.,3.445092848398E-16,0.));
#3192 = ORIENTED_EDGE('',*,*,#3193,.T.);
#3193 = EDGE_CURVE('',#3184,#2202,#3194,.T.);
#3194 = LINE('',#3195,#3196);
#3195 = CARTESIAN_POINT('',(1.4,-0.15,0.));
#3196 = VECTOR('',#3197,1.);
#3197 = DIRECTION('',(0.,0.,1.));
#3198 = ORIENTED_EDGE('',*,*,#2199,.F.);
#3199 = ORIENTED_EDGE('',*,*,#3200,.F.);
#3200 = EDGE_CURVE('',#3186,#2200,#3201,.T.);
#3201 = LINE('',#3202,#3203);
#3202 = CARTESIAN_POINT('',(1.,-0.15,0.));
#3203 = VECTOR('',#3204,1.);
#3204 = DIRECTION('',(0.,0.,1.));
#3205 = PLANE('',#3206);
#3206 = AXIS2_PLACEMENT_3D('',#3207,#3208,#3209);
#3207 = CARTESIAN_POINT('',(1.4,-0.15,0.));
#3208 = DIRECTION('',(-3.445092848398E-16,-1.,0.));
#3209 = DIRECTION('',(-1.,3.445092848398E-16,0.));
#3210 = ADVANCED_FACE('',(#3211),#3229,.F.);
#3211 = FACE_BOUND('',#3212,.F.);
#3212 = EDGE_LOOP('',(#3213,#3221,#3222,#3223));
#3213 = ORIENTED_EDGE('',*,*,#3214,.F.);
#3214 = EDGE_CURVE('',#3186,#3215,#3217,.T.);
#3215 = VERTEX_POINT('',#3216);
#3216 = CARTESIAN_POINT('',(1.,-0.35,0.));
#3217 = LINE('',#3218,#3219);
#3218 = CARTESIAN_POINT('',(1.,-0.15,0.));
#3219 = VECTOR('',#3220,1.);
#3220 = DIRECTION('',(-3.445092848398E-16,-1.,0.));
#3221 = ORIENTED_EDGE('',*,*,#3200,.T.);
#3222 = ORIENTED_EDGE('',*,*,#2225,.F.);
#3223 = ORIENTED_EDGE('',*,*,#3224,.F.);
#3224 = EDGE_CURVE('',#3215,#2218,#3225,.T.);
#3225 = LINE('',#3226,#3227);
#3226 = CARTESIAN_POINT('',(1.,-0.35,0.));
#3227 = VECTOR('',#3228,1.);
#3228 = DIRECTION('',(0.,0.,1.));
#3229 = PLANE('',#3230);
#3230 = AXIS2_PLACEMENT_3D('',#3231,#3232,#3233);
#3231 = CARTESIAN_POINT('',(1.,-0.15,0.));
#3232 = DIRECTION('',(1.,-3.445092848398E-16,0.));
#3233 = DIRECTION('',(-3.445092848398E-16,-1.,0.));
#3234 = ADVANCED_FACE('',(#3235),#3253,.F.);
#3235 = FACE_BOUND('',#3236,.F.);
#3236 = EDGE_LOOP('',(#3237,#3245,#3251,#3252));
#3237 = ORIENTED_EDGE('',*,*,#3238,.F.);
#3238 = EDGE_CURVE('',#3239,#3184,#3241,.T.);
#3239 = VERTEX_POINT('',#3240);
#3240 = CARTESIAN_POINT('',(1.4,-0.35,0.));
#3241 = LINE('',#3242,#3243);
#3242 = CARTESIAN_POINT('',(1.4,-0.35,0.));
#3243 = VECTOR('',#3244,1.);
#3244 = DIRECTION('',(3.445092848398E-16,1.,0.));
#3245 = ORIENTED_EDGE('',*,*,#3246,.T.);
#3246 = EDGE_CURVE('',#3239,#2210,#3247,.T.);
#3247 = LINE('',#3248,#3249);
#3248 = CARTESIAN_POINT('',(1.4,-0.35,0.));
#3249 = VECTOR('',#3250,1.);
#3250 = DIRECTION('',(0.,0.,1.));
#3251 = ORIENTED_EDGE('',*,*,#2209,.F.);
#3252 = ORIENTED_EDGE('',*,*,#3193,.F.);
#3253 = PLANE('',#3254);
#3254 = AXIS2_PLACEMENT_3D('',#3255,#3256,#3257);
#3255 = CARTESIAN_POINT('',(1.4,-0.35,0.));
#3256 = DIRECTION('',(-1.,3.445092848398E-16,0.));
#3257 = DIRECTION('',(3.445092848398E-16,1.,0.));
#3258 = ADVANCED_FACE('',(#3259),#3270,.F.);
#3259 = FACE_BOUND('',#3260,.F.);
#3260 = EDGE_LOOP('',(#3261,#3267,#3268,#3269));
#3261 = ORIENTED_EDGE('',*,*,#3262,.F.);
#3262 = EDGE_CURVE('',#3215,#3239,#3263,.T.);
#3263 = LINE('',#3264,#3265);
#3264 = CARTESIAN_POINT('',(1.,-0.35,0.));
#3265 = VECTOR('',#3266,1.);
#3266 = DIRECTION('',(1.,-3.445092848398E-16,0.));
#3267 = ORIENTED_EDGE('',*,*,#3224,.T.);
#3268 = ORIENTED_EDGE('',*,*,#2217,.F.);
#3269 = ORIENTED_EDGE('',*,*,#3246,.F.);
#3270 = PLANE('',#3271);
#3271 = AXIS2_PLACEMENT_3D('',#3272,#3273,#3274);
#3272 = CARTESIAN_POINT('',(1.,-0.35,0.));
#3273 = DIRECTION('',(3.445092848398E-16,1.,0.));
#3274 = DIRECTION('',(1.,-3.445092848398E-16,0.));
#3275 = ADVANCED_FACE('',(#3276),#3301,.F.);
#3276 = FACE_BOUND('',#3277,.F.);
#3277 = EDGE_LOOP('',(#3278,#3288,#3294,#3295));
#3278 = ORIENTED_EDGE('',*,*,#3279,.F.);
#3279 = EDGE_CURVE('',#3280,#3282,#3284,.T.);
#3280 = VERTEX_POINT('',#3281);
#3281 = CARTESIAN_POINT('',(1.,0.15,0.));
#3282 = VERTEX_POINT('',#3283);
#3283 = CARTESIAN_POINT('',(1.4,0.15,0.));
#3284 = LINE('',#3285,#3286);
#3285 = CARTESIAN_POINT('',(1.,0.15,0.));
#3286 = VECTOR('',#3287,1.);
#3287 = DIRECTION('',(1.,-3.445092848398E-16,0.));
#3288 = ORIENTED_EDGE('',*,*,#3289,.T.);
#3289 = EDGE_CURVE('',#3280,#2236,#3290,.T.);
#3290 = LINE('',#3291,#3292);
#3291 = CARTESIAN_POINT('',(1.,0.15,0.));
#3292 = VECTOR('',#3293,1.);
#3293 = DIRECTION('',(0.,0.,1.));
#3294 = ORIENTED_EDGE('',*,*,#2233,.F.);
#3295 = ORIENTED_EDGE('',*,*,#3296,.F.);
#3296 = EDGE_CURVE('',#3282,#2234,#3297,.T.);
#3297 = LINE('',#3298,#3299);
#3298 = CARTESIAN_POINT('',(1.4,0.15,0.));
#3299 = VECTOR('',#3300,1.);
#3300 = DIRECTION('',(0.,0.,1.));
#3301 = PLANE('',#3302);
#3302 = AXIS2_PLACEMENT_3D('',#3303,#3304,#3305);
#3303 = CARTESIAN_POINT('',(1.,0.15,0.));
#3304 = DIRECTION('',(3.445092848398E-16,1.,0.));
#3305 = DIRECTION('',(1.,-3.445092848398E-16,0.));
#3306 = ADVANCED_FACE('',(#3307),#3325,.F.);
#3307 = FACE_BOUND('',#3308,.F.);
#3308 = EDGE_LOOP('',(#3309,#3317,#3318,#3319));
#3309 = ORIENTED_EDGE('',*,*,#3310,.F.);
#3310 = EDGE_CURVE('',#3282,#3311,#3313,.T.);
#3311 = VERTEX_POINT('',#3312);
#3312 = CARTESIAN_POINT('',(1.4,0.35,0.));
#3313 = LINE('',#3314,#3315);
#3314 = CARTESIAN_POINT('',(1.4,0.15,0.));
#3315 = VECTOR('',#3316,1.);
#3316 = DIRECTION('',(3.445092848398E-16,1.,0.));
#3317 = ORIENTED_EDGE('',*,*,#3296,.T.);
#3318 = ORIENTED_EDGE('',*,*,#2259,.F.);
#3319 = ORIENTED_EDGE('',*,*,#3320,.F.);
#3320 = EDGE_CURVE('',#3311,#2252,#3321,.T.);
#3321 = LINE('',#3322,#3323);
#3322 = CARTESIAN_POINT('',(1.4,0.35,0.));
#3323 = VECTOR('',#3324,1.);
#3324 = DIRECTION('',(0.,0.,1.));
#3325 = PLANE('',#3326);
#3326 = AXIS2_PLACEMENT_3D('',#3327,#3328,#3329);
#3327 = CARTESIAN_POINT('',(1.4,0.15,0.));
#3328 = DIRECTION('',(-1.,3.445092848398E-16,0.));
#3329 = DIRECTION('',(3.445092848398E-16,1.,0.));
#3330 = ADVANCED_FACE('',(#3331),#3349,.F.);
#3331 = FACE_BOUND('',#3332,.F.);
#3332 = EDGE_LOOP('',(#3333,#3341,#3347,#3348));
#3333 = ORIENTED_EDGE('',*,*,#3334,.F.);
#3334 = EDGE_CURVE('',#3335,#3280,#3337,.T.);
#3335 = VERTEX_POINT('',#3336);
#3336 = CARTESIAN_POINT('',(1.,0.35,0.));
#3337 = LINE('',#3338,#3339);
#3338 = CARTESIAN_POINT('',(1.,0.35,0.));
#3339 = VECTOR('',#3340,1.);
#3340 = DIRECTION('',(-3.445092848398E-16,-1.,0.));
#3341 = ORIENTED_EDGE('',*,*,#3342,.T.);
#3342 = EDGE_CURVE('',#3335,#2244,#3343,.T.);
#3343 = LINE('',#3344,#3345);
#3344 = CARTESIAN_POINT('',(1.,0.35,0.));
#3345 = VECTOR('',#3346,1.);
#3346 = DIRECTION('',(0.,0.,1.));
#3347 = ORIENTED_EDGE('',*,*,#2243,.F.);
#3348 = ORIENTED_EDGE('',*,*,#3289,.F.);
#3349 = PLANE('',#3350);
#3350 = AXIS2_PLACEMENT_3D('',#3351,#3352,#3353);
#3351 = CARTESIAN_POINT('',(1.,0.35,0.));
#3352 = DIRECTION('',(1.,-3.445092848398E-16,0.));
#3353 = DIRECTION('',(-3.445092848398E-16,-1.,0.));
#3354 = ADVANCED_FACE('',(#3355),#3366,.F.);
#3355 = FACE_BOUND('',#3356,.F.);
#3356 = EDGE_LOOP('',(#3357,#3363,#3364,#3365));
#3357 = ORIENTED_EDGE('',*,*,#3358,.F.);
#3358 = EDGE_CURVE('',#3311,#3335,#3359,.T.);
#3359 = LINE('',#3360,#3361);
#3360 = CARTESIAN_POINT('',(1.4,0.35,0.));
#3361 = VECTOR('',#3362,1.);
#3362 = DIRECTION('',(-1.,3.445092848398E-16,0.));
#3363 = ORIENTED_EDGE('',*,*,#3320,.T.);
#3364 = ORIENTED_EDGE('',*,*,#2251,.F.);
#3365 = ORIENTED_EDGE('',*,*,#3342,.F.);
#3366 = PLANE('',#3367);
#3367 = AXIS2_PLACEMENT_3D('',#3368,#3369,#3370);
#3368 = CARTESIAN_POINT('',(1.4,0.35,0.));
#3369 = DIRECTION('',(-3.445092848398E-16,-1.,0.));
#3370 = DIRECTION('',(-1.,3.445092848398E-16,0.));
#3371 = ADVANCED_FACE('',(#3372),#3397,.F.);
#3372 = FACE_BOUND('',#3373,.F.);
#3373 = EDGE_LOOP('',(#3374,#3384,#3390,#3391));
#3374 = ORIENTED_EDGE('',*,*,#3375,.F.);
#3375 = EDGE_CURVE('',#3376,#3378,#3380,.T.);
#3376 = VERTEX_POINT('',#3377);
#3377 = CARTESIAN_POINT('',(0.6,1.15,0.));
#3378 = VERTEX_POINT('',#3379);
#3379 = CARTESIAN_POINT('',(0.4,1.15,0.));
#3380 = LINE('',#3381,#3382);
#3381 = CARTESIAN_POINT('',(0.6,1.15,0.));
#3382 = VECTOR('',#3383,1.);
#3383 = DIRECTION('',(-1.,4.555315873023E-16,0.));
#3384 = ORIENTED_EDGE('',*,*,#3385,.T.);
#3385 = EDGE_CURVE('',#3376,#2270,#3386,.T.);
#3386 = LINE('',#3387,#3388);
#3387 = CARTESIAN_POINT('',(0.6,1.15,0.));
#3388 = VECTOR('',#3389,1.);
#3389 = DIRECTION('',(0.,0.,1.));
#3390 = ORIENTED_EDGE('',*,*,#2267,.F.);
#3391 = ORIENTED_EDGE('',*,*,#3392,.F.);
#3392 = EDGE_CURVE('',#3378,#2268,#3393,.T.);
#3393 = LINE('',#3394,#3395);
#3394 = CARTESIAN_POINT('',(0.4,1.15,0.));
#3395 = VECTOR('',#3396,1.);
#3396 = DIRECTION('',(0.,0.,1.));
#3397 = PLANE('',#3398);
#3398 = AXIS2_PLACEMENT_3D('',#3399,#3400,#3401);
#3399 = CARTESIAN_POINT('',(0.6,1.15,0.));
#3400 = DIRECTION('',(-4.555315873023E-16,-1.,0.));
#3401 = DIRECTION('',(-1.,4.555315873023E-16,0.));
#3402 = ADVANCED_FACE('',(#3403),#3421,.F.);
#3403 = FACE_BOUND('',#3404,.F.);
#3404 = EDGE_LOOP('',(#3405,#3413,#3414,#3415));
#3405 = ORIENTED_EDGE('',*,*,#3406,.F.);
#3406 = EDGE_CURVE('',#3378,#3407,#3409,.T.);
#3407 = VERTEX_POINT('',#3408);
#3408 = CARTESIAN_POINT('',(0.4,0.75,0.));
#3409 = LINE('',#3410,#3411);
#3410 = CARTESIAN_POINT('',(0.4,1.15,0.));
#3411 = VECTOR('',#3412,1.);
#3412 = DIRECTION('',(-4.555315873023E-16,-1.,0.));
#3413 = ORIENTED_EDGE('',*,*,#3392,.T.);
#3414 = ORIENTED_EDGE('',*,*,#2293,.F.);
#3415 = ORIENTED_EDGE('',*,*,#3416,.F.);
#3416 = EDGE_CURVE('',#3407,#2286,#3417,.T.);
#3417 = LINE('',#3418,#3419);
#3418 = CARTESIAN_POINT('',(0.4,0.75,0.));
#3419 = VECTOR('',#3420,1.);
#3420 = DIRECTION('',(0.,0.,1.));
#3421 = PLANE('',#3422);
#3422 = AXIS2_PLACEMENT_3D('',#3423,#3424,#3425);
#3423 = CARTESIAN_POINT('',(0.4,1.15,0.));
#3424 = DIRECTION('',(1.,-4.555315873023E-16,0.));
#3425 = DIRECTION('',(-4.555315873023E-16,-1.,0.));
#3426 = ADVANCED_FACE('',(#3427),#3445,.F.);
#3427 = FACE_BOUND('',#3428,.F.);
#3428 = EDGE_LOOP('',(#3429,#3437,#3443,#3444));
#3429 = ORIENTED_EDGE('',*,*,#3430,.F.);
#3430 = EDGE_CURVE('',#3431,#3376,#3433,.T.);
#3431 = VERTEX_POINT('',#3432);
#3432 = CARTESIAN_POINT('',(0.6,0.75,0.));
#3433 = LINE('',#3434,#3435);
#3434 = CARTESIAN_POINT('',(0.6,0.75,0.));
#3435 = VECTOR('',#3436,1.);
#3436 = DIRECTION('',(4.555315873023E-16,1.,0.));
#3437 = ORIENTED_EDGE('',*,*,#3438,.T.);
#3438 = EDGE_CURVE('',#3431,#2278,#3439,.T.);
#3439 = LINE('',#3440,#3441);
#3440 = CARTESIAN_POINT('',(0.6,0.75,0.));
#3441 = VECTOR('',#3442,1.);
#3442 = DIRECTION('',(0.,0.,1.));
#3443 = ORIENTED_EDGE('',*,*,#2277,.F.);
#3444 = ORIENTED_EDGE('',*,*,#3385,.F.);
#3445 = PLANE('',#3446);
#3446 = AXIS2_PLACEMENT_3D('',#3447,#3448,#3449);
#3447 = CARTESIAN_POINT('',(0.6,0.75,0.));
#3448 = DIRECTION('',(-1.,4.555315873023E-16,0.));
#3449 = DIRECTION('',(4.555315873023E-16,1.,0.));
#3450 = ADVANCED_FACE('',(#3451),#3462,.F.);
#3451 = FACE_BOUND('',#3452,.F.);
#3452 = EDGE_LOOP('',(#3453,#3459,#3460,#3461));
#3453 = ORIENTED_EDGE('',*,*,#3454,.F.);
#3454 = EDGE_CURVE('',#3407,#3431,#3455,.T.);
#3455 = LINE('',#3456,#3457);
#3456 = CARTESIAN_POINT('',(0.4,0.75,0.));
#3457 = VECTOR('',#3458,1.);
#3458 = DIRECTION('',(1.,-4.555315873023E-16,0.));
#3459 = ORIENTED_EDGE('',*,*,#3416,.T.);
#3460 = ORIENTED_EDGE('',*,*,#2285,.F.);
#3461 = ORIENTED_EDGE('',*,*,#3438,.F.);
#3462 = PLANE('',#3463);
#3463 = AXIS2_PLACEMENT_3D('',#3464,#3465,#3466);
#3464 = CARTESIAN_POINT('',(0.4,0.75,0.));
#3465 = DIRECTION('',(4.555315873023E-16,1.,0.));
#3466 = DIRECTION('',(1.,-4.555315873023E-16,0.));
#3467 = ADVANCED_FACE('',(#3468),#3493,.F.);
#3468 = FACE_BOUND('',#3469,.F.);
#3469 = EDGE_LOOP('',(#3470,#3480,#3486,#3487));
#3470 = ORIENTED_EDGE('',*,*,#3471,.F.);
#3471 = EDGE_CURVE('',#3472,#3474,#3476,.T.);
#3472 = VERTEX_POINT('',#3473);
#3473 = CARTESIAN_POINT('',(0.1,1.15,0.));
#3474 = VERTEX_POINT('',#3475);
#3475 = CARTESIAN_POINT('',(-0.1,1.15,0.));
#3476 = LINE('',#3477,#3478);
#3477 = CARTESIAN_POINT('',(0.1,1.15,0.));
#3478 = VECTOR('',#3479,1.);
#3479 = DIRECTION('',(-1.,4.555315873023E-16,0.));
#3480 = ORIENTED_EDGE('',*,*,#3481,.T.);
#3481 = EDGE_CURVE('',#3472,#2310,#3482,.T.);
#3482 = LINE('',#3483,#3484);
#3483 = CARTESIAN_POINT('',(0.1,1.15,0.));
#3484 = VECTOR('',#3485,1.);
#3485 = DIRECTION('',(0.,0.,1.));
#3486 = ORIENTED_EDGE('',*,*,#2307,.F.);
#3487 = ORIENTED_EDGE('',*,*,#3488,.F.);
#3488 = EDGE_CURVE('',#3474,#2308,#3489,.T.);
#3489 = LINE('',#3490,#3491);
#3490 = CARTESIAN_POINT('',(-0.1,1.15,0.));
#3491 = VECTOR('',#3492,1.);
#3492 = DIRECTION('',(0.,0.,1.));
#3493 = PLANE('',#3494);
#3494 = AXIS2_PLACEMENT_3D('',#3495,#3496,#3497);
#3495 = CARTESIAN_POINT('',(0.1,1.15,0.));
#3496 = DIRECTION('',(-4.555315873023E-16,-1.,0.));
#3497 = DIRECTION('',(-1.,4.555315873023E-16,0.));
#3498 = ADVANCED_FACE('',(#3499),#3517,.F.);
#3499 = FACE_BOUND('',#3500,.F.);
#3500 = EDGE_LOOP('',(#3501,#3509,#3510,#3511));
#3501 = ORIENTED_EDGE('',*,*,#3502,.F.);
#3502 = EDGE_CURVE('',#3474,#3503,#3505,.T.);
#3503 = VERTEX_POINT('',#3504);
#3504 = CARTESIAN_POINT('',(-0.1,0.75,0.));
#3505 = LINE('',#3506,#3507);
#3506 = CARTESIAN_POINT('',(-0.1,1.15,0.));
#3507 = VECTOR('',#3508,1.);
#3508 = DIRECTION('',(-4.555315873023E-16,-1.,0.));
#3509 = ORIENTED_EDGE('',*,*,#3488,.T.);
#3510 = ORIENTED_EDGE('',*,*,#2333,.F.);
#3511 = ORIENTED_EDGE('',*,*,#3512,.F.);
#3512 = EDGE_CURVE('',#3503,#2326,#3513,.T.);
#3513 = LINE('',#3514,#3515);
#3514 = CARTESIAN_POINT('',(-0.1,0.75,0.));
#3515 = VECTOR('',#3516,1.);
#3516 = DIRECTION('',(0.,0.,1.));
#3517 = PLANE('',#3518);
#3518 = AXIS2_PLACEMENT_3D('',#3519,#3520,#3521);
#3519 = CARTESIAN_POINT('',(-0.1,1.15,0.));
#3520 = DIRECTION('',(1.,-4.555315873023E-16,0.));
#3521 = DIRECTION('',(-4.555315873023E-16,-1.,0.));
#3522 = ADVANCED_FACE('',(#3523),#3541,.F.);
#3523 = FACE_BOUND('',#3524,.F.);
#3524 = EDGE_LOOP('',(#3525,#3533,#3539,#3540));
#3525 = ORIENTED_EDGE('',*,*,#3526,.F.);
#3526 = EDGE_CURVE('',#3527,#3472,#3529,.T.);
#3527 = VERTEX_POINT('',#3528);
#3528 = CARTESIAN_POINT('',(0.1,0.75,0.));
#3529 = LINE('',#3530,#3531);
#3530 = CARTESIAN_POINT('',(0.1,0.75,0.));
#3531 = VECTOR('',#3532,1.);
#3532 = DIRECTION('',(4.555315873023E-16,1.,0.));
#3533 = ORIENTED_EDGE('',*,*,#3534,.T.);
#3534 = EDGE_CURVE('',#3527,#2318,#3535,.T.);
#3535 = LINE('',#3536,#3537);
#3536 = CARTESIAN_POINT('',(0.1,0.75,0.));
#3537 = VECTOR('',#3538,1.);
#3538 = DIRECTION('',(0.,0.,1.));
#3539 = ORIENTED_EDGE('',*,*,#2317,.F.);
#3540 = ORIENTED_EDGE('',*,*,#3481,.F.);
#3541 = PLANE('',#3542);
#3542 = AXIS2_PLACEMENT_3D('',#3543,#3544,#3545);
#3543 = CARTESIAN_POINT('',(0.1,0.75,0.));
#3544 = DIRECTION('',(-1.,4.555315873023E-16,0.));
#3545 = DIRECTION('',(4.555315873023E-16,1.,0.));
#3546 = ADVANCED_FACE('',(#3547),#3558,.F.);
#3547 = FACE_BOUND('',#3548,.F.);
#3548 = EDGE_LOOP('',(#3549,#3555,#3556,#3557));
#3549 = ORIENTED_EDGE('',*,*,#3550,.F.);
#3550 = EDGE_CURVE('',#3503,#3527,#3551,.T.);
#3551 = LINE('',#3552,#3553);
#3552 = CARTESIAN_POINT('',(-0.1,0.75,0.));
#3553 = VECTOR('',#3554,1.);
#3554 = DIRECTION('',(1.,-4.555315873023E-16,0.));
#3555 = ORIENTED_EDGE('',*,*,#3512,.T.);
#3556 = ORIENTED_EDGE('',*,*,#2325,.F.);
#3557 = ORIENTED_EDGE('',*,*,#3534,.F.);
#3558 = PLANE('',#3559);
#3559 = AXIS2_PLACEMENT_3D('',#3560,#3561,#3562);
#3560 = CARTESIAN_POINT('',(-0.1,0.75,0.));
#3561 = DIRECTION('',(4.555315873023E-16,1.,0.));
#3562 = DIRECTION('',(1.,-4.555315873023E-16,0.));
#3563 = ADVANCED_FACE('',(#3564),#3589,.F.);
#3564 = FACE_BOUND('',#3565,.F.);
#3565 = EDGE_LOOP('',(#3566,#3576,#3582,#3583));
#3566 = ORIENTED_EDGE('',*,*,#3567,.F.);
#3567 = EDGE_CURVE('',#3568,#3570,#3572,.T.);
#3568 = VERTEX_POINT('',#3569);
#3569 = CARTESIAN_POINT('',(1.,0.85,0.));
#3570 = VERTEX_POINT('',#3571);
#3571 = CARTESIAN_POINT('',(1.,0.65,0.));
#3572 = LINE('',#3573,#3574);
#3573 = CARTESIAN_POINT('',(1.,0.85,0.));
#3574 = VECTOR('',#3575,1.);
#3575 = DIRECTION('',(-3.445092848398E-16,-1.,0.));
#3576 = ORIENTED_EDGE('',*,*,#3577,.T.);
#3577 = EDGE_CURVE('',#3568,#2344,#3578,.T.);
#3578 = LINE('',#3579,#3580);
#3579 = CARTESIAN_POINT('',(1.,0.85,0.));
#3580 = VECTOR('',#3581,1.);
#3581 = DIRECTION('',(0.,0.,1.));
#3582 = ORIENTED_EDGE('',*,*,#2341,.F.);
#3583 = ORIENTED_EDGE('',*,*,#3584,.F.);
#3584 = EDGE_CURVE('',#3570,#2342,#3585,.T.);
#3585 = LINE('',#3586,#3587);
#3586 = CARTESIAN_POINT('',(1.,0.65,0.));
#3587 = VECTOR('',#3588,1.);
#3588 = DIRECTION('',(0.,0.,1.));
#3589 = PLANE('',#3590);
#3590 = AXIS2_PLACEMENT_3D('',#3591,#3592,#3593);
#3591 = CARTESIAN_POINT('',(1.,0.85,0.));
#3592 = DIRECTION('',(1.,-3.445092848398E-16,0.));
#3593 = DIRECTION('',(-3.445092848398E-16,-1.,0.));
#3594 = ADVANCED_FACE('',(#3595),#3613,.F.);
#3595 = FACE_BOUND('',#3596,.F.);
#3596 = EDGE_LOOP('',(#3597,#3605,#3606,#3607));
#3597 = ORIENTED_EDGE('',*,*,#3598,.F.);
#3598 = EDGE_CURVE('',#3570,#3599,#3601,.T.);
#3599 = VERTEX_POINT('',#3600);
#3600 = CARTESIAN_POINT('',(1.4,0.65,0.));
#3601 = LINE('',#3602,#3603);
#3602 = CARTESIAN_POINT('',(1.,0.65,0.));
#3603 = VECTOR('',#3604,1.);
#3604 = DIRECTION('',(1.,-3.445092848398E-16,0.));
#3605 = ORIENTED_EDGE('',*,*,#3584,.T.);
#3606 = ORIENTED_EDGE('',*,*,#2367,.F.);
#3607 = ORIENTED_EDGE('',*,*,#3608,.F.);
#3608 = EDGE_CURVE('',#3599,#2360,#3609,.T.);
#3609 = LINE('',#3610,#3611);
#3610 = CARTESIAN_POINT('',(1.4,0.65,0.));
#3611 = VECTOR('',#3612,1.);
#3612 = DIRECTION('',(0.,0.,1.));
#3613 = PLANE('',#3614);
#3614 = AXIS2_PLACEMENT_3D('',#3615,#3616,#3617);
#3615 = CARTESIAN_POINT('',(1.,0.65,0.));
#3616 = DIRECTION('',(3.445092848398E-16,1.,0.));
#3617 = DIRECTION('',(1.,-3.445092848398E-16,0.));
#3618 = ADVANCED_FACE('',(#3619),#3637,.F.);
#3619 = FACE_BOUND('',#3620,.F.);
#3620 = EDGE_LOOP('',(#3621,#3629,#3635,#3636));
#3621 = ORIENTED_EDGE('',*,*,#3622,.F.);
#3622 = EDGE_CURVE('',#3623,#3568,#3625,.T.);
#3623 = VERTEX_POINT('',#3624);
#3624 = CARTESIAN_POINT('',(1.4,0.85,0.));
#3625 = LINE('',#3626,#3627);
#3626 = CARTESIAN_POINT('',(1.4,0.85,0.));
#3627 = VECTOR('',#3628,1.);
#3628 = DIRECTION('',(-1.,3.445092848398E-16,0.));
#3629 = ORIENTED_EDGE('',*,*,#3630,.T.);
#3630 = EDGE_CURVE('',#3623,#2352,#3631,.T.);
#3631 = LINE('',#3632,#3633);
#3632 = CARTESIAN_POINT('',(1.4,0.85,0.));
#3633 = VECTOR('',#3634,1.);
#3634 = DIRECTION('',(0.,0.,1.));
#3635 = ORIENTED_EDGE('',*,*,#2351,.F.);
#3636 = ORIENTED_EDGE('',*,*,#3577,.F.);
#3637 = PLANE('',#3638);
#3638 = AXIS2_PLACEMENT_3D('',#3639,#3640,#3641);
#3639 = CARTESIAN_POINT('',(1.4,0.85,0.));
#3640 = DIRECTION('',(-3.445092848398E-16,-1.,0.));
#3641 = DIRECTION('',(-1.,3.445092848398E-16,0.));
#3642 = ADVANCED_FACE('',(#3643),#3654,.F.);
#3643 = FACE_BOUND('',#3644,.F.);
#3644 = EDGE_LOOP('',(#3645,#3651,#3652,#3653));
#3645 = ORIENTED_EDGE('',*,*,#3646,.F.);
#3646 = EDGE_CURVE('',#3599,#3623,#3647,.T.);
#3647 = LINE('',#3648,#3649);
#3648 = CARTESIAN_POINT('',(1.4,0.65,0.));
#3649 = VECTOR('',#3650,1.);
#3650 = DIRECTION('',(3.445092848398E-16,1.,0.));
#3651 = ORIENTED_EDGE('',*,*,#3608,.T.);
#3652 = ORIENTED_EDGE('',*,*,#2359,.F.);
#3653 = ORIENTED_EDGE('',*,*,#3630,.F.);
#3654 = PLANE('',#3655);
#3655 = AXIS2_PLACEMENT_3D('',#3656,#3657,#3658);
#3656 = CARTESIAN_POINT('',(1.4,0.65,0.));
#3657 = DIRECTION('',(-1.,3.445092848398E-16,0.));
#3658 = DIRECTION('',(3.445092848398E-16,1.,0.));
#3659 = ADVANCED_FACE('',(#3660),#3685,.F.);
#3660 = FACE_BOUND('',#3661,.F.);
#3661 = EDGE_LOOP('',(#3662,#3672,#3678,#3679));
#3662 = ORIENTED_EDGE('',*,*,#3663,.F.);
#3663 = EDGE_CURVE('',#3664,#3666,#3668,.T.);
#3664 = VERTEX_POINT('',#3665);
#3665 = CARTESIAN_POINT('',(-1.4,0.85,0.));
#3666 = VERTEX_POINT('',#3667);
#3667 = CARTESIAN_POINT('',(-1.4,0.65,0.));
#3668 = LINE('',#3669,#3670);
#3669 = CARTESIAN_POINT('',(-1.4,0.85,0.));
#3670 = VECTOR('',#3671,1.);
#3671 = DIRECTION('',(-4.669739647545E-16,-1.,0.));
#3672 = ORIENTED_EDGE('',*,*,#3673,.T.);
#3673 = EDGE_CURVE('',#3664,#2378,#3674,.T.);
#3674 = LINE('',#3675,#3676);
#3675 = CARTESIAN_POINT('',(-1.4,0.85,0.));
#3676 = VECTOR('',#3677,1.);
#3677 = DIRECTION('',(0.,0.,1.));
#3678 = ORIENTED_EDGE('',*,*,#2375,.F.);
#3679 = ORIENTED_EDGE('',*,*,#3680,.F.);
#3680 = EDGE_CURVE('',#3666,#2376,#3681,.T.);
#3681 = LINE('',#3682,#3683);
#3682 = CARTESIAN_POINT('',(-1.4,0.65,0.));
#3683 = VECTOR('',#3684,1.);
#3684 = DIRECTION('',(0.,0.,1.));
#3685 = PLANE('',#3686);
#3686 = AXIS2_PLACEMENT_3D('',#3687,#3688,#3689);
#3687 = CARTESIAN_POINT('',(-1.4,0.85,0.));
#3688 = DIRECTION('',(1.,-4.669739647545E-16,0.));
#3689 = DIRECTION('',(-4.669739647545E-16,-1.,0.));
#3690 = ADVANCED_FACE('',(#3691),#3709,.F.);
#3691 = FACE_BOUND('',#3692,.F.);
#3692 = EDGE_LOOP('',(#3693,#3701,#3702,#3703));
#3693 = ORIENTED_EDGE('',*,*,#3694,.F.);
#3694 = EDGE_CURVE('',#3666,#3695,#3697,.T.);
#3695 = VERTEX_POINT('',#3696);
#3696 = CARTESIAN_POINT('',(-1.,0.65,0.));
#3697 = LINE('',#3698,#3699);
#3698 = CARTESIAN_POINT('',(-1.4,0.65,0.));
#3699 = VECTOR('',#3700,1.);
#3700 = DIRECTION('',(1.,-4.669739647545E-16,0.));
#3701 = ORIENTED_EDGE('',*,*,#3680,.T.);
#3702 = ORIENTED_EDGE('',*,*,#2401,.F.);
#3703 = ORIENTED_EDGE('',*,*,#3704,.F.);
#3704 = EDGE_CURVE('',#3695,#2394,#3705,.T.);
#3705 = LINE('',#3706,#3707);
#3706 = CARTESIAN_POINT('',(-1.,0.65,0.));
#3707 = VECTOR('',#3708,1.);
#3708 = DIRECTION('',(0.,0.,1.));
#3709 = PLANE('',#3710);
#3710 = AXIS2_PLACEMENT_3D('',#3711,#3712,#3713);
#3711 = CARTESIAN_POINT('',(-1.4,0.65,0.));
#3712 = DIRECTION('',(4.669739647545E-16,1.,0.));
#3713 = DIRECTION('',(1.,-4.669739647545E-16,0.));
#3714 = ADVANCED_FACE('',(#3715),#3733,.F.);
#3715 = FACE_BOUND('',#3716,.F.);
#3716 = EDGE_LOOP('',(#3717,#3725,#3731,#3732));
#3717 = ORIENTED_EDGE('',*,*,#3718,.F.);
#3718 = EDGE_CURVE('',#3719,#3664,#3721,.T.);
#3719 = VERTEX_POINT('',#3720);
#3720 = CARTESIAN_POINT('',(-1.,0.85,0.));
#3721 = LINE('',#3722,#3723);
#3722 = CARTESIAN_POINT('',(-1.,0.85,0.));
#3723 = VECTOR('',#3724,1.);
#3724 = DIRECTION('',(-1.,4.669739647545E-16,0.));
#3725 = ORIENTED_EDGE('',*,*,#3726,.T.);
#3726 = EDGE_CURVE('',#3719,#2386,#3727,.T.);
#3727 = LINE('',#3728,#3729);
#3728 = CARTESIAN_POINT('',(-1.,0.85,0.));
#3729 = VECTOR('',#3730,1.);
#3730 = DIRECTION('',(0.,0.,1.));
#3731 = ORIENTED_EDGE('',*,*,#2385,.F.);
#3732 = ORIENTED_EDGE('',*,*,#3673,.F.);
#3733 = PLANE('',#3734);
#3734 = AXIS2_PLACEMENT_3D('',#3735,#3736,#3737);
#3735 = CARTESIAN_POINT('',(-1.,0.85,0.));
#3736 = DIRECTION('',(-4.669739647545E-16,-1.,0.));
#3737 = DIRECTION('',(-1.,4.669739647545E-16,0.));
#3738 = ADVANCED_FACE('',(#3739),#3750,.F.);
#3739 = FACE_BOUND('',#3740,.F.);
#3740 = EDGE_LOOP('',(#3741,#3747,#3748,#3749));
#3741 = ORIENTED_EDGE('',*,*,#3742,.F.);
#3742 = EDGE_CURVE('',#3695,#3719,#3743,.T.);
#3743 = LINE('',#3744,#3745);
#3744 = CARTESIAN_POINT('',(-1.,0.65,0.));
#3745 = VECTOR('',#3746,1.);
#3746 = DIRECTION('',(4.669739647545E-16,1.,0.));
#3747 = ORIENTED_EDGE('',*,*,#3704,.T.);
#3748 = ORIENTED_EDGE('',*,*,#2393,.F.);
#3749 = ORIENTED_EDGE('',*,*,#3726,.F.);
#3750 = PLANE('',#3751);
#3751 = AXIS2_PLACEMENT_3D('',#3752,#3753,#3754);
#3752 = CARTESIAN_POINT('',(-1.,0.65,0.));
#3753 = DIRECTION('',(-1.,4.669739647545E-16,0.));
#3754 = DIRECTION('',(4.669739647545E-16,1.,0.));
#3755 = ADVANCED_FACE('',(#3756,#3762),#3773,.T.);
#3756 = FACE_BOUND('',#3757,.T.);
#3757 = EDGE_LOOP('',(#3758,#3759,#3760,#3761));
#3758 = ORIENTED_EDGE('',*,*,#2432,.F.);
#3759 = ORIENTED_EDGE('',*,*,#2472,.T.);
#3760 = ORIENTED_EDGE('',*,*,#2497,.T.);
#3761 = ORIENTED_EDGE('',*,*,#2448,.F.);
#3762 = FACE_BOUND('',#3763,.T.);
#3763 = EDGE_LOOP('',(#3764));
#3764 = ORIENTED_EDGE('',*,*,#3765,.T.);
#3765 = EDGE_CURVE('',#3766,#3766,#3768,.T.);
#3766 = VERTEX_POINT('',#3767);
#3767 = CARTESIAN_POINT('',(-1.,0.65,0.78));
#3768 = CIRCLE('',#3769,0.1);
#3769 = AXIS2_PLACEMENT_3D('',#3770,#3771,#3772);
#3770 = CARTESIAN_POINT('',(-1.,0.75,0.78));
#3771 = DIRECTION('',(-0.,0.,-1.));
#3772 = DIRECTION('',(-2.22044604925E-16,-1.,0.));
#3773 = PLANE('',#3774);
#3774 = AXIS2_PLACEMENT_3D('',#3775,#3776,#3777);
#3775 = CARTESIAN_POINT('',(-1.5,1.25,0.78));
#3776 = DIRECTION('',(0.,0.,1.));
#3777 = DIRECTION('',(-2.22044604925E-16,-1.,0.));
#3778 = ADVANCED_FACE('',(#3779),#3785,.F.);
#3779 = FACE_BOUND('',#3780,.F.);
#3780 = EDGE_LOOP('',(#3781,#3782,#3783,#3784));
#3781 = ORIENTED_EDGE('',*,*,#2590,.T.);
#3782 = ORIENTED_EDGE('',*,*,#2566,.T.);
#3783 = ORIENTED_EDGE('',*,*,#2511,.T.);
#3784 = ORIENTED_EDGE('',*,*,#2542,.T.);
#3785 = PLANE('',#3786);
#3786 = AXIS2_PLACEMENT_3D('',#3787,#3788,#3789);
#3787 = CARTESIAN_POINT('',(-1.2,-0.75,0.));
#3788 = DIRECTION('',(0.,0.,1.));
#3789 = DIRECTION('',(-4.669739647545E-16,-1.,0.));
#3790 = ADVANCED_FACE('',(#3791),#3797,.F.);
#3791 = FACE_BOUND('',#3792,.F.);
#3792 = EDGE_LOOP('',(#3793,#3794,#3795,#3796));
#3793 = ORIENTED_EDGE('',*,*,#2662,.T.);
#3794 = ORIENTED_EDGE('',*,*,#2607,.T.);
#3795 = ORIENTED_EDGE('',*,*,#2638,.T.);
#3796 = ORIENTED_EDGE('',*,*,#2686,.T.);
#3797 = PLANE('',#3798);
#3798 = AXIS2_PLACEMENT_3D('',#3799,#3800,#3801);
#3799 = CARTESIAN_POINT('',(-3.74700270811E-16,-0.95,0.));
#3800 = DIRECTION('',(0.,0.,1.));
#3801 = DIRECTION('',(1.,-5.665538897648E-16,0.));
#3802 = ADVANCED_FACE('',(#3803),#3809,.F.);
#3803 = FACE_BOUND('',#3804,.F.);
#3804 = EDGE_LOOP('',(#3805,#3806,#3807,#3808));
#3805 = ORIENTED_EDGE('',*,*,#2758,.T.);
#3806 = ORIENTED_EDGE('',*,*,#2703,.T.);
#3807 = ORIENTED_EDGE('',*,*,#2734,.T.);
#3808 = ORIENTED_EDGE('',*,*,#2782,.T.);
#3809 = PLANE('',#3810);
#3810 = AXIS2_PLACEMENT_3D('',#3811,#3812,#3813);
#3811 = CARTESIAN_POINT('',(-0.5,-0.95,0.));
#3812 = DIRECTION('',(0.,0.,1.));
#3813 = DIRECTION('',(1.,-5.665538897648E-16,0.));
#3814 = ADVANCED_FACE('',(#3815),#3821,.F.);
#3815 = FACE_BOUND('',#3816,.F.);
#3816 = EDGE_LOOP('',(#3817,#3818,#3819,#3820));
#3817 = ORIENTED_EDGE('',*,*,#2854,.T.);
#3818 = ORIENTED_EDGE('',*,*,#2799,.T.);
#3819 = ORIENTED_EDGE('',*,*,#2830,.T.);
#3820 = ORIENTED_EDGE('',*,*,#2878,.T.);
#3821 = PLANE('',#3822);
#3822 = AXIS2_PLACEMENT_3D('',#3823,#3824,#3825);
#3823 = CARTESIAN_POINT('',(1.2,-0.75,0.));
#3824 = DIRECTION('',(0.,0.,1.));
#3825 = DIRECTION('',(3.445092848398E-16,1.,-0.));
#3826 = ADVANCED_FACE('',(#3827),#3833,.F.);
#3827 = FACE_BOUND('',#3828,.F.);
#3828 = EDGE_LOOP('',(#3829,#3830,#3831,#3832));
#3829 = ORIENTED_EDGE('',*,*,#2950,.T.);
#3830 = ORIENTED_EDGE('',*,*,#2895,.T.);
#3831 = ORIENTED_EDGE('',*,*,#2926,.T.);
#3832 = ORIENTED_EDGE('',*,*,#2974,.T.);
#3833 = PLANE('',#3834);
#3834 = AXIS2_PLACEMENT_3D('',#3835,#3836,#3837);
#3835 = CARTESIAN_POINT('',(0.5,-0.95,0.));
#3836 = DIRECTION('',(0.,0.,1.));
#3837 = DIRECTION('',(1.,-5.665538897648E-16,0.));
#3838 = ADVANCED_FACE('',(#3839),#3845,.F.);
#3839 = FACE_BOUND('',#3840,.F.);
#3840 = EDGE_LOOP('',(#3841,#3842,#3843,#3844));
#3841 = ORIENTED_EDGE('',*,*,#3046,.T.);
#3842 = ORIENTED_EDGE('',*,*,#2991,.T.);
#3843 = ORIENTED_EDGE('',*,*,#3022,.T.);
#3844 = ORIENTED_EDGE('',*,*,#3070,.T.);
#3845 = PLANE('',#3846);
#3846 = AXIS2_PLACEMENT_3D('',#3847,#3848,#3849);
#3847 = CARTESIAN_POINT('',(-1.2,0.25,0.));
#3848 = DIRECTION('',(0.,0.,1.));
#3849 = DIRECTION('',(-4.669739647545E-16,-1.,0.));
#3850 = ADVANCED_FACE('',(#3851),#3857,.F.);
#3851 = FACE_BOUND('',#3852,.F.);
#3852 = EDGE_LOOP('',(#3853,#3854,#3855,#3856));
#3853 = ORIENTED_EDGE('',*,*,#3142,.T.);
#3854 = ORIENTED_EDGE('',*,*,#3087,.T.);
#3855 = ORIENTED_EDGE('',*,*,#3118,.T.);
#3856 = ORIENTED_EDGE('',*,*,#3166,.T.);
#3857 = PLANE('',#3858);
#3858 = AXIS2_PLACEMENT_3D('',#3859,#3860,#3861);
#3859 = CARTESIAN_POINT('',(-1.2,-0.25,0.));
#3860 = DIRECTION('',(0.,0.,1.));
#3861 = DIRECTION('',(-4.669739647545E-16,-1.,0.));
#3862 = ADVANCED_FACE('',(#3863),#3869,.F.);
#3863 = FACE_BOUND('',#3864,.F.);
#3864 = EDGE_LOOP('',(#3865,#3866,#3867,#3868));
#3865 = ORIENTED_EDGE('',*,*,#3183,.T.);
#3866 = ORIENTED_EDGE('',*,*,#3214,.T.);
#3867 = ORIENTED_EDGE('',*,*,#3262,.T.);
#3868 = ORIENTED_EDGE('',*,*,#3238,.T.);
#3869 = PLANE('',#3870);
#3870 = AXIS2_PLACEMENT_3D('',#3871,#3872,#3873);
#3871 = CARTESIAN_POINT('',(1.2,-0.25,0.));
#3872 = DIRECTION('',(0.,0.,1.));
#3873 = DIRECTION('',(3.445092848398E-16,1.,-0.));
#3874 = ADVANCED_FACE('',(#3875),#3881,.F.);
#3875 = FACE_BOUND('',#3876,.F.);
#3876 = EDGE_LOOP('',(#3877,#3878,#3879,#3880));
#3877 = ORIENTED_EDGE('',*,*,#3358,.T.);
#3878 = ORIENTED_EDGE('',*,*,#3334,.T.);
#3879 = ORIENTED_EDGE('',*,*,#3279,.T.);
#3880 = ORIENTED_EDGE('',*,*,#3310,.T.);
#3881 = PLANE('',#3882);
#3882 = AXIS2_PLACEMENT_3D('',#3883,#3884,#3885);
#3883 = CARTESIAN_POINT('',(1.2,0.25,0.));
#3884 = DIRECTION('',(0.,0.,1.));
#3885 = DIRECTION('',(3.445092848398E-16,1.,-0.));
#3886 = ADVANCED_FACE('',(#3887),#3893,.F.);
#3887 = FACE_BOUND('',#3888,.F.);
#3888 = EDGE_LOOP('',(#3889,#3890,#3891,#3892));
#3889 = ORIENTED_EDGE('',*,*,#3406,.T.);
#3890 = ORIENTED_EDGE('',*,*,#3454,.T.);
#3891 = ORIENTED_EDGE('',*,*,#3430,.T.);
#3892 = ORIENTED_EDGE('',*,*,#3375,.T.);
#3893 = PLANE('',#3894);
#3894 = AXIS2_PLACEMENT_3D('',#3895,#3896,#3897);
#3895 = CARTESIAN_POINT('',(0.5,0.95,0.));
#3896 = DIRECTION('',(0.,0.,1.));
#3897 = DIRECTION('',(-1.,4.555315873023E-16,0.));
#3898 = ADVANCED_FACE('',(#3899),#3905,.F.);
#3899 = FACE_BOUND('',#3900,.F.);
#3900 = EDGE_LOOP('',(#3901,#3902,#3903,#3904));
#3901 = ORIENTED_EDGE('',*,*,#3502,.T.);
#3902 = ORIENTED_EDGE('',*,*,#3550,.T.);
#3903 = ORIENTED_EDGE('',*,*,#3526,.T.);
#3904 = ORIENTED_EDGE('',*,*,#3471,.T.);
#3905 = PLANE('',#3906);
#3906 = AXIS2_PLACEMENT_3D('',#3907,#3908,#3909);
#3907 = CARTESIAN_POINT('',(2.775557561563E-16,0.95,0.));
#3908 = DIRECTION('',(0.,0.,1.));
#3909 = DIRECTION('',(-1.,4.555315873023E-16,0.));
#3910 = ADVANCED_FACE('',(#3911),#3917,.F.);
#3911 = FACE_BOUND('',#3912,.F.);
#3912 = EDGE_LOOP('',(#3913,#3914,#3915,#3916));
#3913 = ORIENTED_EDGE('',*,*,#3622,.T.);
#3914 = ORIENTED_EDGE('',*,*,#3567,.T.);
#3915 = ORIENTED_EDGE('',*,*,#3598,.T.);
#3916 = ORIENTED_EDGE('',*,*,#3646,.T.);
#3917 = PLANE('',#3918);
#3918 = AXIS2_PLACEMENT_3D('',#3919,#3920,#3921);
#3919 = CARTESIAN_POINT('',(1.2,0.75,0.));
#3920 = DIRECTION('',(0.,0.,1.));
#3921 = DIRECTION('',(3.445092848398E-16,1.,-0.));
#3922 = ADVANCED_FACE('',(#3923),#3929,.F.);
#3923 = FACE_BOUND('',#3924,.F.);
#3924 = EDGE_LOOP('',(#3925,#3926,#3927,#3928));
#3925 = ORIENTED_EDGE('',*,*,#3694,.T.);
#3926 = ORIENTED_EDGE('',*,*,#3742,.T.);
#3927 = ORIENTED_EDGE('',*,*,#3718,.T.);
#3928 = ORIENTED_EDGE('',*,*,#3663,.T.);
#3929 = PLANE('',#3930);
#3930 = AXIS2_PLACEMENT_3D('',#3931,#3932,#3933);
#3931 = CARTESIAN_POINT('',(-1.2,0.75,0.));
#3932 = DIRECTION('',(0.,0.,1.));
#3933 = DIRECTION('',(-4.669739647545E-16,-1.,0.));
#3934 = ADVANCED_FACE('',(#3935),#3954,.F.);
#3935 = FACE_BOUND('',#3936,.F.);
#3936 = EDGE_LOOP('',(#3937,#3945,#3952,#3953));
#3937 = ORIENTED_EDGE('',*,*,#3938,.T.);
#3938 = EDGE_CURVE('',#3766,#3939,#3941,.T.);
#3939 = VERTEX_POINT('',#3940);
#3940 = CARTESIAN_POINT('',(-1.,0.65,0.76));
#3941 = LINE('',#3942,#3943);
#3942 = CARTESIAN_POINT('',(-1.,0.65,0.8));
#3943 = VECTOR('',#3944,1.);
#3944 = DIRECTION('',(-0.,0.,-1.));
#3945 = ORIENTED_EDGE('',*,*,#3946,.T.);
#3946 = EDGE_CURVE('',#3939,#3939,#3947,.T.);
#3947 = CIRCLE('',#3948,0.1);
#3948 = AXIS2_PLACEMENT_3D('',#3949,#3950,#3951);
#3949 = CARTESIAN_POINT('',(-1.,0.75,0.76));
#3950 = DIRECTION('',(0.,0.,1.));
#3951 = DIRECTION('',(-2.22044604925E-16,-1.,0.));
#3952 = ORIENTED_EDGE('',*,*,#3938,.F.);
#3953 = ORIENTED_EDGE('',*,*,#3765,.T.);
#3954 = CYLINDRICAL_SURFACE('',#3955,0.1);
#3955 = AXIS2_PLACEMENT_3D('',#3956,#3957,#3958);
#3956 = CARTESIAN_POINT('',(-1.,0.75,0.8));
#3957 = DIRECTION('',(0.,0.,-1.));
#3958 = DIRECTION('',(-2.22044604925E-16,-1.,-0.));
#3959 = ADVANCED_FACE('',(#3960),#3963,.T.);
#3960 = FACE_BOUND('',#3961,.T.);
#3961 = EDGE_LOOP('',(#3962));
#3962 = ORIENTED_EDGE('',*,*,#3946,.T.);
#3963 = PLANE('',#3964);
#3964 = AXIS2_PLACEMENT_3D('',#3965,#3966,#3967);
#3965 = CARTESIAN_POINT('',(-1.,0.75,0.76));
#3966 = DIRECTION('',(0.,0.,1.));
#3967 = DIRECTION('',(-2.22044604925E-16,-1.,0.));
#3968 = ( GEOMETRIC_REPRESENTATION_CONTEXT(3) 
GLOBAL_UNCERTAINTY_ASSIGNED_CONTEXT((#3972)) 
GLOBAL_UNIT_ASSIGNED_CONTEXT((#3969,#3970,#3971)) REPRESENTATION_CONTEXT
('Context #1','3D Context with UNIT and UNCERTAINTY') );
#3969 = ( LENGTH_UNIT() NAMED_UNIT(*) SI_UNIT(.MILLI.,.METRE.) );
#3970 = ( NAMED_UNIT(*) PLANE_ANGLE_UNIT() SI_UNIT($,.RADIAN.) );
#3971 = ( NAMED_UNIT(*) SI_UNIT($,.STERADIAN.) SOLID_ANGLE_UNIT() );
#3972 = UNCERTAINTY_MEASURE_WITH_UNIT(LENGTH_MEASURE(1.E-07),#3969,
  'distance_accuracy_value','confusion accuracy');
#3973 = CONTEXT_DEPENDENT_SHAPE_REPRESENTATION(#3974,#3976);
#3974 = ( REPRESENTATION_RELATIONSHIP('','',#1784,#10) 
REPRESENTATION_RELATIONSHIP_WITH_TRANSFORMATION(#3975) 
SHAPE_REPRESENTATION_RELATIONSHIP() );
#3975 = ITEM_DEFINED_TRANSFORMATION('','',#11,#31);
#3976 = PRODUCT_DEFINITION_SHAPE('Placement','Placement of an item',
  #3977);
#3977 = NEXT_ASSEMBLY_USAGE_OCCURRENCE('5','U6','',#5,#1779,$);
#3978 = PRODUCT_RELATED_PRODUCT_CATEGORY('part',$,(#1781));
#3979 = CONTEXT_DEPENDENT_SHAPE_REPRESENTATION(#3980,#3982);
#3980 = ( REPRESENTATION_RELATIONSHIP('','',#975,#10) 
REPRESENTATION_RELATIONSHIP_WITH_TRANSFORMATION(#3981) 
SHAPE_REPRESENTATION_RELATIONSHIP() );
#3981 = ITEM_DEFINED_TRANSFORMATION('','',#11,#35);
#3982 = PRODUCT_DEFINITION_SHAPE('Placement','Placement of an item',
  #3983);
#3983 = NEXT_ASSEMBLY_USAGE_OCCURRENCE('6','R9','',#5,#970,$);
#3984 = CONTEXT_DEPENDENT_SHAPE_REPRESENTATION(#3985,#3987);
#3985 = ( REPRESENTATION_RELATIONSHIP('','',#975,#10) 
REPRESENTATION_RELATIONSHIP_WITH_TRANSFORMATION(#3986) 
SHAPE_REPRESENTATION_RELATIONSHIP() );
#3986 = ITEM_DEFINED_TRANSFORMATION('','',#11,#39);
#3987 = PRODUCT_DEFINITION_SHAPE('Placement','Placement of an item',
  #3988);
#3988 = NEXT_ASSEMBLY_USAGE_OCCURRENCE('7','R8','',#5,#970,$);
#3989 = SHAPE_DEFINITION_REPRESENTATION(#3990,#3996);
#3990 = PRODUCT_DEFINITION_SHAPE('','',#3991);
#3991 = PRODUCT_DEFINITION('design','',#3992,#3995);
#3992 = PRODUCT_DEFINITION_FORMATION('','',#3993);
#3993 = PRODUCT('PinHeader_1x06_P2.54mm_Vertical',
  'PinHeader_1x06_P2.54mm_Vertical','',(#3994));
#3994 = PRODUCT_CONTEXT('',#2,'mechanical');
#3995 = PRODUCT_DEFINITION_CONTEXT('part definition',#2,'design');
#3996 = ADVANCED_BREP_SHAPE_REPRESENTATION('',(#11,#3997),#8125);
#3997 = MANIFOLD_SOLID_BREP('',#3998);
#3998 = CLOSED_SHELL('',(#3999,#4039,#4070,#4101,#4594,#5087,#5104,#5121
    ,#5138,#5155,#5172,#5189,#5206,#5223,#5240,#5257,#5274,#5291,#5308,
    #5325,#5342,#5359,#5376,#5393,#5410,#5427,#5444,#5461,#5478,#5495,
    #5512,#5529,#5546,#5563,#5580,#5597,#5614,#5631,#5648,#5665,#5677,
    #5708,#5732,#5756,#5773,#5804,#5828,#5852,#5869,#5900,#5924,#5948,
    #5965,#5996,#6020,#6044,#6061,#6092,#6116,#6140,#6157,#6188,#6212,
    #6236,#6253,#6284,#6308,#6332,#6349,#6380,#6404,#6428,#6445,#6476,
    #6500,#6524,#6541,#6572,#6596,#6620,#6637,#6668,#6692,#6716,#6733,
    #6764,#6788,#6812,#6829,#6860,#6884,#6908,#6925,#6956,#6980,#7004,
    #7021,#7052,#7076,#7100,#7117,#7148,#7172,#7196,#7213,#7244,#7268,
    #7292,#7309,#7340,#7364,#7388,#7405,#7436,#7460,#7484,#7501,#7532,
    #7556,#7580,#7597,#7628,#7652,#7676,#7693,#7724,#7748,#7772,#7789,
    #7820,#7844,#7868,#7885,#7916,#7940,#7964,#7981,#7993,#8005,#8017,
    #8029,#8041,#8053,#8065,#8077,#8089,#8101,#8113));
#3999 = ADVANCED_FACE('',(#4000),#4034,.F.);
#4000 = FACE_BOUND('',#4001,.F.);
#4001 = EDGE_LOOP('',(#4002,#4012,#4020,#4028));
#4002 = ORIENTED_EDGE('',*,*,#4003,.T.);
#4003 = EDGE_CURVE('',#4004,#4006,#4008,.T.);
#4004 = VERTEX_POINT('',#4005);
#4005 = CARTESIAN_POINT('',(-1.016,1.27,0.));
#4006 = VERTEX_POINT('',#4007);
#4007 = CARTESIAN_POINT('',(-1.016,1.27,2.54));
#4008 = LINE('',#4009,#4010);
#4009 = CARTESIAN_POINT('',(-1.016,1.27,0.));
#4010 = VECTOR('',#4011,1.);
#4011 = DIRECTION('',(0.,0.,1.));
#4012 = ORIENTED_EDGE('',*,*,#4013,.T.);
#4013 = EDGE_CURVE('',#4006,#4014,#4016,.T.);
#4014 = VERTEX_POINT('',#4015);
#4015 = CARTESIAN_POINT('',(-1.27,1.016,2.54));
#4016 = LINE('',#4017,#4018);
#4017 = CARTESIAN_POINT('',(-1.016,1.27,2.54));
#4018 = VECTOR('',#4019,1.);
#4019 = DIRECTION('',(-0.707106781187,-0.707106781187,0.));
#4020 = ORIENTED_EDGE('',*,*,#4021,.F.);
#4021 = EDGE_CURVE('',#4022,#4014,#4024,.T.);
#4022 = VERTEX_POINT('',#4023);
#4023 = CARTESIAN_POINT('',(-1.27,1.016,0.));
#4024 = LINE('',#4025,#4026);
#4025 = CARTESIAN_POINT('',(-1.27,1.016,0.));
#4026 = VECTOR('',#4027,1.);
#4027 = DIRECTION('',(0.,0.,1.));
#4028 = ORIENTED_EDGE('',*,*,#4029,.F.);
#4029 = EDGE_CURVE('',#4004,#4022,#4030,.T.);
#4030 = LINE('',#4031,#4032);
#4031 = CARTESIAN_POINT('',(-1.016,1.27,0.));
#4032 = VECTOR('',#4033,1.);
#4033 = DIRECTION('',(-0.707106781187,-0.707106781187,0.));
#4034 = PLANE('',#4035);
#4035 = AXIS2_PLACEMENT_3D('',#4036,#4037,#4038);
#4036 = CARTESIAN_POINT('',(-1.016,1.27,0.));
#4037 = DIRECTION('',(0.707106781187,-0.707106781187,0.));
#4038 = DIRECTION('',(-0.707106781187,-0.707106781187,0.));
#4039 = ADVANCED_FACE('',(#4040),#4065,.F.);
#4040 = FACE_BOUND('',#4041,.F.);
#4041 = EDGE_LOOP('',(#4042,#4052,#4058,#4059));
#4042 = ORIENTED_EDGE('',*,*,#4043,.T.);
#4043 = EDGE_CURVE('',#4044,#4046,#4048,.T.);
#4044 = VERTEX_POINT('',#4045);
#4045 = CARTESIAN_POINT('',(1.016,1.27,0.));
#4046 = VERTEX_POINT('',#4047);
#4047 = CARTESIAN_POINT('',(1.016,1.27,2.54));
#4048 = LINE('',#4049,#4050);
#4049 = CARTESIAN_POINT('',(1.016,1.27,0.));
#4050 = VECTOR('',#4051,1.);
#4051 = DIRECTION('',(0.,0.,1.));
#4052 = ORIENTED_EDGE('',*,*,#4053,.T.);
#4053 = EDGE_CURVE('',#4046,#4006,#4054,.T.);
#4054 = LINE('',#4055,#4056);
#4055 = CARTESIAN_POINT('',(1.016,1.27,2.54));
#4056 = VECTOR('',#4057,1.);
#4057 = DIRECTION('',(-1.,0.,0.));
#4058 = ORIENTED_EDGE('',*,*,#4003,.F.);
#4059 = ORIENTED_EDGE('',*,*,#4060,.F.);
#4060 = EDGE_CURVE('',#4044,#4004,#4061,.T.);
#4061 = LINE('',#4062,#4063);
#4062 = CARTESIAN_POINT('',(1.016,1.27,0.));
#4063 = VECTOR('',#4064,1.);
#4064 = DIRECTION('',(-1.,0.,0.));
#4065 = PLANE('',#4066);
#4066 = AXIS2_PLACEMENT_3D('',#4067,#4068,#4069);
#4067 = CARTESIAN_POINT('',(1.016,1.27,0.));
#4068 = DIRECTION('',(0.,-1.,0.));
#4069 = DIRECTION('',(-1.,0.,0.));
#4070 = ADVANCED_FACE('',(#4071),#4096,.F.);
#4071 = FACE_BOUND('',#4072,.F.);
#4072 = EDGE_LOOP('',(#4073,#4074,#4082,#4090));
#4073 = ORIENTED_EDGE('',*,*,#4021,.T.);
#4074 = ORIENTED_EDGE('',*,*,#4075,.T.);
#4075 = EDGE_CURVE('',#4014,#4076,#4078,.T.);
#4076 = VERTEX_POINT('',#4077);
#4077 = CARTESIAN_POINT('',(-1.27,-1.016,2.54));
#4078 = LINE('',#4079,#4080);
#4079 = CARTESIAN_POINT('',(-1.27,1.016,2.54));
#4080 = VECTOR('',#4081,1.);
#4081 = DIRECTION('',(0.,-1.,0.));
#4082 = ORIENTED_EDGE('',*,*,#4083,.F.);
#4083 = EDGE_CURVE('',#4084,#4076,#4086,.T.);
#4084 = VERTEX_POINT('',#4085);
#4085 = CARTESIAN_POINT('',(-1.27,-1.016,0.));
#4086 = LINE('',#4087,#4088);
#4087 = CARTESIAN_POINT('',(-1.27,-1.016,0.));
#4088 = VECTOR('',#4089,1.);
#4089 = DIRECTION('',(0.,0.,1.));
#4090 = ORIENTED_EDGE('',*,*,#4091,.F.);
#4091 = EDGE_CURVE('',#4022,#4084,#4092,.T.);
#4092 = LINE('',#4093,#4094);
#4093 = CARTESIAN_POINT('',(-1.27,1.016,0.));
#4094 = VECTOR('',#4095,1.);
#4095 = DIRECTION('',(0.,-1.,0.));
#4096 = PLANE('',#4097);
#4097 = AXIS2_PLACEMENT_3D('',#4098,#4099,#4100);
#4098 = CARTESIAN_POINT('',(-1.27,1.016,0.));
#4099 = DIRECTION('',(1.,0.,0.));
#4100 = DIRECTION('',(0.,-1.,0.));
#4101 = ADVANCED_FACE('',(#4102,#4385,#4419,#4453,#4487,#4521,#4555),
  #4589,.F.);
#4102 = FACE_BOUND('',#4103,.F.);
#4103 = EDGE_LOOP('',(#4104,#4105,#4106,#4114,#4122,#4130,#4138,#4146,
    #4154,#4162,#4170,#4178,#4186,#4194,#4202,#4210,#4218,#4226,#4234,
    #4242,#4250,#4258,#4266,#4274,#4282,#4290,#4298,#4306,#4314,#4322,
    #4330,#4338,#4346,#4354,#4362,#4370,#4378,#4384));
#4104 = ORIENTED_EDGE('',*,*,#4029,.T.);
#4105 = ORIENTED_EDGE('',*,*,#4091,.T.);
#4106 = ORIENTED_EDGE('',*,*,#4107,.T.);
#4107 = EDGE_CURVE('',#4084,#4108,#4110,.T.);
#4108 = VERTEX_POINT('',#4109);
#4109 = CARTESIAN_POINT('',(-1.016,-1.27,0.));
#4110 = LINE('',#4111,#4112);
#4111 = CARTESIAN_POINT('',(-1.27,-1.016,0.));
#4112 = VECTOR('',#4113,1.);
#4113 = DIRECTION('',(0.707106781187,-0.707106781187,0.));
#4114 = ORIENTED_EDGE('',*,*,#4115,.T.);
#4115 = EDGE_CURVE('',#4108,#4116,#4118,.T.);
#4116 = VERTEX_POINT('',#4117);
#4117 = CARTESIAN_POINT('',(-1.27,-1.524,0.));
#4118 = LINE('',#4119,#4120);
#4119 = CARTESIAN_POINT('',(-1.016,-1.27,0.));
#4120 = VECTOR('',#4121,1.);
#4121 = DIRECTION('',(-0.707106781187,-0.707106781187,0.));
#4122 = ORIENTED_EDGE('',*,*,#4123,.T.);
#4123 = EDGE_CURVE('',#4116,#4124,#4126,.T.);
#4124 = VERTEX_POINT('',#4125);
#4125 = CARTESIAN_POINT('',(-1.27,-3.556,0.));
#4126 = LINE('',#4127,#4128);
#4127 = CARTESIAN_POINT('',(-1.27,-1.524,0.));
#4128 = VECTOR('',#4129,1.);
#4129 = DIRECTION('',(0.,-1.,0.));
#4130 = ORIENTED_EDGE('',*,*,#4131,.T.);
#4131 = EDGE_CURVE('',#4124,#4132,#4134,.T.);
#4132 = VERTEX_POINT('',#4133);
#4133 = CARTESIAN_POINT('',(-1.016,-3.81,0.));
#4134 = LINE('',#4135,#4136);
#4135 = CARTESIAN_POINT('',(-1.27,-3.556,0.));
#4136 = VECTOR('',#4137,1.);
#4137 = DIRECTION('',(0.707106781187,-0.707106781187,0.));
#4138 = ORIENTED_EDGE('',*,*,#4139,.T.);
#4139 = EDGE_CURVE('',#4132,#4140,#4142,.T.);
#4140 = VERTEX_POINT('',#4141);
#4141 = CARTESIAN_POINT('',(-1.27,-4.064,0.));
#4142 = LINE('',#4143,#4144);
#4143 = CARTESIAN_POINT('',(-1.016,-3.81,0.));
#4144 = VECTOR('',#4145,1.);
#4145 = DIRECTION('',(-0.707106781187,-0.707106781187,0.));
#4146 = ORIENTED_EDGE('',*,*,#4147,.T.);
#4147 = EDGE_CURVE('',#4140,#4148,#4150,.T.);
#4148 = VERTEX_POINT('',#4149);
#4149 = CARTESIAN_POINT('',(-1.27,-6.096,0.));
#4150 = LINE('',#4151,#4152);
#4151 = CARTESIAN_POINT('',(-1.27,-4.064,0.));
#4152 = VECTOR('',#4153,1.);
#4153 = DIRECTION('',(0.,-1.,0.));
#4154 = ORIENTED_EDGE('',*,*,#4155,.T.);
#4155 = EDGE_CURVE('',#4148,#4156,#4158,.T.);
#4156 = VERTEX_POINT('',#4157);
#4157 = CARTESIAN_POINT('',(-1.016,-6.35,0.));
#4158 = LINE('',#4159,#4160);
#4159 = CARTESIAN_POINT('',(-1.27,-6.096,0.));
#4160 = VECTOR('',#4161,1.);
#4161 = DIRECTION('',(0.707106781187,-0.707106781187,0.));
#4162 = ORIENTED_EDGE('',*,*,#4163,.T.);
#4163 = EDGE_CURVE('',#4156,#4164,#4166,.T.);
#4164 = VERTEX_POINT('',#4165);
#4165 = CARTESIAN_POINT('',(-1.27,-6.604,0.));
#4166 = LINE('',#4167,#4168);
#4167 = CARTESIAN_POINT('',(-1.016,-6.35,0.));
#4168 = VECTOR('',#4169,1.);
#4169 = DIRECTION('',(-0.707106781187,-0.707106781187,0.));
#4170 = ORIENTED_EDGE('',*,*,#4171,.T.);
#4171 = EDGE_CURVE('',#4164,#4172,#4174,.T.);
#4172 = VERTEX_POINT('',#4173);
#4173 = CARTESIAN_POINT('',(-1.27,-8.636,0.));
#4174 = LINE('',#4175,#4176);
#4175 = CARTESIAN_POINT('',(-1.27,-6.604,0.));
#4176 = VECTOR('',#4177,1.);
#4177 = DIRECTION('',(0.,-1.,0.));
#4178 = ORIENTED_EDGE('',*,*,#4179,.T.);
#4179 = EDGE_CURVE('',#4172,#4180,#4182,.T.);
#4180 = VERTEX_POINT('',#4181);
#4181 = CARTESIAN_POINT('',(-1.016,-8.89,0.));
#4182 = LINE('',#4183,#4184);
#4183 = CARTESIAN_POINT('',(-1.27,-8.636,0.));
#4184 = VECTOR('',#4185,1.);
#4185 = DIRECTION('',(0.707106781187,-0.707106781187,0.));
#4186 = ORIENTED_EDGE('',*,*,#4187,.T.);
#4187 = EDGE_CURVE('',#4180,#4188,#4190,.T.);
#4188 = VERTEX_POINT('',#4189);
#4189 = CARTESIAN_POINT('',(-1.27,-9.144,0.));
#4190 = LINE('',#4191,#4192);
#4191 = CARTESIAN_POINT('',(-1.016,-8.89,0.));
#4192 = VECTOR('',#4193,1.);
#4193 = DIRECTION('',(-0.707106781187,-0.707106781187,0.));
#4194 = ORIENTED_EDGE('',*,*,#4195,.T.);
#4195 = EDGE_CURVE('',#4188,#4196,#4198,.T.);
#4196 = VERTEX_POINT('',#4197);
#4197 = CARTESIAN_POINT('',(-1.27,-11.176,0.));
#4198 = LINE('',#4199,#4200);
#4199 = CARTESIAN_POINT('',(-1.27,-9.144,0.));
#4200 = VECTOR('',#4201,1.);
#4201 = DIRECTION('',(0.,-1.,0.));
#4202 = ORIENTED_EDGE('',*,*,#4203,.T.);
#4203 = EDGE_CURVE('',#4196,#4204,#4206,.T.);
#4204 = VERTEX_POINT('',#4205);
#4205 = CARTESIAN_POINT('',(-1.016,-11.43,0.));
#4206 = LINE('',#4207,#4208);
#4207 = CARTESIAN_POINT('',(-1.27,-11.176,0.));
#4208 = VECTOR('',#4209,1.);
#4209 = DIRECTION('',(0.707106781187,-0.707106781187,0.));
#4210 = ORIENTED_EDGE('',*,*,#4211,.T.);
#4211 = EDGE_CURVE('',#4204,#4212,#4214,.T.);
#4212 = VERTEX_POINT('',#4213);
#4213 = CARTESIAN_POINT('',(-1.27,-11.684,0.));
#4214 = LINE('',#4215,#4216);
#4215 = CARTESIAN_POINT('',(-1.016,-11.43,0.));
#4216 = VECTOR('',#4217,1.);
#4217 = DIRECTION('',(-0.707106781187,-0.707106781187,0.));
#4218 = ORIENTED_EDGE('',*,*,#4219,.T.);
#4219 = EDGE_CURVE('',#4212,#4220,#4222,.T.);
#4220 = VERTEX_POINT('',#4221);
#4221 = CARTESIAN_POINT('',(-1.27,-13.716,0.));
#4222 = LINE('',#4223,#4224);
#4223 = CARTESIAN_POINT('',(-1.27,-11.684,0.));
#4224 = VECTOR('',#4225,1.);
#4225 = DIRECTION('',(0.,-1.,0.));
#4226 = ORIENTED_EDGE('',*,*,#4227,.T.);
#4227 = EDGE_CURVE('',#4220,#4228,#4230,.T.);
#4228 = VERTEX_POINT('',#4229);
#4229 = CARTESIAN_POINT('',(-1.016,-13.97,0.));
#4230 = LINE('',#4231,#4232);
#4231 = CARTESIAN_POINT('',(-1.27,-13.716,0.));
#4232 = VECTOR('',#4233,1.);
#4233 = DIRECTION('',(0.707106781187,-0.707106781187,0.));
#4234 = ORIENTED_EDGE('',*,*,#4235,.T.);
#4235 = EDGE_CURVE('',#4228,#4236,#4238,.T.);
#4236 = VERTEX_POINT('',#4237);
#4237 = CARTESIAN_POINT('',(1.016,-13.97,0.));
#4238 = LINE('',#4239,#4240);
#4239 = CARTESIAN_POINT('',(-1.016,-13.97,0.));
#4240 = VECTOR('',#4241,1.);
#4241 = DIRECTION('',(1.,0.,0.));
#4242 = ORIENTED_EDGE('',*,*,#4243,.T.);
#4243 = EDGE_CURVE('',#4236,#4244,#4246,.T.);
#4244 = VERTEX_POINT('',#4245);
#4245 = CARTESIAN_POINT('',(1.27,-13.716,0.));
#4246 = LINE('',#4247,#4248);
#4247 = CARTESIAN_POINT('',(1.016,-13.97,0.));
#4248 = VECTOR('',#4249,1.);
#4249 = DIRECTION('',(0.707106781187,0.707106781187,0.));
#4250 = ORIENTED_EDGE('',*,*,#4251,.T.);
#4251 = EDGE_CURVE('',#4244,#4252,#4254,.T.);
#4252 = VERTEX_POINT('',#4253);
#4253 = CARTESIAN_POINT('',(1.27,-11.684,0.));
#4254 = LINE('',#4255,#4256);
#4255 = CARTESIAN_POINT('',(1.27,-13.716,0.));
#4256 = VECTOR('',#4257,1.);
#4257 = DIRECTION('',(0.,1.,0.));
#4258 = ORIENTED_EDGE('',*,*,#4259,.T.);
#4259 = EDGE_CURVE('',#4252,#4260,#4262,.T.);
#4260 = VERTEX_POINT('',#4261);
#4261 = CARTESIAN_POINT('',(1.016,-11.43,0.));
#4262 = LINE('',#4263,#4264);
#4263 = CARTESIAN_POINT('',(1.27,-11.684,0.));
#4264 = VECTOR('',#4265,1.);
#4265 = DIRECTION('',(-0.707106781187,0.707106781187,0.));
#4266 = ORIENTED_EDGE('',*,*,#4267,.T.);
#4267 = EDGE_CURVE('',#4260,#4268,#4270,.T.);
#4268 = VERTEX_POINT('',#4269);
#4269 = CARTESIAN_POINT('',(1.27,-11.176,0.));
#4270 = LINE('',#4271,#4272);
#4271 = CARTESIAN_POINT('',(1.016,-11.43,0.));
#4272 = VECTOR('',#4273,1.);
#4273 = DIRECTION('',(0.707106781187,0.707106781187,0.));
#4274 = ORIENTED_EDGE('',*,*,#4275,.T.);
#4275 = EDGE_CURVE('',#4268,#4276,#4278,.T.);
#4276 = VERTEX_POINT('',#4277);
#4277 = CARTESIAN_POINT('',(1.27,-9.144,0.));
#4278 = LINE('',#4279,#4280);
#4279 = CARTESIAN_POINT('',(1.27,-11.176,0.));
#4280 = VECTOR('',#4281,1.);
#4281 = DIRECTION('',(0.,1.,0.));
#4282 = ORIENTED_EDGE('',*,*,#4283,.T.);
#4283 = EDGE_CURVE('',#4276,#4284,#4286,.T.);
#4284 = VERTEX_POINT('',#4285);
#4285 = CARTESIAN_POINT('',(1.016,-8.89,0.));
#4286 = LINE('',#4287,#4288);
#4287 = CARTESIAN_POINT('',(1.27,-9.144,0.));
#4288 = VECTOR('',#4289,1.);
#4289 = DIRECTION('',(-0.707106781187,0.707106781187,0.));
#4290 = ORIENTED_EDGE('',*,*,#4291,.T.);
#4291 = EDGE_CURVE('',#4284,#4292,#4294,.T.);
#4292 = VERTEX_POINT('',#4293);
#4293 = CARTESIAN_POINT('',(1.27,-8.636,0.));
#4294 = LINE('',#4295,#4296);
#4295 = CARTESIAN_POINT('',(1.016,-8.89,0.));
#4296 = VECTOR('',#4297,1.);
#4297 = DIRECTION('',(0.707106781187,0.707106781187,0.));
#4298 = ORIENTED_EDGE('',*,*,#4299,.T.);
#4299 = EDGE_CURVE('',#4292,#4300,#4302,.T.);
#4300 = VERTEX_POINT('',#4301);
#4301 = CARTESIAN_POINT('',(1.27,-6.604,0.));
#4302 = LINE('',#4303,#4304);
#4303 = CARTESIAN_POINT('',(1.27,-8.636,0.));
#4304 = VECTOR('',#4305,1.);
#4305 = DIRECTION('',(0.,1.,0.));
#4306 = ORIENTED_EDGE('',*,*,#4307,.T.);
#4307 = EDGE_CURVE('',#4300,#4308,#4310,.T.);
#4308 = VERTEX_POINT('',#4309);
#4309 = CARTESIAN_POINT('',(1.016,-6.35,0.));
#4310 = LINE('',#4311,#4312);
#4311 = CARTESIAN_POINT('',(1.27,-6.604,0.));
#4312 = VECTOR('',#4313,1.);
#4313 = DIRECTION('',(-0.707106781187,0.707106781187,0.));
#4314 = ORIENTED_EDGE('',*,*,#4315,.T.);
#4315 = EDGE_CURVE('',#4308,#4316,#4318,.T.);
#4316 = VERTEX_POINT('',#4317);
#4317 = CARTESIAN_POINT('',(1.27,-6.096,0.));
#4318 = LINE('',#4319,#4320);
#4319 = CARTESIAN_POINT('',(1.016,-6.35,0.));
#4320 = VECTOR('',#4321,1.);
#4321 = DIRECTION('',(0.707106781187,0.707106781187,0.));
#4322 = ORIENTED_EDGE('',*,*,#4323,.T.);
#4323 = EDGE_CURVE('',#4316,#4324,#4326,.T.);
#4324 = VERTEX_POINT('',#4325);
#4325 = CARTESIAN_POINT('',(1.27,-4.064,0.));
#4326 = LINE('',#4327,#4328);
#4327 = CARTESIAN_POINT('',(1.27,-6.096,0.));
#4328 = VECTOR('',#4329,1.);
#4329 = DIRECTION('',(0.,1.,0.));
#4330 = ORIENTED_EDGE('',*,*,#4331,.T.);
#4331 = EDGE_CURVE('',#4324,#4332,#4334,.T.);
#4332 = VERTEX_POINT('',#4333);
#4333 = CARTESIAN_POINT('',(1.016,-3.81,0.));
#4334 = LINE('',#4335,#4336);
#4335 = CARTESIAN_POINT('',(1.27,-4.064,0.));
#4336 = VECTOR('',#4337,1.);
#4337 = DIRECTION('',(-0.707106781187,0.707106781187,0.));
#4338 = ORIENTED_EDGE('',*,*,#4339,.T.);
#4339 = EDGE_CURVE('',#4332,#4340,#4342,.T.);
#4340 = VERTEX_POINT('',#4341);
#4341 = CARTESIAN_POINT('',(1.27,-3.556,0.));
#4342 = LINE('',#4343,#4344);
#4343 = CARTESIAN_POINT('',(1.016,-3.81,0.));
#4344 = VECTOR('',#4345,1.);
#4345 = DIRECTION('',(0.707106781187,0.707106781187,0.));
#4346 = ORIENTED_EDGE('',*,*,#4347,.T.);
#4347 = EDGE_CURVE('',#4340,#4348,#4350,.T.);
#4348 = VERTEX_POINT('',#4349);
#4349 = CARTESIAN_POINT('',(1.27,-1.524,0.));
#4350 = LINE('',#4351,#4352);
#4351 = CARTESIAN_POINT('',(1.27,-3.556,0.));
#4352 = VECTOR('',#4353,1.);
#4353 = DIRECTION('',(0.,1.,0.));
#4354 = ORIENTED_EDGE('',*,*,#4355,.T.);
#4355 = EDGE_CURVE('',#4348,#4356,#4358,.T.);
#4356 = VERTEX_POINT('',#4357);
#4357 = CARTESIAN_POINT('',(1.016,-1.27,0.));
#4358 = LINE('',#4359,#4360);
#4359 = CARTESIAN_POINT('',(1.27,-1.524,0.));
#4360 = VECTOR('',#4361,1.);
#4361 = DIRECTION('',(-0.707106781187,0.707106781187,0.));
#4362 = ORIENTED_EDGE('',*,*,#4363,.T.);
#4363 = EDGE_CURVE('',#4356,#4364,#4366,.T.);
#4364 = VERTEX_POINT('',#4365);
#4365 = CARTESIAN_POINT('',(1.27,-1.016,0.));
#4366 = LINE('',#4367,#4368);
#4367 = CARTESIAN_POINT('',(1.016,-1.27,0.));
#4368 = VECTOR('',#4369,1.);
#4369 = DIRECTION('',(0.707106781187,0.707106781187,0.));
#4370 = ORIENTED_EDGE('',*,*,#4371,.T.);
#4371 = EDGE_CURVE('',#4364,#4372,#4374,.T.);
#4372 = VERTEX_POINT('',#4373);
#4373 = CARTESIAN_POINT('',(1.27,1.016,0.));
#4374 = LINE('',#4375,#4376);
#4375 = CARTESIAN_POINT('',(1.27,-1.016,0.));
#4376 = VECTOR('',#4377,1.);
#4377 = DIRECTION('',(0.,1.,0.));
#4378 = ORIENTED_EDGE('',*,*,#4379,.T.);
#4379 = EDGE_CURVE('',#4372,#4044,#4380,.T.);
#4380 = LINE('',#4381,#4382);
#4381 = CARTESIAN_POINT('',(1.27,1.016,0.));
#4382 = VECTOR('',#4383,1.);
#4383 = DIRECTION('',(-0.707106781187,0.707106781187,0.));
#4384 = ORIENTED_EDGE('',*,*,#4060,.T.);
#4385 = FACE_BOUND('',#4386,.F.);
#4386 = EDGE_LOOP('',(#4387,#4397,#4405,#4413));
#4387 = ORIENTED_EDGE('',*,*,#4388,.F.);
#4388 = EDGE_CURVE('',#4389,#4391,#4393,.T.);
#4389 = VERTEX_POINT('',#4390);
#4390 = CARTESIAN_POINT('',(0.32,-0.32,0.));
#4391 = VERTEX_POINT('',#4392);
#4392 = CARTESIAN_POINT('',(0.32,0.32,0.));
#4393 = LINE('',#4394,#4395);
#4394 = CARTESIAN_POINT('',(0.32,-3.335,0.));
#4395 = VECTOR('',#4396,1.);
#4396 = DIRECTION('',(0.,1.,0.));
#4397 = ORIENTED_EDGE('',*,*,#4398,.T.);
#4398 = EDGE_CURVE('',#4389,#4399,#4401,.T.);
#4399 = VERTEX_POINT('',#4400);
#4400 = CARTESIAN_POINT('',(-0.32,-0.32,0.));
#4401 = LINE('',#4402,#4403);
#4402 = CARTESIAN_POINT('',(-0.16,-0.32,0.));
#4403 = VECTOR('',#4404,1.);
#4404 = DIRECTION('',(-1.,0.,0.));
#4405 = ORIENTED_EDGE('',*,*,#4406,.T.);
#4406 = EDGE_CURVE('',#4399,#4407,#4409,.T.);
#4407 = VERTEX_POINT('',#4408);
#4408 = CARTESIAN_POINT('',(-0.32,0.32,0.));
#4409 = LINE('',#4410,#4411);
#4410 = CARTESIAN_POINT('',(-0.32,-3.335,0.));
#4411 = VECTOR('',#4412,1.);
#4412 = DIRECTION('',(0.,1.,0.));
#4413 = ORIENTED_EDGE('',*,*,#4414,.F.);
#4414 = EDGE_CURVE('',#4391,#4407,#4415,.T.);
#4415 = LINE('',#4416,#4417);
#4416 = CARTESIAN_POINT('',(-0.16,0.32,0.));
#4417 = VECTOR('',#4418,1.);
#4418 = DIRECTION('',(-1.,0.,0.));
#4419 = FACE_BOUND('',#4420,.F.);
#4420 = EDGE_LOOP('',(#4421,#4431,#4439,#4447));
#4421 = ORIENTED_EDGE('',*,*,#4422,.F.);
#4422 = EDGE_CURVE('',#4423,#4425,#4427,.T.);
#4423 = VERTEX_POINT('',#4424);
#4424 = CARTESIAN_POINT('',(0.32,-5.4,0.));
#4425 = VERTEX_POINT('',#4426);
#4426 = CARTESIAN_POINT('',(0.32,-4.76,0.));
#4427 = LINE('',#4428,#4429);
#4428 = CARTESIAN_POINT('',(0.32,-5.875,0.));
#4429 = VECTOR('',#4430,1.);
#4430 = DIRECTION('',(0.,1.,0.));
#4431 = ORIENTED_EDGE('',*,*,#4432,.T.);
#4432 = EDGE_CURVE('',#4423,#4433,#4435,.T.);
#4433 = VERTEX_POINT('',#4434);
#4434 = CARTESIAN_POINT('',(-0.32,-5.4,0.));
#4435 = LINE('',#4436,#4437);
#4436 = CARTESIAN_POINT('',(-0.16,-5.4,0.));
#4437 = VECTOR('',#4438,1.);
#4438 = DIRECTION('',(-1.,0.,0.));
#4439 = ORIENTED_EDGE('',*,*,#4440,.T.);
#4440 = EDGE_CURVE('',#4433,#4441,#4443,.T.);
#4441 = VERTEX_POINT('',#4442);
#4442 = CARTESIAN_POINT('',(-0.32,-4.76,0.));
#4443 = LINE('',#4444,#4445);
#4444 = CARTESIAN_POINT('',(-0.32,-5.875,0.));
#4445 = VECTOR('',#4446,1.);
#4446 = DIRECTION('',(0.,1.,0.));
#4447 = ORIENTED_EDGE('',*,*,#4448,.F.);
#4448 = EDGE_CURVE('',#4425,#4441,#4449,.T.);
#4449 = LINE('',#4450,#4451);
#4450 = CARTESIAN_POINT('',(-0.16,-4.76,0.));
#4451 = VECTOR('',#4452,1.);
#4452 = DIRECTION('',(-1.,0.,0.));
#4453 = FACE_BOUND('',#4454,.F.);
#4454 = EDGE_LOOP('',(#4455,#4465,#4473,#4481));
#4455 = ORIENTED_EDGE('',*,*,#4456,.F.);
#4456 = EDGE_CURVE('',#4457,#4459,#4461,.T.);
#4457 = VERTEX_POINT('',#4458);
#4458 = CARTESIAN_POINT('',(0.32,-2.86,0.));
#4459 = VERTEX_POINT('',#4460);
#4460 = CARTESIAN_POINT('',(0.32,-2.22,0.));
#4461 = LINE('',#4462,#4463);
#4462 = CARTESIAN_POINT('',(0.32,-4.605,0.));
#4463 = VECTOR('',#4464,1.);
#4464 = DIRECTION('',(0.,1.,0.));
#4465 = ORIENTED_EDGE('',*,*,#4466,.T.);
#4466 = EDGE_CURVE('',#4457,#4467,#4469,.T.);
#4467 = VERTEX_POINT('',#4468);
#4468 = CARTESIAN_POINT('',(-0.32,-2.86,0.));
#4469 = LINE('',#4470,#4471);
#4470 = CARTESIAN_POINT('',(-0.16,-2.86,0.));
#4471 = VECTOR('',#4472,1.);
#4472 = DIRECTION('',(-1.,0.,0.));
#4473 = ORIENTED_EDGE('',*,*,#4474,.T.);
#4474 = EDGE_CURVE('',#4467,#4475,#4477,.T.);
#4475 = VERTEX_POINT('',#4476);
#4476 = CARTESIAN_POINT('',(-0.32,-2.22,0.));
#4477 = LINE('',#4478,#4479);
#4478 = CARTESIAN_POINT('',(-0.32,-4.605,0.));
#4479 = VECTOR('',#4480,1.);
#4480 = DIRECTION('',(0.,1.,0.));
#4481 = ORIENTED_EDGE('',*,*,#4482,.F.);
#4482 = EDGE_CURVE('',#4459,#4475,#4483,.T.);
#4483 = LINE('',#4484,#4485);
#4484 = CARTESIAN_POINT('',(-0.16,-2.22,0.));
#4485 = VECTOR('',#4486,1.);
#4486 = DIRECTION('',(-1.,0.,0.));
#4487 = FACE_BOUND('',#4488,.F.);
#4488 = EDGE_LOOP('',(#4489,#4499,#4507,#4515));
#4489 = ORIENTED_EDGE('',*,*,#4490,.T.);
#4490 = EDGE_CURVE('',#4491,#4493,#4495,.T.);
#4491 = VERTEX_POINT('',#4492);
#4492 = CARTESIAN_POINT('',(0.32,-13.02,0.));
#4493 = VERTEX_POINT('',#4494);
#4494 = CARTESIAN_POINT('',(-0.32,-13.02,0.));
#4495 = LINE('',#4496,#4497);
#4496 = CARTESIAN_POINT('',(-0.16,-13.02,0.));
#4497 = VECTOR('',#4498,1.);
#4498 = DIRECTION('',(-1.,0.,0.));
#4499 = ORIENTED_EDGE('',*,*,#4500,.T.);
#4500 = EDGE_CURVE('',#4493,#4501,#4503,.T.);
#4501 = VERTEX_POINT('',#4502);
#4502 = CARTESIAN_POINT('',(-0.32,-12.38,0.));
#4503 = LINE('',#4504,#4505);
#4504 = CARTESIAN_POINT('',(-0.32,-9.685,0.));
#4505 = VECTOR('',#4506,1.);
#4506 = DIRECTION('',(0.,1.,0.));
#4507 = ORIENTED_EDGE('',*,*,#4508,.F.);
#4508 = EDGE_CURVE('',#4509,#4501,#4511,.T.);
#4509 = VERTEX_POINT('',#4510);
#4510 = CARTESIAN_POINT('',(0.32,-12.38,0.));
#4511 = LINE('',#4512,#4513);
#4512 = CARTESIAN_POINT('',(-0.16,-12.38,0.));
#4513 = VECTOR('',#4514,1.);
#4514 = DIRECTION('',(-1.,0.,0.));
#4515 = ORIENTED_EDGE('',*,*,#4516,.F.);
#4516 = EDGE_CURVE('',#4491,#4509,#4517,.T.);
#4517 = LINE('',#4518,#4519);
#4518 = CARTESIAN_POINT('',(0.32,-9.685,0.));
#4519 = VECTOR('',#4520,1.);
#4520 = DIRECTION('',(0.,1.,0.));
#4521 = FACE_BOUND('',#4522,.F.);
#4522 = EDGE_LOOP('',(#4523,#4533,#4541,#4549));
#4523 = ORIENTED_EDGE('',*,*,#4524,.F.);
#4524 = EDGE_CURVE('',#4525,#4527,#4529,.T.);
#4525 = VERTEX_POINT('',#4526);
#4526 = CARTESIAN_POINT('',(0.32,-9.84,0.));
#4527 = VERTEX_POINT('',#4528);
#4528 = CARTESIAN_POINT('',(-0.32,-9.84,0.));
#4529 = LINE('',#4530,#4531);
#4530 = CARTESIAN_POINT('',(-0.16,-9.84,0.));
#4531 = VECTOR('',#4532,1.);
#4532 = DIRECTION('',(-1.,0.,0.));
#4533 = ORIENTED_EDGE('',*,*,#4534,.F.);
#4534 = EDGE_CURVE('',#4535,#4525,#4537,.T.);
#4535 = VERTEX_POINT('',#4536);
#4536 = CARTESIAN_POINT('',(0.32,-10.48,0.));
#4537 = LINE('',#4538,#4539);
#4538 = CARTESIAN_POINT('',(0.32,-8.415,0.));
#4539 = VECTOR('',#4540,1.);
#4540 = DIRECTION('',(0.,1.,0.));
#4541 = ORIENTED_EDGE('',*,*,#4542,.T.);
#4542 = EDGE_CURVE('',#4535,#4543,#4545,.T.);
#4543 = VERTEX_POINT('',#4544);
#4544 = CARTESIAN_POINT('',(-0.32,-10.48,0.));
#4545 = LINE('',#4546,#4547);
#4546 = CARTESIAN_POINT('',(-0.16,-10.48,0.));
#4547 = VECTOR('',#4548,1.);
#4548 = DIRECTION('',(-1.,0.,0.));
#4549 = ORIENTED_EDGE('',*,*,#4550,.T.);
#4550 = EDGE_CURVE('',#4543,#4527,#4551,.T.);
#4551 = LINE('',#4552,#4553);
#4552 = CARTESIAN_POINT('',(-0.32,-8.415,0.));
#4553 = VECTOR('',#4554,1.);
#4554 = DIRECTION('',(0.,1.,0.));
#4555 = FACE_BOUND('',#4556,.F.);
#4556 = EDGE_LOOP('',(#4557,#4567,#4575,#4583));
#4557 = ORIENTED_EDGE('',*,*,#4558,.T.);
#4558 = EDGE_CURVE('',#4559,#4561,#4563,.T.);
#4559 = VERTEX_POINT('',#4560);
#4560 = CARTESIAN_POINT('',(0.32,-7.94,0.));
#4561 = VERTEX_POINT('',#4562);
#4562 = CARTESIAN_POINT('',(-0.32,-7.94,0.));
#4563 = LINE('',#4564,#4565);
#4564 = CARTESIAN_POINT('',(-0.16,-7.94,0.));
#4565 = VECTOR('',#4566,1.);
#4566 = DIRECTION('',(-1.,0.,0.));
#4567 = ORIENTED_EDGE('',*,*,#4568,.T.);
#4568 = EDGE_CURVE('',#4561,#4569,#4571,.T.);
#4569 = VERTEX_POINT('',#4570);
#4570 = CARTESIAN_POINT('',(-0.32,-7.3,0.));
#4571 = LINE('',#4572,#4573);
#4572 = CARTESIAN_POINT('',(-0.32,-7.145,0.));
#4573 = VECTOR('',#4574,1.);
#4574 = DIRECTION('',(0.,1.,0.));
#4575 = ORIENTED_EDGE('',*,*,#4576,.F.);
#4576 = EDGE_CURVE('',#4577,#4569,#4579,.T.);
#4577 = VERTEX_POINT('',#4578);
#4578 = CARTESIAN_POINT('',(0.32,-7.3,0.));
#4579 = LINE('',#4580,#4581);
#4580 = CARTESIAN_POINT('',(-0.16,-7.3,0.));
#4581 = VECTOR('',#4582,1.);
#4582 = DIRECTION('',(-1.,0.,0.));
#4583 = ORIENTED_EDGE('',*,*,#4584,.F.);
#4584 = EDGE_CURVE('',#4559,#4577,#4585,.T.);
#4585 = LINE('',#4586,#4587);
#4586 = CARTESIAN_POINT('',(0.32,-7.145,0.));
#4587 = VECTOR('',#4588,1.);
#4588 = DIRECTION('',(0.,1.,0.));
#4589 = PLANE('',#4590);
#4590 = AXIS2_PLACEMENT_3D('',#4591,#4592,#4593);
#4591 = CARTESIAN_POINT('',(-1.797008255889E-17,-6.35,0.));
#4592 = DIRECTION('',(0.,0.,1.));
#4593 = DIRECTION('',(1.,0.,-0.));
#4594 = ADVANCED_FACE('',(#4595,#4878,#4912,#4946,#4980,#5014,#5048),
  #5082,.T.);
#4595 = FACE_BOUND('',#4596,.T.);
#4596 = EDGE_LOOP('',(#4597,#4598,#4599,#4607,#4615,#4623,#4631,#4639,
    #4647,#4655,#4663,#4671,#4679,#4687,#4695,#4703,#4711,#4719,#4727,
    #4735,#4743,#4751,#4759,#4767,#4775,#4783,#4791,#4799,#4807,#4815,
    #4823,#4831,#4839,#4847,#4855,#4863,#4871,#4877));
#4597 = ORIENTED_EDGE('',*,*,#4013,.T.);
#4598 = ORIENTED_EDGE('',*,*,#4075,.T.);
#4599 = ORIENTED_EDGE('',*,*,#4600,.T.);
#4600 = EDGE_CURVE('',#4076,#4601,#4603,.T.);
#4601 = VERTEX_POINT('',#4602);
#4602 = CARTESIAN_POINT('',(-1.016,-1.27,2.54));
#4603 = LINE('',#4604,#4605);
#4604 = CARTESIAN_POINT('',(-1.27,-1.016,2.54));
#4605 = VECTOR('',#4606,1.);
#4606 = DIRECTION('',(0.707106781187,-0.707106781187,0.));
#4607 = ORIENTED_EDGE('',*,*,#4608,.T.);
#4608 = EDGE_CURVE('',#4601,#4609,#4611,.T.);
#4609 = VERTEX_POINT('',#4610);
#4610 = CARTESIAN_POINT('',(-1.27,-1.524,2.54));
#4611 = LINE('',#4612,#4613);
#4612 = CARTESIAN_POINT('',(-1.016,-1.27,2.54));
#4613 = VECTOR('',#4614,1.);
#4614 = DIRECTION('',(-0.707106781187,-0.707106781187,0.));
#4615 = ORIENTED_EDGE('',*,*,#4616,.T.);
#4616 = EDGE_CURVE('',#4609,#4617,#4619,.T.);
#4617 = VERTEX_POINT('',#4618);
#4618 = CARTESIAN_POINT('',(-1.27,-3.556,2.54));
#4619 = LINE('',#4620,#4621);
#4620 = CARTESIAN_POINT('',(-1.27,-1.524,2.54));
#4621 = VECTOR('',#4622,1.);
#4622 = DIRECTION('',(0.,-1.,0.));
#4623 = ORIENTED_EDGE('',*,*,#4624,.T.);
#4624 = EDGE_CURVE('',#4617,#4625,#4627,.T.);
#4625 = VERTEX_POINT('',#4626);
#4626 = CARTESIAN_POINT('',(-1.016,-3.81,2.54));
#4627 = LINE('',#4628,#4629);
#4628 = CARTESIAN_POINT('',(-1.27,-3.556,2.54));
#4629 = VECTOR('',#4630,1.);
#4630 = DIRECTION('',(0.707106781187,-0.707106781187,0.));
#4631 = ORIENTED_EDGE('',*,*,#4632,.T.);
#4632 = EDGE_CURVE('',#4625,#4633,#4635,.T.);
#4633 = VERTEX_POINT('',#4634);
#4634 = CARTESIAN_POINT('',(-1.27,-4.064,2.54));
#4635 = LINE('',#4636,#4637);
#4636 = CARTESIAN_POINT('',(-1.016,-3.81,2.54));
#4637 = VECTOR('',#4638,1.);
#4638 = DIRECTION('',(-0.707106781187,-0.707106781187,0.));
#4639 = ORIENTED_EDGE('',*,*,#4640,.T.);
#4640 = EDGE_CURVE('',#4633,#4641,#4643,.T.);
#4641 = VERTEX_POINT('',#4642);
#4642 = CARTESIAN_POINT('',(-1.27,-6.096,2.54));
#4643 = LINE('',#4644,#4645);
#4644 = CARTESIAN_POINT('',(-1.27,-4.064,2.54));
#4645 = VECTOR('',#4646,1.);
#4646 = DIRECTION('',(0.,-1.,0.));
#4647 = ORIENTED_EDGE('',*,*,#4648,.T.);
#4648 = EDGE_CURVE('',#4641,#4649,#4651,.T.);
#4649 = VERTEX_POINT('',#4650);
#4650 = CARTESIAN_POINT('',(-1.016,-6.35,2.54));
#4651 = LINE('',#4652,#4653);
#4652 = CARTESIAN_POINT('',(-1.27,-6.096,2.54));
#4653 = VECTOR('',#4654,1.);
#4654 = DIRECTION('',(0.707106781187,-0.707106781187,0.));
#4655 = ORIENTED_EDGE('',*,*,#4656,.T.);
#4656 = EDGE_CURVE('',#4649,#4657,#4659,.T.);
#4657 = VERTEX_POINT('',#4658);
#4658 = CARTESIAN_POINT('',(-1.27,-6.604,2.54));
#4659 = LINE('',#4660,#4661);
#4660 = CARTESIAN_POINT('',(-1.016,-6.35,2.54));
#4661 = VECTOR('',#4662,1.);
#4662 = DIRECTION('',(-0.707106781187,-0.707106781187,0.));
#4663 = ORIENTED_EDGE('',*,*,#4664,.T.);
#4664 = EDGE_CURVE('',#4657,#4665,#4667,.T.);
#4665 = VERTEX_POINT('',#4666);
#4666 = CARTESIAN_POINT('',(-1.27,-8.636,2.54));
#4667 = LINE('',#4668,#4669);
#4668 = CARTESIAN_POINT('',(-1.27,-6.604,2.54));
#4669 = VECTOR('',#4670,1.);
#4670 = DIRECTION('',(0.,-1.,0.));
#4671 = ORIENTED_EDGE('',*,*,#4672,.T.);
#4672 = EDGE_CURVE('',#4665,#4673,#4675,.T.);
#4673 = VERTEX_POINT('',#4674);
#4674 = CARTESIAN_POINT('',(-1.016,-8.89,2.54));
#4675 = LINE('',#4676,#4677);
#4676 = CARTESIAN_POINT('',(-1.27,-8.636,2.54));
#4677 = VECTOR('',#4678,1.);
#4678 = DIRECTION('',(0.707106781187,-0.707106781187,0.));
#4679 = ORIENTED_EDGE('',*,*,#4680,.T.);
#4680 = EDGE_CURVE('',#4673,#4681,#4683,.T.);
#4681 = VERTEX_POINT('',#4682);
#4682 = CARTESIAN_POINT('',(-1.27,-9.144,2.54));
#4683 = LINE('',#4684,#4685);
#4684 = CARTESIAN_POINT('',(-1.016,-8.89,2.54));
#4685 = VECTOR('',#4686,1.);
#4686 = DIRECTION('',(-0.707106781187,-0.707106781187,0.));
#4687 = ORIENTED_EDGE('',*,*,#4688,.T.);
#4688 = EDGE_CURVE('',#4681,#4689,#4691,.T.);
#4689 = VERTEX_POINT('',#4690);
#4690 = CARTESIAN_POINT('',(-1.27,-11.176,2.54));
#4691 = LINE('',#4692,#4693);
#4692 = CARTESIAN_POINT('',(-1.27,-9.144,2.54));
#4693 = VECTOR('',#4694,1.);
#4694 = DIRECTION('',(0.,-1.,0.));
#4695 = ORIENTED_EDGE('',*,*,#4696,.T.);
#4696 = EDGE_CURVE('',#4689,#4697,#4699,.T.);
#4697 = VERTEX_POINT('',#4698);
#4698 = CARTESIAN_POINT('',(-1.016,-11.43,2.54));
#4699 = LINE('',#4700,#4701);
#4700 = CARTESIAN_POINT('',(-1.27,-11.176,2.54));
#4701 = VECTOR('',#4702,1.);
#4702 = DIRECTION('',(0.707106781187,-0.707106781187,0.));
#4703 = ORIENTED_EDGE('',*,*,#4704,.T.);
#4704 = EDGE_CURVE('',#4697,#4705,#4707,.T.);
#4705 = VERTEX_POINT('',#4706);
#4706 = CARTESIAN_POINT('',(-1.27,-11.684,2.54));
#4707 = LINE('',#4708,#4709);
#4708 = CARTESIAN_POINT('',(-1.016,-11.43,2.54));
#4709 = VECTOR('',#4710,1.);
#4710 = DIRECTION('',(-0.707106781187,-0.707106781187,0.));
#4711 = ORIENTED_EDGE('',*,*,#4712,.T.);
#4712 = EDGE_CURVE('',#4705,#4713,#4715,.T.);
#4713 = VERTEX_POINT('',#4714);
#4714 = CARTESIAN_POINT('',(-1.27,-13.716,2.54));
#4715 = LINE('',#4716,#4717);
#4716 = CARTESIAN_POINT('',(-1.27,-11.684,2.54));
#4717 = VECTOR('',#4718,1.);
#4718 = DIRECTION('',(0.,-1.,0.));
#4719 = ORIENTED_EDGE('',*,*,#4720,.T.);
#4720 = EDGE_CURVE('',#4713,#4721,#4723,.T.);
#4721 = VERTEX_POINT('',#4722);
#4722 = CARTESIAN_POINT('',(-1.016,-13.97,2.54));
#4723 = LINE('',#4724,#4725);
#4724 = CARTESIAN_POINT('',(-1.27,-13.716,2.54));
#4725 = VECTOR('',#4726,1.);
#4726 = DIRECTION('',(0.707106781187,-0.707106781187,0.));
#4727 = ORIENTED_EDGE('',*,*,#4728,.T.);
#4728 = EDGE_CURVE('',#4721,#4729,#4731,.T.);
#4729 = VERTEX_POINT('',#4730);
#4730 = CARTESIAN_POINT('',(1.016,-13.97,2.54));
#4731 = LINE('',#4732,#4733);
#4732 = CARTESIAN_POINT('',(-1.016,-13.97,2.54));
#4733 = VECTOR('',#4734,1.);
#4734 = DIRECTION('',(1.,0.,0.));
#4735 = ORIENTED_EDGE('',*,*,#4736,.T.);
#4736 = EDGE_CURVE('',#4729,#4737,#4739,.T.);
#4737 = VERTEX_POINT('',#4738);
#4738 = CARTESIAN_POINT('',(1.27,-13.716,2.54));
#4739 = LINE('',#4740,#4741);
#4740 = CARTESIAN_POINT('',(1.016,-13.97,2.54));
#4741 = VECTOR('',#4742,1.);
#4742 = DIRECTION('',(0.707106781187,0.707106781187,0.));
#4743 = ORIENTED_EDGE('',*,*,#4744,.T.);
#4744 = EDGE_CURVE('',#4737,#4745,#4747,.T.);
#4745 = VERTEX_POINT('',#4746);
#4746 = CARTESIAN_POINT('',(1.27,-11.684,2.54));
#4747 = LINE('',#4748,#4749);
#4748 = CARTESIAN_POINT('',(1.27,-13.716,2.54));
#4749 = VECTOR('',#4750,1.);
#4750 = DIRECTION('',(0.,1.,0.));
#4751 = ORIENTED_EDGE('',*,*,#4752,.T.);
#4752 = EDGE_CURVE('',#4745,#4753,#4755,.T.);
#4753 = VERTEX_POINT('',#4754);
#4754 = CARTESIAN_POINT('',(1.016,-11.43,2.54));
#4755 = LINE('',#4756,#4757);
#4756 = CARTESIAN_POINT('',(1.27,-11.684,2.54));
#4757 = VECTOR('',#4758,1.);
#4758 = DIRECTION('',(-0.707106781187,0.707106781187,0.));
#4759 = ORIENTED_EDGE('',*,*,#4760,.T.);
#4760 = EDGE_CURVE('',#4753,#4761,#4763,.T.);
#4761 = VERTEX_POINT('',#4762);
#4762 = CARTESIAN_POINT('',(1.27,-11.176,2.54));
#4763 = LINE('',#4764,#4765);
#4764 = CARTESIAN_POINT('',(1.016,-11.43,2.54));
#4765 = VECTOR('',#4766,1.);
#4766 = DIRECTION('',(0.707106781187,0.707106781187,0.));
#4767 = ORIENTED_EDGE('',*,*,#4768,.T.);
#4768 = EDGE_CURVE('',#4761,#4769,#4771,.T.);
#4769 = VERTEX_POINT('',#4770);
#4770 = CARTESIAN_POINT('',(1.27,-9.144,2.54));
#4771 = LINE('',#4772,#4773);
#4772 = CARTESIAN_POINT('',(1.27,-11.176,2.54));
#4773 = VECTOR('',#4774,1.);
#4774 = DIRECTION('',(0.,1.,0.));
#4775 = ORIENTED_EDGE('',*,*,#4776,.T.);
#4776 = EDGE_CURVE('',#4769,#4777,#4779,.T.);
#4777 = VERTEX_POINT('',#4778);
#4778 = CARTESIAN_POINT('',(1.016,-8.89,2.54));
#4779 = LINE('',#4780,#4781);
#4780 = CARTESIAN_POINT('',(1.27,-9.144,2.54));
#4781 = VECTOR('',#4782,1.);
#4782 = DIRECTION('',(-0.707106781187,0.707106781187,0.));
#4783 = ORIENTED_EDGE('',*,*,#4784,.T.);
#4784 = EDGE_CURVE('',#4777,#4785,#4787,.T.);
#4785 = VERTEX_POINT('',#4786);
#4786 = CARTESIAN_POINT('',(1.27,-8.636,2.54));
#4787 = LINE('',#4788,#4789);
#4788 = CARTESIAN_POINT('',(1.016,-8.89,2.54));
#4789 = VECTOR('',#4790,1.);
#4790 = DIRECTION('',(0.707106781187,0.707106781187,0.));
#4791 = ORIENTED_EDGE('',*,*,#4792,.T.);
#4792 = EDGE_CURVE('',#4785,#4793,#4795,.T.);
#4793 = VERTEX_POINT('',#4794);
#4794 = CARTESIAN_POINT('',(1.27,-6.604,2.54));
#4795 = LINE('',#4796,#4797);
#4796 = CARTESIAN_POINT('',(1.27,-8.636,2.54));
#4797 = VECTOR('',#4798,1.);
#4798 = DIRECTION('',(0.,1.,0.));
#4799 = ORIENTED_EDGE('',*,*,#4800,.T.);
#4800 = EDGE_CURVE('',#4793,#4801,#4803,.T.);
#4801 = VERTEX_POINT('',#4802);
#4802 = CARTESIAN_POINT('',(1.016,-6.35,2.54));
#4803 = LINE('',#4804,#4805);
#4804 = CARTESIAN_POINT('',(1.27,-6.604,2.54));
#4805 = VECTOR('',#4806,1.);
#4806 = DIRECTION('',(-0.707106781187,0.707106781187,0.));
#4807 = ORIENTED_EDGE('',*,*,#4808,.T.);
#4808 = EDGE_CURVE('',#4801,#4809,#4811,.T.);
#4809 = VERTEX_POINT('',#4810);
#4810 = CARTESIAN_POINT('',(1.27,-6.096,2.54));
#4811 = LINE('',#4812,#4813);
#4812 = CARTESIAN_POINT('',(1.016,-6.35,2.54));
#4813 = VECTOR('',#4814,1.);
#4814 = DIRECTION('',(0.707106781187,0.707106781187,0.));
#4815 = ORIENTED_EDGE('',*,*,#4816,.T.);
#4816 = EDGE_CURVE('',#4809,#4817,#4819,.T.);
#4817 = VERTEX_POINT('',#4818);
#4818 = CARTESIAN_POINT('',(1.27,-4.064,2.54));
#4819 = LINE('',#4820,#4821);
#4820 = CARTESIAN_POINT('',(1.27,-6.096,2.54));
#4821 = VECTOR('',#4822,1.);
#4822 = DIRECTION('',(0.,1.,0.));
#4823 = ORIENTED_EDGE('',*,*,#4824,.T.);
#4824 = EDGE_CURVE('',#4817,#4825,#4827,.T.);
#4825 = VERTEX_POINT('',#4826);
#4826 = CARTESIAN_POINT('',(1.016,-3.81,2.54));
#4827 = LINE('',#4828,#4829);
#4828 = CARTESIAN_POINT('',(1.27,-4.064,2.54));
#4829 = VECTOR('',#4830,1.);
#4830 = DIRECTION('',(-0.707106781187,0.707106781187,0.));
#4831 = ORIENTED_EDGE('',*,*,#4832,.T.);
#4832 = EDGE_CURVE('',#4825,#4833,#4835,.T.);
#4833 = VERTEX_POINT('',#4834);
#4834 = CARTESIAN_POINT('',(1.27,-3.556,2.54));
#4835 = LINE('',#4836,#4837);
#4836 = CARTESIAN_POINT('',(1.016,-3.81,2.54));
#4837 = VECTOR('',#4838,1.);
#4838 = DIRECTION('',(0.707106781187,0.707106781187,0.));
#4839 = ORIENTED_EDGE('',*,*,#4840,.T.);
#4840 = EDGE_CURVE('',#4833,#4841,#4843,.T.);
#4841 = VERTEX_POINT('',#4842);
#4842 = CARTESIAN_POINT('',(1.27,-1.524,2.54));
#4843 = LINE('',#4844,#4845);
#4844 = CARTESIAN_POINT('',(1.27,-3.556,2.54));
#4845 = VECTOR('',#4846,1.);
#4846 = DIRECTION('',(0.,1.,0.));
#4847 = ORIENTED_EDGE('',*,*,#4848,.T.);
#4848 = EDGE_CURVE('',#4841,#4849,#4851,.T.);
#4849 = VERTEX_POINT('',#4850);
#4850 = CARTESIAN_POINT('',(1.016,-1.27,2.54));
#4851 = LINE('',#4852,#4853);
#4852 = CARTESIAN_POINT('',(1.27,-1.524,2.54));
#4853 = VECTOR('',#4854,1.);
#4854 = DIRECTION('',(-0.707106781187,0.707106781187,0.));
#4855 = ORIENTED_EDGE('',*,*,#4856,.T.);
#4856 = EDGE_CURVE('',#4849,#4857,#4859,.T.);
#4857 = VERTEX_POINT('',#4858);
#4858 = CARTESIAN_POINT('',(1.27,-1.016,2.54));
#4859 = LINE('',#4860,#4861);
#4860 = CARTESIAN_POINT('',(1.016,-1.27,2.54));
#4861 = VECTOR('',#4862,1.);
#4862 = DIRECTION('',(0.707106781187,0.707106781187,0.));
#4863 = ORIENTED_EDGE('',*,*,#4864,.T.);
#4864 = EDGE_CURVE('',#4857,#4865,#4867,.T.);
#4865 = VERTEX_POINT('',#4866);
#4866 = CARTESIAN_POINT('',(1.27,1.016,2.54));
#4867 = LINE('',#4868,#4869);
#4868 = CARTESIAN_POINT('',(1.27,-1.016,2.54));
#4869 = VECTOR('',#4870,1.);
#4870 = DIRECTION('',(0.,1.,0.));
#4871 = ORIENTED_EDGE('',*,*,#4872,.T.);
#4872 = EDGE_CURVE('',#4865,#4046,#4873,.T.);
#4873 = LINE('',#4874,#4875);
#4874 = CARTESIAN_POINT('',(1.27,1.016,2.54));
#4875 = VECTOR('',#4876,1.);
#4876 = DIRECTION('',(-0.707106781187,0.707106781187,0.));
#4877 = ORIENTED_EDGE('',*,*,#4053,.T.);
#4878 = FACE_BOUND('',#4879,.T.);
#4879 = EDGE_LOOP('',(#4880,#4890,#4898,#4906));
#4880 = ORIENTED_EDGE('',*,*,#4881,.F.);
#4881 = EDGE_CURVE('',#4882,#4884,#4886,.T.);
#4882 = VERTEX_POINT('',#4883);
#4883 = CARTESIAN_POINT('',(0.32,-0.32,2.54));
#4884 = VERTEX_POINT('',#4885);
#4885 = CARTESIAN_POINT('',(0.32,0.32,2.54));
#4886 = LINE('',#4887,#4888);
#4887 = CARTESIAN_POINT('',(0.32,-3.335,2.54));
#4888 = VECTOR('',#4889,1.);
#4889 = DIRECTION('',(0.,1.,0.));
#4890 = ORIENTED_EDGE('',*,*,#4891,.T.);
#4891 = EDGE_CURVE('',#4882,#4892,#4894,.T.);
#4892 = VERTEX_POINT('',#4893);
#4893 = CARTESIAN_POINT('',(-0.32,-0.32,2.54));
#4894 = LINE('',#4895,#4896);
#4895 = CARTESIAN_POINT('',(-0.16,-0.32,2.54));
#4896 = VECTOR('',#4897,1.);
#4897 = DIRECTION('',(-1.,0.,0.));
#4898 = ORIENTED_EDGE('',*,*,#4899,.T.);
#4899 = EDGE_CURVE('',#4892,#4900,#4902,.T.);
#4900 = VERTEX_POINT('',#4901);
#4901 = CARTESIAN_POINT('',(-0.32,0.32,2.54));
#4902 = LINE('',#4903,#4904);
#4903 = CARTESIAN_POINT('',(-0.32,-3.335,2.54));
#4904 = VECTOR('',#4905,1.);
#4905 = DIRECTION('',(0.,1.,0.));
#4906 = ORIENTED_EDGE('',*,*,#4907,.F.);
#4907 = EDGE_CURVE('',#4884,#4900,#4908,.T.);
#4908 = LINE('',#4909,#4910);
#4909 = CARTESIAN_POINT('',(-0.16,0.32,2.54));
#4910 = VECTOR('',#4911,1.);
#4911 = DIRECTION('',(-1.,0.,0.));
#4912 = FACE_BOUND('',#4913,.T.);
#4913 = EDGE_LOOP('',(#4914,#4924,#4932,#4940));
#4914 = ORIENTED_EDGE('',*,*,#4915,.F.);
#4915 = EDGE_CURVE('',#4916,#4918,#4920,.T.);
#4916 = VERTEX_POINT('',#4917);
#4917 = CARTESIAN_POINT('',(0.32,-5.4,2.54));
#4918 = VERTEX_POINT('',#4919);
#4919 = CARTESIAN_POINT('',(0.32,-4.76,2.54));
#4920 = LINE('',#4921,#4922);
#4921 = CARTESIAN_POINT('',(0.32,-5.875,2.54));
#4922 = VECTOR('',#4923,1.);
#4923 = DIRECTION('',(0.,1.,0.));
#4924 = ORIENTED_EDGE('',*,*,#4925,.T.);
#4925 = EDGE_CURVE('',#4916,#4926,#4928,.T.);
#4926 = VERTEX_POINT('',#4927);
#4927 = CARTESIAN_POINT('',(-0.32,-5.4,2.54));
#4928 = LINE('',#4929,#4930);
#4929 = CARTESIAN_POINT('',(-0.16,-5.4,2.54));
#4930 = VECTOR('',#4931,1.);
#4931 = DIRECTION('',(-1.,0.,0.));
#4932 = ORIENTED_EDGE('',*,*,#4933,.T.);
#4933 = EDGE_CURVE('',#4926,#4934,#4936,.T.);
#4934 = VERTEX_POINT('',#4935);
#4935 = CARTESIAN_POINT('',(-0.32,-4.76,2.54));
#4936 = LINE('',#4937,#4938);
#4937 = CARTESIAN_POINT('',(-0.32,-5.875,2.54));
#4938 = VECTOR('',#4939,1.);
#4939 = DIRECTION('',(0.,1.,0.));
#4940 = ORIENTED_EDGE('',*,*,#4941,.F.);
#4941 = EDGE_CURVE('',#4918,#4934,#4942,.T.);
#4942 = LINE('',#4943,#4944);
#4943 = CARTESIAN_POINT('',(-0.16,-4.76,2.54));
#4944 = VECTOR('',#4945,1.);
#4945 = DIRECTION('',(-1.,0.,0.));
#4946 = FACE_BOUND('',#4947,.T.);
#4947 = EDGE_LOOP('',(#4948,#4958,#4966,#4974));
#4948 = ORIENTED_EDGE('',*,*,#4949,.F.);
#4949 = EDGE_CURVE('',#4950,#4952,#4954,.T.);
#4950 = VERTEX_POINT('',#4951);
#4951 = CARTESIAN_POINT('',(0.32,-2.86,2.54));
#4952 = VERTEX_POINT('',#4953);
#4953 = CARTESIAN_POINT('',(0.32,-2.22,2.54));
#4954 = LINE('',#4955,#4956);
#4955 = CARTESIAN_POINT('',(0.32,-4.605,2.54));
#4956 = VECTOR('',#4957,1.);
#4957 = DIRECTION('',(0.,1.,0.));
#4958 = ORIENTED_EDGE('',*,*,#4959,.T.);
#4959 = EDGE_CURVE('',#4950,#4960,#4962,.T.);
#4960 = VERTEX_POINT('',#4961);
#4961 = CARTESIAN_POINT('',(-0.32,-2.86,2.54));
#4962 = LINE('',#4963,#4964);
#4963 = CARTESIAN_POINT('',(-0.16,-2.86,2.54));
#4964 = VECTOR('',#4965,1.);
#4965 = DIRECTION('',(-1.,0.,0.));
#4966 = ORIENTED_EDGE('',*,*,#4967,.T.);
#4967 = EDGE_CURVE('',#4960,#4968,#4970,.T.);
#4968 = VERTEX_POINT('',#4969);
#4969 = CARTESIAN_POINT('',(-0.32,-2.22,2.54));
#4970 = LINE('',#4971,#4972);
#4971 = CARTESIAN_POINT('',(-0.32,-4.605,2.54));
#4972 = VECTOR('',#4973,1.);
#4973 = DIRECTION('',(0.,1.,0.));
#4974 = ORIENTED_EDGE('',*,*,#4975,.F.);
#4975 = EDGE_CURVE('',#4952,#4968,#4976,.T.);
#4976 = LINE('',#4977,#4978);
#4977 = CARTESIAN_POINT('',(-0.16,-2.22,2.54));
#4978 = VECTOR('',#4979,1.);
#4979 = DIRECTION('',(-1.,0.,0.));
#4980 = FACE_BOUND('',#4981,.T.);
#4981 = EDGE_LOOP('',(#4982,#4992,#5000,#5008));
#4982 = ORIENTED_EDGE('',*,*,#4983,.T.);
#4983 = EDGE_CURVE('',#4984,#4986,#4988,.T.);
#4984 = VERTEX_POINT('',#4985);
#4985 = CARTESIAN_POINT('',(0.32,-13.02,2.54));
#4986 = VERTEX_POINT('',#4987);
#4987 = CARTESIAN_POINT('',(-0.32,-13.02,2.54));
#4988 = LINE('',#4989,#4990);
#4989 = CARTESIAN_POINT('',(-0.16,-13.02,2.54));
#4990 = VECTOR('',#4991,1.);
#4991 = DIRECTION('',(-1.,0.,0.));
#4992 = ORIENTED_EDGE('',*,*,#4993,.T.);
#4993 = EDGE_CURVE('',#4986,#4994,#4996,.T.);
#4994 = VERTEX_POINT('',#4995);
#4995 = CARTESIAN_POINT('',(-0.32,-12.38,2.54));
#4996 = LINE('',#4997,#4998);
#4997 = CARTESIAN_POINT('',(-0.32,-9.685,2.54));
#4998 = VECTOR('',#4999,1.);
#4999 = DIRECTION('',(0.,1.,0.));
#5000 = ORIENTED_EDGE('',*,*,#5001,.F.);
#5001 = EDGE_CURVE('',#5002,#4994,#5004,.T.);
#5002 = VERTEX_POINT('',#5003);
#5003 = CARTESIAN_POINT('',(0.32,-12.38,2.54));
#5004 = LINE('',#5005,#5006);
#5005 = CARTESIAN_POINT('',(-0.16,-12.38,2.54));
#5006 = VECTOR('',#5007,1.);
#5007 = DIRECTION('',(-1.,0.,0.));
#5008 = ORIENTED_EDGE('',*,*,#5009,.F.);
#5009 = EDGE_CURVE('',#4984,#5002,#5010,.T.);
#5010 = LINE('',#5011,#5012);
#5011 = CARTESIAN_POINT('',(0.32,-9.685,2.54));
#5012 = VECTOR('',#5013,1.);
#5013 = DIRECTION('',(0.,1.,0.));
#5014 = FACE_BOUND('',#5015,.T.);
#5015 = EDGE_LOOP('',(#5016,#5026,#5034,#5042));
#5016 = ORIENTED_EDGE('',*,*,#5017,.F.);
#5017 = EDGE_CURVE('',#5018,#5020,#5022,.T.);
#5018 = VERTEX_POINT('',#5019);
#5019 = CARTESIAN_POINT('',(0.32,-9.84,2.54));
#5020 = VERTEX_POINT('',#5021);
#5021 = CARTESIAN_POINT('',(-0.32,-9.84,2.54));
#5022 = LINE('',#5023,#5024);
#5023 = CARTESIAN_POINT('',(-0.16,-9.84,2.54));
#5024 = VECTOR('',#5025,1.);
#5025 = DIRECTION('',(-1.,0.,0.));
#5026 = ORIENTED_EDGE('',*,*,#5027,.F.);
#5027 = EDGE_CURVE('',#5028,#5018,#5030,.T.);
#5028 = VERTEX_POINT('',#5029);
#5029 = CARTESIAN_POINT('',(0.32,-10.48,2.54));
#5030 = LINE('',#5031,#5032);
#5031 = CARTESIAN_POINT('',(0.32,-8.415,2.54));
#5032 = VECTOR('',#5033,1.);
#5033 = DIRECTION('',(0.,1.,0.));
#5034 = ORIENTED_EDGE('',*,*,#5035,.T.);
#5035 = EDGE_CURVE('',#5028,#5036,#5038,.T.);
#5036 = VERTEX_POINT('',#5037);
#5037 = CARTESIAN_POINT('',(-0.32,-10.48,2.54));
#5038 = LINE('',#5039,#5040);
#5039 = CARTESIAN_POINT('',(-0.16,-10.48,2.54));
#5040 = VECTOR('',#5041,1.);
#5041 = DIRECTION('',(-1.,0.,0.));
#5042 = ORIENTED_EDGE('',*,*,#5043,.T.);
#5043 = EDGE_CURVE('',#5036,#5020,#5044,.T.);
#5044 = LINE('',#5045,#5046);
#5045 = CARTESIAN_POINT('',(-0.32,-8.415,2.54));
#5046 = VECTOR('',#5047,1.);
#5047 = DIRECTION('',(0.,1.,0.));
#5048 = FACE_BOUND('',#5049,.T.);
#5049 = EDGE_LOOP('',(#5050,#5060,#5068,#5076));
#5050 = ORIENTED_EDGE('',*,*,#5051,.T.);
#5051 = EDGE_CURVE('',#5052,#5054,#5056,.T.);
#5052 = VERTEX_POINT('',#5053);
#5053 = CARTESIAN_POINT('',(0.32,-7.94,2.54));
#5054 = VERTEX_POINT('',#5055);
#5055 = CARTESIAN_POINT('',(-0.32,-7.94,2.54));
#5056 = LINE('',#5057,#5058);
#5057 = CARTESIAN_POINT('',(-0.16,-7.94,2.54));
#5058 = VECTOR('',#5059,1.);
#5059 = DIRECTION('',(-1.,0.,0.));
#5060 = ORIENTED_EDGE('',*,*,#5061,.T.);
#5061 = EDGE_CURVE('',#5054,#5062,#5064,.T.);
#5062 = VERTEX_POINT('',#5063);
#5063 = CARTESIAN_POINT('',(-0.32,-7.3,2.54));
#5064 = LINE('',#5065,#5066);
#5065 = CARTESIAN_POINT('',(-0.32,-7.145,2.54));
#5066 = VECTOR('',#5067,1.);
#5067 = DIRECTION('',(0.,1.,0.));
#5068 = ORIENTED_EDGE('',*,*,#5069,.F.);
#5069 = EDGE_CURVE('',#5070,#5062,#5072,.T.);
#5070 = VERTEX_POINT('',#5071);
#5071 = CARTESIAN_POINT('',(0.32,-7.3,2.54));
#5072 = LINE('',#5073,#5074);
#5073 = CARTESIAN_POINT('',(-0.16,-7.3,2.54));
#5074 = VECTOR('',#5075,1.);
#5075 = DIRECTION('',(-1.,0.,0.));
#5076 = ORIENTED_EDGE('',*,*,#5077,.F.);
#5077 = EDGE_CURVE('',#5052,#5070,#5078,.T.);
#5078 = LINE('',#5079,#5080);
#5079 = CARTESIAN_POINT('',(0.32,-7.145,2.54));
#5080 = VECTOR('',#5081,1.);
#5081 = DIRECTION('',(0.,1.,0.));
#5082 = PLANE('',#5083);
#5083 = AXIS2_PLACEMENT_3D('',#5084,#5085,#5086);
#5084 = CARTESIAN_POINT('',(-1.797008255889E-17,-6.35,2.54));
#5085 = DIRECTION('',(0.,0.,1.));
#5086 = DIRECTION('',(1.,0.,-0.));
#5087 = ADVANCED_FACE('',(#5088),#5099,.F.);
#5088 = FACE_BOUND('',#5089,.F.);
#5089 = EDGE_LOOP('',(#5090,#5096,#5097,#5098));
#5090 = ORIENTED_EDGE('',*,*,#5091,.T.);
#5091 = EDGE_CURVE('',#4372,#4865,#5092,.T.);
#5092 = LINE('',#5093,#5094);
#5093 = CARTESIAN_POINT('',(1.27,1.016,0.));
#5094 = VECTOR('',#5095,1.);
#5095 = DIRECTION('',(0.,0.,1.));
#5096 = ORIENTED_EDGE('',*,*,#4872,.T.);
#5097 = ORIENTED_EDGE('',*,*,#4043,.F.);
#5098 = ORIENTED_EDGE('',*,*,#4379,.F.);
#5099 = PLANE('',#5100);
#5100 = AXIS2_PLACEMENT_3D('',#5101,#5102,#5103);
#5101 = CARTESIAN_POINT('',(1.27,1.016,0.));
#5102 = DIRECTION('',(-0.707106781187,-0.707106781187,0.));
#5103 = DIRECTION('',(-0.707106781187,0.707106781187,0.));
#5104 = ADVANCED_FACE('',(#5105),#5116,.F.);
#5105 = FACE_BOUND('',#5106,.F.);
#5106 = EDGE_LOOP('',(#5107,#5108,#5109,#5115));
#5107 = ORIENTED_EDGE('',*,*,#4083,.T.);
#5108 = ORIENTED_EDGE('',*,*,#4600,.T.);
#5109 = ORIENTED_EDGE('',*,*,#5110,.F.);
#5110 = EDGE_CURVE('',#4108,#4601,#5111,.T.);
#5111 = LINE('',#5112,#5113);
#5112 = CARTESIAN_POINT('',(-1.016,-1.27,0.));
#5113 = VECTOR('',#5114,1.);
#5114 = DIRECTION('',(0.,0.,1.));
#5115 = ORIENTED_EDGE('',*,*,#4107,.F.);
#5116 = PLANE('',#5117);
#5117 = AXIS2_PLACEMENT_3D('',#5118,#5119,#5120);
#5118 = CARTESIAN_POINT('',(-1.27,-1.016,0.));
#5119 = DIRECTION('',(0.707106781187,0.707106781187,0.));
#5120 = DIRECTION('',(0.707106781187,-0.707106781187,0.));
#5121 = ADVANCED_FACE('',(#5122),#5133,.F.);
#5122 = FACE_BOUND('',#5123,.F.);
#5123 = EDGE_LOOP('',(#5124,#5130,#5131,#5132));
#5124 = ORIENTED_EDGE('',*,*,#5125,.T.);
#5125 = EDGE_CURVE('',#4364,#4857,#5126,.T.);
#5126 = LINE('',#5127,#5128);
#5127 = CARTESIAN_POINT('',(1.27,-1.016,0.));
#5128 = VECTOR('',#5129,1.);
#5129 = DIRECTION('',(0.,0.,1.));
#5130 = ORIENTED_EDGE('',*,*,#4864,.T.);
#5131 = ORIENTED_EDGE('',*,*,#5091,.F.);
#5132 = ORIENTED_EDGE('',*,*,#4371,.F.);
#5133 = PLANE('',#5134);
#5134 = AXIS2_PLACEMENT_3D('',#5135,#5136,#5137);
#5135 = CARTESIAN_POINT('',(1.27,-1.016,0.));
#5136 = DIRECTION('',(-1.,0.,0.));
#5137 = DIRECTION('',(0.,1.,0.));
#5138 = ADVANCED_FACE('',(#5139),#5150,.F.);
#5139 = FACE_BOUND('',#5140,.F.);
#5140 = EDGE_LOOP('',(#5141,#5142,#5143,#5149));
#5141 = ORIENTED_EDGE('',*,*,#5110,.T.);
#5142 = ORIENTED_EDGE('',*,*,#4608,.T.);
#5143 = ORIENTED_EDGE('',*,*,#5144,.F.);
#5144 = EDGE_CURVE('',#4116,#4609,#5145,.T.);
#5145 = LINE('',#5146,#5147);
#5146 = CARTESIAN_POINT('',(-1.27,-1.524,0.));
#5147 = VECTOR('',#5148,1.);
#5148 = DIRECTION('',(0.,0.,1.));
#5149 = ORIENTED_EDGE('',*,*,#4115,.F.);
#5150 = PLANE('',#5151);
#5151 = AXIS2_PLACEMENT_3D('',#5152,#5153,#5154);
#5152 = CARTESIAN_POINT('',(-1.016,-1.27,0.));
#5153 = DIRECTION('',(0.707106781187,-0.707106781187,0.));
#5154 = DIRECTION('',(-0.707106781187,-0.707106781187,0.));
#5155 = ADVANCED_FACE('',(#5156),#5167,.F.);
#5156 = FACE_BOUND('',#5157,.F.);
#5157 = EDGE_LOOP('',(#5158,#5164,#5165,#5166));
#5158 = ORIENTED_EDGE('',*,*,#5159,.T.);
#5159 = EDGE_CURVE('',#4356,#4849,#5160,.T.);
#5160 = LINE('',#5161,#5162);
#5161 = CARTESIAN_POINT('',(1.016,-1.27,0.));
#5162 = VECTOR('',#5163,1.);
#5163 = DIRECTION('',(0.,0.,1.));
#5164 = ORIENTED_EDGE('',*,*,#4856,.T.);
#5165 = ORIENTED_EDGE('',*,*,#5125,.F.);
#5166 = ORIENTED_EDGE('',*,*,#4363,.F.);
#5167 = PLANE('',#5168);
#5168 = AXIS2_PLACEMENT_3D('',#5169,#5170,#5171);
#5169 = CARTESIAN_POINT('',(1.016,-1.27,0.));
#5170 = DIRECTION('',(-0.707106781187,0.707106781187,0.));
#5171 = DIRECTION('',(0.707106781187,0.707106781187,0.));
#5172 = ADVANCED_FACE('',(#5173),#5184,.F.);
#5173 = FACE_BOUND('',#5174,.F.);
#5174 = EDGE_LOOP('',(#5175,#5176,#5177,#5183));
#5175 = ORIENTED_EDGE('',*,*,#5144,.T.);
#5176 = ORIENTED_EDGE('',*,*,#4616,.T.);
#5177 = ORIENTED_EDGE('',*,*,#5178,.F.);
#5178 = EDGE_CURVE('',#4124,#4617,#5179,.T.);
#5179 = LINE('',#5180,#5181);
#5180 = CARTESIAN_POINT('',(-1.27,-3.556,0.));
#5181 = VECTOR('',#5182,1.);
#5182 = DIRECTION('',(0.,0.,1.));
#5183 = ORIENTED_EDGE('',*,*,#4123,.F.);
#5184 = PLANE('',#5185);
#5185 = AXIS2_PLACEMENT_3D('',#5186,#5187,#5188);
#5186 = CARTESIAN_POINT('',(-1.27,-1.524,0.));
#5187 = DIRECTION('',(1.,0.,0.));
#5188 = DIRECTION('',(0.,-1.,0.));
#5189 = ADVANCED_FACE('',(#5190),#5201,.F.);
#5190 = FACE_BOUND('',#5191,.F.);
#5191 = EDGE_LOOP('',(#5192,#5198,#5199,#5200));
#5192 = ORIENTED_EDGE('',*,*,#5193,.T.);
#5193 = EDGE_CURVE('',#4348,#4841,#5194,.T.);
#5194 = LINE('',#5195,#5196);
#5195 = CARTESIAN_POINT('',(1.27,-1.524,0.));
#5196 = VECTOR('',#5197,1.);
#5197 = DIRECTION('',(0.,0.,1.));
#5198 = ORIENTED_EDGE('',*,*,#4848,.T.);
#5199 = ORIENTED_EDGE('',*,*,#5159,.F.);
#5200 = ORIENTED_EDGE('',*,*,#4355,.F.);
#5201 = PLANE('',#5202);
#5202 = AXIS2_PLACEMENT_3D('',#5203,#5204,#5205);
#5203 = CARTESIAN_POINT('',(1.27,-1.524,0.));
#5204 = DIRECTION('',(-0.707106781187,-0.707106781187,0.));
#5205 = DIRECTION('',(-0.707106781187,0.707106781187,0.));
#5206 = ADVANCED_FACE('',(#5207),#5218,.F.);
#5207 = FACE_BOUND('',#5208,.F.);
#5208 = EDGE_LOOP('',(#5209,#5210,#5211,#5217));
#5209 = ORIENTED_EDGE('',*,*,#5178,.T.);
#5210 = ORIENTED_EDGE('',*,*,#4624,.T.);
#5211 = ORIENTED_EDGE('',*,*,#5212,.F.);
#5212 = EDGE_CURVE('',#4132,#4625,#5213,.T.);
#5213 = LINE('',#5214,#5215);
#5214 = CARTESIAN_POINT('',(-1.016,-3.81,0.));
#5215 = VECTOR('',#5216,1.);
#5216 = DIRECTION('',(0.,0.,1.));
#5217 = ORIENTED_EDGE('',*,*,#4131,.F.);
#5218 = PLANE('',#5219);
#5219 = AXIS2_PLACEMENT_3D('',#5220,#5221,#5222);
#5220 = CARTESIAN_POINT('',(-1.27,-3.556,0.));
#5221 = DIRECTION('',(0.707106781187,0.707106781187,0.));
#5222 = DIRECTION('',(0.707106781187,-0.707106781187,0.));
#5223 = ADVANCED_FACE('',(#5224),#5235,.F.);
#5224 = FACE_BOUND('',#5225,.F.);
#5225 = EDGE_LOOP('',(#5226,#5232,#5233,#5234));
#5226 = ORIENTED_EDGE('',*,*,#5227,.T.);
#5227 = EDGE_CURVE('',#4340,#4833,#5228,.T.);
#5228 = LINE('',#5229,#5230);
#5229 = CARTESIAN_POINT('',(1.27,-3.556,0.));
#5230 = VECTOR('',#5231,1.);
#5231 = DIRECTION('',(0.,0.,1.));
#5232 = ORIENTED_EDGE('',*,*,#4840,.T.);
#5233 = ORIENTED_EDGE('',*,*,#5193,.F.);
#5234 = ORIENTED_EDGE('',*,*,#4347,.F.);
#5235 = PLANE('',#5236);
#5236 = AXIS2_PLACEMENT_3D('',#5237,#5238,#5239);
#5237 = CARTESIAN_POINT('',(1.27,-3.556,0.));
#5238 = DIRECTION('',(-1.,0.,0.));
#5239 = DIRECTION('',(0.,1.,0.));
#5240 = ADVANCED_FACE('',(#5241),#5252,.F.);
#5241 = FACE_BOUND('',#5242,.F.);
#5242 = EDGE_LOOP('',(#5243,#5244,#5245,#5251));
#5243 = ORIENTED_EDGE('',*,*,#5212,.T.);
#5244 = ORIENTED_EDGE('',*,*,#4632,.T.);
#5245 = ORIENTED_EDGE('',*,*,#5246,.F.);
#5246 = EDGE_CURVE('',#4140,#4633,#5247,.T.);
#5247 = LINE('',#5248,#5249);
#5248 = CARTESIAN_POINT('',(-1.27,-4.064,0.));
#5249 = VECTOR('',#5250,1.);
#5250 = DIRECTION('',(0.,0.,1.));
#5251 = ORIENTED_EDGE('',*,*,#4139,.F.);
#5252 = PLANE('',#5253);
#5253 = AXIS2_PLACEMENT_3D('',#5254,#5255,#5256);
#5254 = CARTESIAN_POINT('',(-1.016,-3.81,0.));
#5255 = DIRECTION('',(0.707106781187,-0.707106781187,0.));
#5256 = DIRECTION('',(-0.707106781187,-0.707106781187,0.));
#5257 = ADVANCED_FACE('',(#5258),#5269,.F.);
#5258 = FACE_BOUND('',#5259,.F.);
#5259 = EDGE_LOOP('',(#5260,#5266,#5267,#5268));
#5260 = ORIENTED_EDGE('',*,*,#5261,.T.);
#5261 = EDGE_CURVE('',#4332,#4825,#5262,.T.);
#5262 = LINE('',#5263,#5264);
#5263 = CARTESIAN_POINT('',(1.016,-3.81,0.));
#5264 = VECTOR('',#5265,1.);
#5265 = DIRECTION('',(0.,0.,1.));
#5266 = ORIENTED_EDGE('',*,*,#4832,.T.);
#5267 = ORIENTED_EDGE('',*,*,#5227,.F.);
#5268 = ORIENTED_EDGE('',*,*,#4339,.F.);
#5269 = PLANE('',#5270);
#5270 = AXIS2_PLACEMENT_3D('',#5271,#5272,#5273);
#5271 = CARTESIAN_POINT('',(1.016,-3.81,0.));
#5272 = DIRECTION('',(-0.707106781187,0.707106781187,0.));
#5273 = DIRECTION('',(0.707106781187,0.707106781187,0.));
#5274 = ADVANCED_FACE('',(#5275),#5286,.F.);
#5275 = FACE_BOUND('',#5276,.F.);
#5276 = EDGE_LOOP('',(#5277,#5278,#5279,#5285));
#5277 = ORIENTED_EDGE('',*,*,#5246,.T.);
#5278 = ORIENTED_EDGE('',*,*,#4640,.T.);
#5279 = ORIENTED_EDGE('',*,*,#5280,.F.);
#5280 = EDGE_CURVE('',#4148,#4641,#5281,.T.);
#5281 = LINE('',#5282,#5283);
#5282 = CARTESIAN_POINT('',(-1.27,-6.096,0.));
#5283 = VECTOR('',#5284,1.);
#5284 = DIRECTION('',(0.,0.,1.));
#5285 = ORIENTED_EDGE('',*,*,#4147,.F.);
#5286 = PLANE('',#5287);
#5287 = AXIS2_PLACEMENT_3D('',#5288,#5289,#5290);
#5288 = CARTESIAN_POINT('',(-1.27,-4.064,0.));
#5289 = DIRECTION('',(1.,0.,0.));
#5290 = DIRECTION('',(0.,-1.,0.));
#5291 = ADVANCED_FACE('',(#5292),#5303,.F.);
#5292 = FACE_BOUND('',#5293,.F.);
#5293 = EDGE_LOOP('',(#5294,#5300,#5301,#5302));
#5294 = ORIENTED_EDGE('',*,*,#5295,.T.);
#5295 = EDGE_CURVE('',#4324,#4817,#5296,.T.);
#5296 = LINE('',#5297,#5298);
#5297 = CARTESIAN_POINT('',(1.27,-4.064,0.));
#5298 = VECTOR('',#5299,1.);
#5299 = DIRECTION('',(0.,0.,1.));
#5300 = ORIENTED_EDGE('',*,*,#4824,.T.);
#5301 = ORIENTED_EDGE('',*,*,#5261,.F.);
#5302 = ORIENTED_EDGE('',*,*,#4331,.F.);
#5303 = PLANE('',#5304);
#5304 = AXIS2_PLACEMENT_3D('',#5305,#5306,#5307);
#5305 = CARTESIAN_POINT('',(1.27,-4.064,0.));
#5306 = DIRECTION('',(-0.707106781187,-0.707106781187,0.));
#5307 = DIRECTION('',(-0.707106781187,0.707106781187,0.));
#5308 = ADVANCED_FACE('',(#5309),#5320,.F.);
#5309 = FACE_BOUND('',#5310,.F.);
#5310 = EDGE_LOOP('',(#5311,#5312,#5313,#5319));
#5311 = ORIENTED_EDGE('',*,*,#5280,.T.);
#5312 = ORIENTED_EDGE('',*,*,#4648,.T.);
#5313 = ORIENTED_EDGE('',*,*,#5314,.F.);
#5314 = EDGE_CURVE('',#4156,#4649,#5315,.T.);
#5315 = LINE('',#5316,#5317);
#5316 = CARTESIAN_POINT('',(-1.016,-6.35,0.));
#5317 = VECTOR('',#5318,1.);
#5318 = DIRECTION('',(0.,0.,1.));
#5319 = ORIENTED_EDGE('',*,*,#4155,.F.);
#5320 = PLANE('',#5321);
#5321 = AXIS2_PLACEMENT_3D('',#5322,#5323,#5324);
#5322 = CARTESIAN_POINT('',(-1.27,-6.096,0.));
#5323 = DIRECTION('',(0.707106781187,0.707106781187,0.));
#5324 = DIRECTION('',(0.707106781187,-0.707106781187,0.));
#5325 = ADVANCED_FACE('',(#5326),#5337,.F.);
#5326 = FACE_BOUND('',#5327,.F.);
#5327 = EDGE_LOOP('',(#5328,#5334,#5335,#5336));
#5328 = ORIENTED_EDGE('',*,*,#5329,.T.);
#5329 = EDGE_CURVE('',#4316,#4809,#5330,.T.);
#5330 = LINE('',#5331,#5332);
#5331 = CARTESIAN_POINT('',(1.27,-6.096,0.));
#5332 = VECTOR('',#5333,1.);
#5333 = DIRECTION('',(0.,0.,1.));
#5334 = ORIENTED_EDGE('',*,*,#4816,.T.);
#5335 = ORIENTED_EDGE('',*,*,#5295,.F.);
#5336 = ORIENTED_EDGE('',*,*,#4323,.F.);
#5337 = PLANE('',#5338);
#5338 = AXIS2_PLACEMENT_3D('',#5339,#5340,#5341);
#5339 = CARTESIAN_POINT('',(1.27,-6.096,0.));
#5340 = DIRECTION('',(-1.,0.,0.));
#5341 = DIRECTION('',(0.,1.,0.));
#5342 = ADVANCED_FACE('',(#5343),#5354,.F.);
#5343 = FACE_BOUND('',#5344,.F.);
#5344 = EDGE_LOOP('',(#5345,#5346,#5347,#5353));
#5345 = ORIENTED_EDGE('',*,*,#5314,.T.);
#5346 = ORIENTED_EDGE('',*,*,#4656,.T.);
#5347 = ORIENTED_EDGE('',*,*,#5348,.F.);
#5348 = EDGE_CURVE('',#4164,#4657,#5349,.T.);
#5349 = LINE('',#5350,#5351);
#5350 = CARTESIAN_POINT('',(-1.27,-6.604,0.));
#5351 = VECTOR('',#5352,1.);
#5352 = DIRECTION('',(0.,0.,1.));
#5353 = ORIENTED_EDGE('',*,*,#4163,.F.);
#5354 = PLANE('',#5355);
#5355 = AXIS2_PLACEMENT_3D('',#5356,#5357,#5358);
#5356 = CARTESIAN_POINT('',(-1.016,-6.35,0.));
#5357 = DIRECTION('',(0.707106781187,-0.707106781187,0.));
#5358 = DIRECTION('',(-0.707106781187,-0.707106781187,0.));
#5359 = ADVANCED_FACE('',(#5360),#5371,.F.);
#5360 = FACE_BOUND('',#5361,.F.);
#5361 = EDGE_LOOP('',(#5362,#5368,#5369,#5370));
#5362 = ORIENTED_EDGE('',*,*,#5363,.T.);
#5363 = EDGE_CURVE('',#4308,#4801,#5364,.T.);
#5364 = LINE('',#5365,#5366);
#5365 = CARTESIAN_POINT('',(1.016,-6.35,0.));
#5366 = VECTOR('',#5367,1.);
#5367 = DIRECTION('',(0.,0.,1.));
#5368 = ORIENTED_EDGE('',*,*,#4808,.T.);
#5369 = ORIENTED_EDGE('',*,*,#5329,.F.);
#5370 = ORIENTED_EDGE('',*,*,#4315,.F.);
#5371 = PLANE('',#5372);
#5372 = AXIS2_PLACEMENT_3D('',#5373,#5374,#5375);
#5373 = CARTESIAN_POINT('',(1.016,-6.35,0.));
#5374 = DIRECTION('',(-0.707106781187,0.707106781187,0.));
#5375 = DIRECTION('',(0.707106781187,0.707106781187,0.));
#5376 = ADVANCED_FACE('',(#5377),#5388,.F.);
#5377 = FACE_BOUND('',#5378,.F.);
#5378 = EDGE_LOOP('',(#5379,#5380,#5381,#5387));
#5379 = ORIENTED_EDGE('',*,*,#5348,.T.);
#5380 = ORIENTED_EDGE('',*,*,#4664,.T.);
#5381 = ORIENTED_EDGE('',*,*,#5382,.F.);
#5382 = EDGE_CURVE('',#4172,#4665,#5383,.T.);
#5383 = LINE('',#5384,#5385);
#5384 = CARTESIAN_POINT('',(-1.27,-8.636,0.));
#5385 = VECTOR('',#5386,1.);
#5386 = DIRECTION('',(0.,0.,1.));
#5387 = ORIENTED_EDGE('',*,*,#4171,.F.);
#5388 = PLANE('',#5389);
#5389 = AXIS2_PLACEMENT_3D('',#5390,#5391,#5392);
#5390 = CARTESIAN_POINT('',(-1.27,-6.604,0.));
#5391 = DIRECTION('',(1.,0.,0.));
#5392 = DIRECTION('',(0.,-1.,0.));
#5393 = ADVANCED_FACE('',(#5394),#5405,.F.);
#5394 = FACE_BOUND('',#5395,.F.);
#5395 = EDGE_LOOP('',(#5396,#5402,#5403,#5404));
#5396 = ORIENTED_EDGE('',*,*,#5397,.T.);
#5397 = EDGE_CURVE('',#4300,#4793,#5398,.T.);
#5398 = LINE('',#5399,#5400);
#5399 = CARTESIAN_POINT('',(1.27,-6.604,0.));
#5400 = VECTOR('',#5401,1.);
#5401 = DIRECTION('',(0.,0.,1.));
#5402 = ORIENTED_EDGE('',*,*,#4800,.T.);
#5403 = ORIENTED_EDGE('',*,*,#5363,.F.);
#5404 = ORIENTED_EDGE('',*,*,#4307,.F.);
#5405 = PLANE('',#5406);
#5406 = AXIS2_PLACEMENT_3D('',#5407,#5408,#5409);
#5407 = CARTESIAN_POINT('',(1.27,-6.604,0.));
#5408 = DIRECTION('',(-0.707106781187,-0.707106781187,0.));
#5409 = DIRECTION('',(-0.707106781187,0.707106781187,0.));
#5410 = ADVANCED_FACE('',(#5411),#5422,.F.);
#5411 = FACE_BOUND('',#5412,.F.);
#5412 = EDGE_LOOP('',(#5413,#5414,#5415,#5421));
#5413 = ORIENTED_EDGE('',*,*,#5382,.T.);
#5414 = ORIENTED_EDGE('',*,*,#4672,.T.);
#5415 = ORIENTED_EDGE('',*,*,#5416,.F.);
#5416 = EDGE_CURVE('',#4180,#4673,#5417,.T.);
#5417 = LINE('',#5418,#5419);
#5418 = CARTESIAN_POINT('',(-1.016,-8.89,0.));
#5419 = VECTOR('',#5420,1.);
#5420 = DIRECTION('',(0.,0.,1.));
#5421 = ORIENTED_EDGE('',*,*,#4179,.F.);
#5422 = PLANE('',#5423);
#5423 = AXIS2_PLACEMENT_3D('',#5424,#5425,#5426);
#5424 = CARTESIAN_POINT('',(-1.27,-8.636,0.));
#5425 = DIRECTION('',(0.707106781187,0.707106781187,0.));
#5426 = DIRECTION('',(0.707106781187,-0.707106781187,0.));
#5427 = ADVANCED_FACE('',(#5428),#5439,.F.);
#5428 = FACE_BOUND('',#5429,.F.);
#5429 = EDGE_LOOP('',(#5430,#5436,#5437,#5438));
#5430 = ORIENTED_EDGE('',*,*,#5431,.T.);
#5431 = EDGE_CURVE('',#4292,#4785,#5432,.T.);
#5432 = LINE('',#5433,#5434);
#5433 = CARTESIAN_POINT('',(1.27,-8.636,0.));
#5434 = VECTOR('',#5435,1.);
#5435 = DIRECTION('',(0.,0.,1.));
#5436 = ORIENTED_EDGE('',*,*,#4792,.T.);
#5437 = ORIENTED_EDGE('',*,*,#5397,.F.);
#5438 = ORIENTED_EDGE('',*,*,#4299,.F.);
#5439 = PLANE('',#5440);
#5440 = AXIS2_PLACEMENT_3D('',#5441,#5442,#5443);
#5441 = CARTESIAN_POINT('',(1.27,-8.636,0.));
#5442 = DIRECTION('',(-1.,0.,0.));
#5443 = DIRECTION('',(0.,1.,0.));
#5444 = ADVANCED_FACE('',(#5445),#5456,.F.);
#5445 = FACE_BOUND('',#5446,.F.);
#5446 = EDGE_LOOP('',(#5447,#5448,#5449,#5455));
#5447 = ORIENTED_EDGE('',*,*,#5416,.T.);
#5448 = ORIENTED_EDGE('',*,*,#4680,.T.);
#5449 = ORIENTED_EDGE('',*,*,#5450,.F.);
#5450 = EDGE_CURVE('',#4188,#4681,#5451,.T.);
#5451 = LINE('',#5452,#5453);
#5452 = CARTESIAN_POINT('',(-1.27,-9.144,0.));
#5453 = VECTOR('',#5454,1.);
#5454 = DIRECTION('',(0.,0.,1.));
#5455 = ORIENTED_EDGE('',*,*,#4187,.F.);
#5456 = PLANE('',#5457);
#5457 = AXIS2_PLACEMENT_3D('',#5458,#5459,#5460);
#5458 = CARTESIAN_POINT('',(-1.016,-8.89,0.));
#5459 = DIRECTION('',(0.707106781187,-0.707106781187,0.));
#5460 = DIRECTION('',(-0.707106781187,-0.707106781187,0.));
#5461 = ADVANCED_FACE('',(#5462),#5473,.F.);
#5462 = FACE_BOUND('',#5463,.F.);
#5463 = EDGE_LOOP('',(#5464,#5470,#5471,#5472));
#5464 = ORIENTED_EDGE('',*,*,#5465,.T.);
#5465 = EDGE_CURVE('',#4284,#4777,#5466,.T.);
#5466 = LINE('',#5467,#5468);
#5467 = CARTESIAN_POINT('',(1.016,-8.89,0.));
#5468 = VECTOR('',#5469,1.);
#5469 = DIRECTION('',(0.,0.,1.));
#5470 = ORIENTED_EDGE('',*,*,#4784,.T.);
#5471 = ORIENTED_EDGE('',*,*,#5431,.F.);
#5472 = ORIENTED_EDGE('',*,*,#4291,.F.);
#5473 = PLANE('',#5474);
#5474 = AXIS2_PLACEMENT_3D('',#5475,#5476,#5477);
#5475 = CARTESIAN_POINT('',(1.016,-8.89,0.));
#5476 = DIRECTION('',(-0.707106781187,0.707106781187,0.));
#5477 = DIRECTION('',(0.707106781187,0.707106781187,0.));
#5478 = ADVANCED_FACE('',(#5479),#5490,.F.);
#5479 = FACE_BOUND('',#5480,.F.);
#5480 = EDGE_LOOP('',(#5481,#5482,#5483,#5489));
#5481 = ORIENTED_EDGE('',*,*,#5450,.T.);
#5482 = ORIENTED_EDGE('',*,*,#4688,.T.);
#5483 = ORIENTED_EDGE('',*,*,#5484,.F.);
#5484 = EDGE_CURVE('',#4196,#4689,#5485,.T.);
#5485 = LINE('',#5486,#5487);
#5486 = CARTESIAN_POINT('',(-1.27,-11.176,0.));
#5487 = VECTOR('',#5488,1.);
#5488 = DIRECTION('',(0.,0.,1.));
#5489 = ORIENTED_EDGE('',*,*,#4195,.F.);
#5490 = PLANE('',#5491);
#5491 = AXIS2_PLACEMENT_3D('',#5492,#5493,#5494);
#5492 = CARTESIAN_POINT('',(-1.27,-9.144,0.));
#5493 = DIRECTION('',(1.,0.,0.));
#5494 = DIRECTION('',(0.,-1.,0.));
#5495 = ADVANCED_FACE('',(#5496),#5507,.F.);
#5496 = FACE_BOUND('',#5497,.F.);
#5497 = EDGE_LOOP('',(#5498,#5504,#5505,#5506));
#5498 = ORIENTED_EDGE('',*,*,#5499,.T.);
#5499 = EDGE_CURVE('',#4276,#4769,#5500,.T.);
#5500 = LINE('',#5501,#5502);
#5501 = CARTESIAN_POINT('',(1.27,-9.144,0.));
#5502 = VECTOR('',#5503,1.);
#5503 = DIRECTION('',(0.,0.,1.));
#5504 = ORIENTED_EDGE('',*,*,#4776,.T.);
#5505 = ORIENTED_EDGE('',*,*,#5465,.F.);
#5506 = ORIENTED_EDGE('',*,*,#4283,.F.);
#5507 = PLANE('',#5508);
#5508 = AXIS2_PLACEMENT_3D('',#5509,#5510,#5511);
#5509 = CARTESIAN_POINT('',(1.27,-9.144,0.));
#5510 = DIRECTION('',(-0.707106781187,-0.707106781187,0.));
#5511 = DIRECTION('',(-0.707106781187,0.707106781187,0.));
#5512 = ADVANCED_FACE('',(#5513),#5524,.F.);
#5513 = FACE_BOUND('',#5514,.F.);
#5514 = EDGE_LOOP('',(#5515,#5516,#5517,#5523));
#5515 = ORIENTED_EDGE('',*,*,#5484,.T.);
#5516 = ORIENTED_EDGE('',*,*,#4696,.T.);
#5517 = ORIENTED_EDGE('',*,*,#5518,.F.);
#5518 = EDGE_CURVE('',#4204,#4697,#5519,.T.);
#5519 = LINE('',#5520,#5521);
#5520 = CARTESIAN_POINT('',(-1.016,-11.43,0.));
#5521 = VECTOR('',#5522,1.);
#5522 = DIRECTION('',(0.,0.,1.));
#5523 = ORIENTED_EDGE('',*,*,#4203,.F.);
#5524 = PLANE('',#5525);
#5525 = AXIS2_PLACEMENT_3D('',#5526,#5527,#5528);
#5526 = CARTESIAN_POINT('',(-1.27,-11.176,0.));
#5527 = DIRECTION('',(0.707106781187,0.707106781187,0.));
#5528 = DIRECTION('',(0.707106781187,-0.707106781187,0.));
#5529 = ADVANCED_FACE('',(#5530),#5541,.F.);
#5530 = FACE_BOUND('',#5531,.F.);
#5531 = EDGE_LOOP('',(#5532,#5538,#5539,#5540));
#5532 = ORIENTED_EDGE('',*,*,#5533,.T.);
#5533 = EDGE_CURVE('',#4268,#4761,#5534,.T.);
#5534 = LINE('',#5535,#5536);
#5535 = CARTESIAN_POINT('',(1.27,-11.176,0.));
#5536 = VECTOR('',#5537,1.);
#5537 = DIRECTION('',(0.,0.,1.));
#5538 = ORIENTED_EDGE('',*,*,#4768,.T.);
#5539 = ORIENTED_EDGE('',*,*,#5499,.F.);
#5540 = ORIENTED_EDGE('',*,*,#4275,.F.);
#5541 = PLANE('',#5542);
#5542 = AXIS2_PLACEMENT_3D('',#5543,#5544,#5545);
#5543 = CARTESIAN_POINT('',(1.27,-11.176,0.));
#5544 = DIRECTION('',(-1.,0.,0.));
#5545 = DIRECTION('',(0.,1.,0.));
#5546 = ADVANCED_FACE('',(#5547),#5558,.F.);
#5547 = FACE_BOUND('',#5548,.F.);
#5548 = EDGE_LOOP('',(#5549,#5550,#5551,#5557));
#5549 = ORIENTED_EDGE('',*,*,#5518,.T.);
#5550 = ORIENTED_EDGE('',*,*,#4704,.T.);
#5551 = ORIENTED_EDGE('',*,*,#5552,.F.);
#5552 = EDGE_CURVE('',#4212,#4705,#5553,.T.);
#5553 = LINE('',#5554,#5555);
#5554 = CARTESIAN_POINT('',(-1.27,-11.684,0.));
#5555 = VECTOR('',#5556,1.);
#5556 = DIRECTION('',(0.,0.,1.));
#5557 = ORIENTED_EDGE('',*,*,#4211,.F.);
#5558 = PLANE('',#5559);
#5559 = AXIS2_PLACEMENT_3D('',#5560,#5561,#5562);
#5560 = CARTESIAN_POINT('',(-1.016,-11.43,0.));
#5561 = DIRECTION('',(0.707106781187,-0.707106781187,0.));
#5562 = DIRECTION('',(-0.707106781187,-0.707106781187,0.));
#5563 = ADVANCED_FACE('',(#5564),#5575,.F.);
#5564 = FACE_BOUND('',#5565,.F.);
#5565 = EDGE_LOOP('',(#5566,#5572,#5573,#5574));
#5566 = ORIENTED_EDGE('',*,*,#5567,.T.);
#5567 = EDGE_CURVE('',#4260,#4753,#5568,.T.);
#5568 = LINE('',#5569,#5570);
#5569 = CARTESIAN_POINT('',(1.016,-11.43,0.));
#5570 = VECTOR('',#5571,1.);
#5571 = DIRECTION('',(0.,0.,1.));
#5572 = ORIENTED_EDGE('',*,*,#4760,.T.);
#5573 = ORIENTED_EDGE('',*,*,#5533,.F.);
#5574 = ORIENTED_EDGE('',*,*,#4267,.F.);
#5575 = PLANE('',#5576);
#5576 = AXIS2_PLACEMENT_3D('',#5577,#5578,#5579);
#5577 = CARTESIAN_POINT('',(1.016,-11.43,0.));
#5578 = DIRECTION('',(-0.707106781187,0.707106781187,0.));
#5579 = DIRECTION('',(0.707106781187,0.707106781187,0.));
#5580 = ADVANCED_FACE('',(#5581),#5592,.F.);
#5581 = FACE_BOUND('',#5582,.F.);
#5582 = EDGE_LOOP('',(#5583,#5584,#5585,#5591));
#5583 = ORIENTED_EDGE('',*,*,#5552,.T.);
#5584 = ORIENTED_EDGE('',*,*,#4712,.T.);
#5585 = ORIENTED_EDGE('',*,*,#5586,.F.);
#5586 = EDGE_CURVE('',#4220,#4713,#5587,.T.);
#5587 = LINE('',#5588,#5589);
#5588 = CARTESIAN_POINT('',(-1.27,-13.716,0.));
#5589 = VECTOR('',#5590,1.);
#5590 = DIRECTION('',(0.,0.,1.));
#5591 = ORIENTED_EDGE('',*,*,#4219,.F.);
#5592 = PLANE('',#5593);
#5593 = AXIS2_PLACEMENT_3D('',#5594,#5595,#5596);
#5594 = CARTESIAN_POINT('',(-1.27,-11.684,0.));
#5595 = DIRECTION('',(1.,0.,0.));
#5596 = DIRECTION('',(0.,-1.,0.));
#5597 = ADVANCED_FACE('',(#5598),#5609,.F.);
#5598 = FACE_BOUND('',#5599,.F.);
#5599 = EDGE_LOOP('',(#5600,#5606,#5607,#5608));
#5600 = ORIENTED_EDGE('',*,*,#5601,.T.);
#5601 = EDGE_CURVE('',#4252,#4745,#5602,.T.);
#5602 = LINE('',#5603,#5604);
#5603 = CARTESIAN_POINT('',(1.27,-11.684,0.));
#5604 = VECTOR('',#5605,1.);
#5605 = DIRECTION('',(0.,0.,1.));
#5606 = ORIENTED_EDGE('',*,*,#4752,.T.);
#5607 = ORIENTED_EDGE('',*,*,#5567,.F.);
#5608 = ORIENTED_EDGE('',*,*,#4259,.F.);
#5609 = PLANE('',#5610);
#5610 = AXIS2_PLACEMENT_3D('',#5611,#5612,#5613);
#5611 = CARTESIAN_POINT('',(1.27,-11.684,0.));
#5612 = DIRECTION('',(-0.707106781187,-0.707106781187,0.));
#5613 = DIRECTION('',(-0.707106781187,0.707106781187,0.));
#5614 = ADVANCED_FACE('',(#5615),#5626,.F.);
#5615 = FACE_BOUND('',#5616,.F.);
#5616 = EDGE_LOOP('',(#5617,#5618,#5619,#5625));
#5617 = ORIENTED_EDGE('',*,*,#5586,.T.);
#5618 = ORIENTED_EDGE('',*,*,#4720,.T.);
#5619 = ORIENTED_EDGE('',*,*,#5620,.F.);
#5620 = EDGE_CURVE('',#4228,#4721,#5621,.T.);
#5621 = LINE('',#5622,#5623);
#5622 = CARTESIAN_POINT('',(-1.016,-13.97,0.));
#5623 = VECTOR('',#5624,1.);
#5624 = DIRECTION('',(0.,0.,1.));
#5625 = ORIENTED_EDGE('',*,*,#4227,.F.);
#5626 = PLANE('',#5627);
#5627 = AXIS2_PLACEMENT_3D('',#5628,#5629,#5630);
#5628 = CARTESIAN_POINT('',(-1.27,-13.716,0.));
#5629 = DIRECTION('',(0.707106781187,0.707106781187,0.));
#5630 = DIRECTION('',(0.707106781187,-0.707106781187,0.));
#5631 = ADVANCED_FACE('',(#5632),#5643,.F.);
#5632 = FACE_BOUND('',#5633,.F.);
#5633 = EDGE_LOOP('',(#5634,#5640,#5641,#5642));
#5634 = ORIENTED_EDGE('',*,*,#5635,.T.);
#5635 = EDGE_CURVE('',#4244,#4737,#5636,.T.);
#5636 = LINE('',#5637,#5638);
#5637 = CARTESIAN_POINT('',(1.27,-13.716,0.));
#5638 = VECTOR('',#5639,1.);
#5639 = DIRECTION('',(0.,0.,1.));
#5640 = ORIENTED_EDGE('',*,*,#4744,.T.);
#5641 = ORIENTED_EDGE('',*,*,#5601,.F.);
#5642 = ORIENTED_EDGE('',*,*,#4251,.F.);
#5643 = PLANE('',#5644);
#5644 = AXIS2_PLACEMENT_3D('',#5645,#5646,#5647);
#5645 = CARTESIAN_POINT('',(1.27,-13.716,0.));
#5646 = DIRECTION('',(-1.,0.,0.));
#5647 = DIRECTION('',(0.,1.,0.));
#5648 = ADVANCED_FACE('',(#5649),#5660,.F.);
#5649 = FACE_BOUND('',#5650,.F.);
#5650 = EDGE_LOOP('',(#5651,#5652,#5653,#5659));
#5651 = ORIENTED_EDGE('',*,*,#5620,.T.);
#5652 = ORIENTED_EDGE('',*,*,#4728,.T.);
#5653 = ORIENTED_EDGE('',*,*,#5654,.F.);
#5654 = EDGE_CURVE('',#4236,#4729,#5655,.T.);
#5655 = LINE('',#5656,#5657);
#5656 = CARTESIAN_POINT('',(1.016,-13.97,0.));
#5657 = VECTOR('',#5658,1.);
#5658 = DIRECTION('',(0.,0.,1.));
#5659 = ORIENTED_EDGE('',*,*,#4235,.F.);
#5660 = PLANE('',#5661);
#5661 = AXIS2_PLACEMENT_3D('',#5662,#5663,#5664);
#5662 = CARTESIAN_POINT('',(-1.016,-13.97,0.));
#5663 = DIRECTION('',(0.,1.,0.));
#5664 = DIRECTION('',(1.,0.,0.));
#5665 = ADVANCED_FACE('',(#5666),#5672,.F.);
#5666 = FACE_BOUND('',#5667,.F.);
#5667 = EDGE_LOOP('',(#5668,#5669,#5670,#5671));
#5668 = ORIENTED_EDGE('',*,*,#5654,.T.);
#5669 = ORIENTED_EDGE('',*,*,#4736,.T.);
#5670 = ORIENTED_EDGE('',*,*,#5635,.F.);
#5671 = ORIENTED_EDGE('',*,*,#4243,.F.);
#5672 = PLANE('',#5673);
#5673 = AXIS2_PLACEMENT_3D('',#5674,#5675,#5676);
#5674 = CARTESIAN_POINT('',(1.016,-13.97,0.));
#5675 = DIRECTION('',(-0.707106781187,0.707106781187,0.));
#5676 = DIRECTION('',(0.707106781187,0.707106781187,0.));
#5677 = ADVANCED_FACE('',(#5678),#5703,.T.);
#5678 = FACE_BOUND('',#5679,.T.);
#5679 = EDGE_LOOP('',(#5680,#5688,#5696,#5702));
#5680 = ORIENTED_EDGE('',*,*,#5681,.F.);
#5681 = EDGE_CURVE('',#5682,#4389,#5684,.T.);
#5682 = VERTEX_POINT('',#5683);
#5683 = CARTESIAN_POINT('',(0.32,-0.32,-2.84));
#5684 = LINE('',#5685,#5686);
#5685 = CARTESIAN_POINT('',(0.32,-0.32,-3.));
#5686 = VECTOR('',#5687,1.);
#5687 = DIRECTION('',(0.,0.,1.));
#5688 = ORIENTED_EDGE('',*,*,#5689,.T.);
#5689 = EDGE_CURVE('',#5682,#5690,#5692,.T.);
#5690 = VERTEX_POINT('',#5691);
#5691 = CARTESIAN_POINT('',(0.32,0.32,-2.84));
#5692 = LINE('',#5693,#5694);
#5693 = CARTESIAN_POINT('',(0.32,-0.32,-2.84));
#5694 = VECTOR('',#5695,1.);
#5695 = DIRECTION('',(0.,1.,0.));
#5696 = ORIENTED_EDGE('',*,*,#5697,.T.);
#5697 = EDGE_CURVE('',#5690,#4391,#5698,.T.);
#5698 = LINE('',#5699,#5700);
#5699 = CARTESIAN_POINT('',(0.32,0.32,-3.));
#5700 = VECTOR('',#5701,1.);
#5701 = DIRECTION('',(0.,0.,1.));
#5702 = ORIENTED_EDGE('',*,*,#4388,.F.);
#5703 = PLANE('',#5704);
#5704 = AXIS2_PLACEMENT_3D('',#5705,#5706,#5707);
#5705 = CARTESIAN_POINT('',(0.32,-0.32,-3.));
#5706 = DIRECTION('',(1.,0.,0.));
#5707 = DIRECTION('',(0.,0.,1.));
#5708 = ADVANCED_FACE('',(#5709),#5727,.T.);
#5709 = FACE_BOUND('',#5710,.T.);
#5710 = EDGE_LOOP('',(#5711,#5712,#5720,#5726));
#5711 = ORIENTED_EDGE('',*,*,#5697,.F.);
#5712 = ORIENTED_EDGE('',*,*,#5713,.F.);
#5713 = EDGE_CURVE('',#5714,#5690,#5716,.T.);
#5714 = VERTEX_POINT('',#5715);
#5715 = CARTESIAN_POINT('',(-0.32,0.32,-2.84));
#5716 = LINE('',#5717,#5718);
#5717 = CARTESIAN_POINT('',(-0.32,0.32,-2.84));
#5718 = VECTOR('',#5719,1.);
#5719 = DIRECTION('',(1.,0.,0.));
#5720 = ORIENTED_EDGE('',*,*,#5721,.T.);
#5721 = EDGE_CURVE('',#5714,#4407,#5722,.T.);
#5722 = LINE('',#5723,#5724);
#5723 = CARTESIAN_POINT('',(-0.32,0.32,-3.));
#5724 = VECTOR('',#5725,1.);
#5725 = DIRECTION('',(0.,0.,1.));
#5726 = ORIENTED_EDGE('',*,*,#4414,.F.);
#5727 = PLANE('',#5728);
#5728 = AXIS2_PLACEMENT_3D('',#5729,#5730,#5731);
#5729 = CARTESIAN_POINT('',(-0.32,0.32,-3.));
#5730 = DIRECTION('',(0.,1.,0.));
#5731 = DIRECTION('',(0.,-0.,1.));
#5732 = ADVANCED_FACE('',(#5733),#5751,.F.);
#5733 = FACE_BOUND('',#5734,.F.);
#5734 = EDGE_LOOP('',(#5735,#5743,#5749,#5750));
#5735 = ORIENTED_EDGE('',*,*,#5736,.F.);
#5736 = EDGE_CURVE('',#5737,#4399,#5739,.T.);
#5737 = VERTEX_POINT('',#5738);
#5738 = CARTESIAN_POINT('',(-0.32,-0.32,-2.84));
#5739 = LINE('',#5740,#5741);
#5740 = CARTESIAN_POINT('',(-0.32,-0.32,-3.));
#5741 = VECTOR('',#5742,1.);
#5742 = DIRECTION('',(0.,0.,1.));
#5743 = ORIENTED_EDGE('',*,*,#5744,.T.);
#5744 = EDGE_CURVE('',#5737,#5714,#5745,.T.);
#5745 = LINE('',#5746,#5747);
#5746 = CARTESIAN_POINT('',(-0.32,-0.32,-2.84));
#5747 = VECTOR('',#5748,1.);
#5748 = DIRECTION('',(0.,1.,0.));
#5749 = ORIENTED_EDGE('',*,*,#5721,.T.);
#5750 = ORIENTED_EDGE('',*,*,#4406,.F.);
#5751 = PLANE('',#5752);
#5752 = AXIS2_PLACEMENT_3D('',#5753,#5754,#5755);
#5753 = CARTESIAN_POINT('',(-0.32,-0.32,-3.));
#5754 = DIRECTION('',(1.,0.,0.));
#5755 = DIRECTION('',(0.,0.,1.));
#5756 = ADVANCED_FACE('',(#5757),#5768,.F.);
#5757 = FACE_BOUND('',#5758,.F.);
#5758 = EDGE_LOOP('',(#5759,#5760,#5766,#5767));
#5759 = ORIENTED_EDGE('',*,*,#5681,.F.);
#5760 = ORIENTED_EDGE('',*,*,#5761,.F.);
#5761 = EDGE_CURVE('',#5737,#5682,#5762,.T.);
#5762 = LINE('',#5763,#5764);
#5763 = CARTESIAN_POINT('',(-0.32,-0.32,-2.84));
#5764 = VECTOR('',#5765,1.);
#5765 = DIRECTION('',(1.,0.,0.));
#5766 = ORIENTED_EDGE('',*,*,#5736,.T.);
#5767 = ORIENTED_EDGE('',*,*,#4398,.F.);
#5768 = PLANE('',#5769);
#5769 = AXIS2_PLACEMENT_3D('',#5770,#5771,#5772);
#5770 = CARTESIAN_POINT('',(-0.32,-0.32,-3.));
#5771 = DIRECTION('',(0.,1.,0.));
#5772 = DIRECTION('',(0.,-0.,1.));
#5773 = ADVANCED_FACE('',(#5774),#5799,.T.);
#5774 = FACE_BOUND('',#5775,.T.);
#5775 = EDGE_LOOP('',(#5776,#5784,#5792,#5798));
#5776 = ORIENTED_EDGE('',*,*,#5777,.F.);
#5777 = EDGE_CURVE('',#5778,#4423,#5780,.T.);
#5778 = VERTEX_POINT('',#5779);
#5779 = CARTESIAN_POINT('',(0.32,-5.4,-2.84));
#5780 = LINE('',#5781,#5782);
#5781 = CARTESIAN_POINT('',(0.32,-5.4,-3.));
#5782 = VECTOR('',#5783,1.);
#5783 = DIRECTION('',(0.,0.,1.));
#5784 = ORIENTED_EDGE('',*,*,#5785,.T.);
#5785 = EDGE_CURVE('',#5778,#5786,#5788,.T.);
#5786 = VERTEX_POINT('',#5787);
#5787 = CARTESIAN_POINT('',(0.32,-4.76,-2.84));
#5788 = LINE('',#5789,#5790);
#5789 = CARTESIAN_POINT('',(0.32,-5.4,-2.84));
#5790 = VECTOR('',#5791,1.);
#5791 = DIRECTION('',(0.,1.,0.));
#5792 = ORIENTED_EDGE('',*,*,#5793,.T.);
#5793 = EDGE_CURVE('',#5786,#4425,#5794,.T.);
#5794 = LINE('',#5795,#5796);
#5795 = CARTESIAN_POINT('',(0.32,-4.76,-3.));
#5796 = VECTOR('',#5797,1.);
#5797 = DIRECTION('',(0.,0.,1.));
#5798 = ORIENTED_EDGE('',*,*,#4422,.F.);
#5799 = PLANE('',#5800);
#5800 = AXIS2_PLACEMENT_3D('',#5801,#5802,#5803);
#5801 = CARTESIAN_POINT('',(0.32,-5.4,-3.));
#5802 = DIRECTION('',(1.,0.,0.));
#5803 = DIRECTION('',(0.,0.,1.));
#5804 = ADVANCED_FACE('',(#5805),#5823,.T.);
#5805 = FACE_BOUND('',#5806,.T.);
#5806 = EDGE_LOOP('',(#5807,#5808,#5816,#5822));
#5807 = ORIENTED_EDGE('',*,*,#5793,.F.);
#5808 = ORIENTED_EDGE('',*,*,#5809,.F.);
#5809 = EDGE_CURVE('',#5810,#5786,#5812,.T.);
#5810 = VERTEX_POINT('',#5811);
#5811 = CARTESIAN_POINT('',(-0.32,-4.76,-2.84));
#5812 = LINE('',#5813,#5814);
#5813 = CARTESIAN_POINT('',(-0.32,-4.76,-2.84));
#5814 = VECTOR('',#5815,1.);
#5815 = DIRECTION('',(1.,0.,0.));
#5816 = ORIENTED_EDGE('',*,*,#5817,.T.);
#5817 = EDGE_CURVE('',#5810,#4441,#5818,.T.);
#5818 = LINE('',#5819,#5820);
#5819 = CARTESIAN_POINT('',(-0.32,-4.76,-3.));
#5820 = VECTOR('',#5821,1.);
#5821 = DIRECTION('',(0.,0.,1.));
#5822 = ORIENTED_EDGE('',*,*,#4448,.F.);
#5823 = PLANE('',#5824);
#5824 = AXIS2_PLACEMENT_3D('',#5825,#5826,#5827);
#5825 = CARTESIAN_POINT('',(-0.32,-4.76,-3.));
#5826 = DIRECTION('',(0.,1.,0.));
#5827 = DIRECTION('',(0.,-0.,1.));
#5828 = ADVANCED_FACE('',(#5829),#5847,.F.);
#5829 = FACE_BOUND('',#5830,.F.);
#5830 = EDGE_LOOP('',(#5831,#5839,#5845,#5846));
#5831 = ORIENTED_EDGE('',*,*,#5832,.F.);
#5832 = EDGE_CURVE('',#5833,#4433,#5835,.T.);
#5833 = VERTEX_POINT('',#5834);
#5834 = CARTESIAN_POINT('',(-0.32,-5.4,-2.84));
#5835 = LINE('',#5836,#5837);
#5836 = CARTESIAN_POINT('',(-0.32,-5.4,-3.));
#5837 = VECTOR('',#5838,1.);
#5838 = DIRECTION('',(0.,0.,1.));
#5839 = ORIENTED_EDGE('',*,*,#5840,.T.);
#5840 = EDGE_CURVE('',#5833,#5810,#5841,.T.);
#5841 = LINE('',#5842,#5843);
#5842 = CARTESIAN_POINT('',(-0.32,-5.4,-2.84));
#5843 = VECTOR('',#5844,1.);
#5844 = DIRECTION('',(0.,1.,0.));
#5845 = ORIENTED_EDGE('',*,*,#5817,.T.);
#5846 = ORIENTED_EDGE('',*,*,#4440,.F.);
#5847 = PLANE('',#5848);
#5848 = AXIS2_PLACEMENT_3D('',#5849,#5850,#5851);
#5849 = CARTESIAN_POINT('',(-0.32,-5.4,-3.));
#5850 = DIRECTION('',(1.,0.,0.));
#5851 = DIRECTION('',(0.,0.,1.));
#5852 = ADVANCED_FACE('',(#5853),#5864,.F.);
#5853 = FACE_BOUND('',#5854,.F.);
#5854 = EDGE_LOOP('',(#5855,#5856,#5862,#5863));
#5855 = ORIENTED_EDGE('',*,*,#5777,.F.);
#5856 = ORIENTED_EDGE('',*,*,#5857,.F.);
#5857 = EDGE_CURVE('',#5833,#5778,#5858,.T.);
#5858 = LINE('',#5859,#5860);
#5859 = CARTESIAN_POINT('',(-0.32,-5.4,-2.84));
#5860 = VECTOR('',#5861,1.);
#5861 = DIRECTION('',(1.,0.,0.));
#5862 = ORIENTED_EDGE('',*,*,#5832,.T.);
#5863 = ORIENTED_EDGE('',*,*,#4432,.F.);
#5864 = PLANE('',#5865);
#5865 = AXIS2_PLACEMENT_3D('',#5866,#5867,#5868);
#5866 = CARTESIAN_POINT('',(-0.32,-5.4,-3.));
#5867 = DIRECTION('',(0.,1.,0.));
#5868 = DIRECTION('',(0.,-0.,1.));
#5869 = ADVANCED_FACE('',(#5870),#5895,.T.);
#5870 = FACE_BOUND('',#5871,.T.);
#5871 = EDGE_LOOP('',(#5872,#5880,#5888,#5894));
#5872 = ORIENTED_EDGE('',*,*,#5873,.F.);
#5873 = EDGE_CURVE('',#5874,#4457,#5876,.T.);
#5874 = VERTEX_POINT('',#5875);
#5875 = CARTESIAN_POINT('',(0.32,-2.86,-2.84));
#5876 = LINE('',#5877,#5878);
#5877 = CARTESIAN_POINT('',(0.32,-2.86,-3.));
#5878 = VECTOR('',#5879,1.);
#5879 = DIRECTION('',(0.,0.,1.));
#5880 = ORIENTED_EDGE('',*,*,#5881,.T.);
#5881 = EDGE_CURVE('',#5874,#5882,#5884,.T.);
#5882 = VERTEX_POINT('',#5883);
#5883 = CARTESIAN_POINT('',(0.32,-2.22,-2.84));
#5884 = LINE('',#5885,#5886);
#5885 = CARTESIAN_POINT('',(0.32,-2.86,-2.84));
#5886 = VECTOR('',#5887,1.);
#5887 = DIRECTION('',(0.,1.,0.));
#5888 = ORIENTED_EDGE('',*,*,#5889,.T.);
#5889 = EDGE_CURVE('',#5882,#4459,#5890,.T.);
#5890 = LINE('',#5891,#5892);
#5891 = CARTESIAN_POINT('',(0.32,-2.22,-3.));
#5892 = VECTOR('',#5893,1.);
#5893 = DIRECTION('',(0.,0.,1.));
#5894 = ORIENTED_EDGE('',*,*,#4456,.F.);
#5895 = PLANE('',#5896);
#5896 = AXIS2_PLACEMENT_3D('',#5897,#5898,#5899);
#5897 = CARTESIAN_POINT('',(0.32,-2.86,-3.));
#5898 = DIRECTION('',(1.,0.,0.));
#5899 = DIRECTION('',(0.,0.,1.));
#5900 = ADVANCED_FACE('',(#5901),#5919,.T.);
#5901 = FACE_BOUND('',#5902,.T.);
#5902 = EDGE_LOOP('',(#5903,#5904,#5912,#5918));
#5903 = ORIENTED_EDGE('',*,*,#5889,.F.);
#5904 = ORIENTED_EDGE('',*,*,#5905,.F.);
#5905 = EDGE_CURVE('',#5906,#5882,#5908,.T.);
#5906 = VERTEX_POINT('',#5907);
#5907 = CARTESIAN_POINT('',(-0.32,-2.22,-2.84));
#5908 = LINE('',#5909,#5910);
#5909 = CARTESIAN_POINT('',(-0.32,-2.22,-2.84));
#5910 = VECTOR('',#5911,1.);
#5911 = DIRECTION('',(1.,0.,0.));
#5912 = ORIENTED_EDGE('',*,*,#5913,.T.);
#5913 = EDGE_CURVE('',#5906,#4475,#5914,.T.);
#5914 = LINE('',#5915,#5916);
#5915 = CARTESIAN_POINT('',(-0.32,-2.22,-3.));
#5916 = VECTOR('',#5917,1.);
#5917 = DIRECTION('',(0.,0.,1.));
#5918 = ORIENTED_EDGE('',*,*,#4482,.F.);
#5919 = PLANE('',#5920);
#5920 = AXIS2_PLACEMENT_3D('',#5921,#5922,#5923);
#5921 = CARTESIAN_POINT('',(-0.32,-2.22,-3.));
#5922 = DIRECTION('',(0.,1.,0.));
#5923 = DIRECTION('',(0.,-0.,1.));
#5924 = ADVANCED_FACE('',(#5925),#5943,.F.);
#5925 = FACE_BOUND('',#5926,.F.);
#5926 = EDGE_LOOP('',(#5927,#5935,#5941,#5942));
#5927 = ORIENTED_EDGE('',*,*,#5928,.F.);
#5928 = EDGE_CURVE('',#5929,#4467,#5931,.T.);
#5929 = VERTEX_POINT('',#5930);
#5930 = CARTESIAN_POINT('',(-0.32,-2.86,-2.84));
#5931 = LINE('',#5932,#5933);
#5932 = CARTESIAN_POINT('',(-0.32,-2.86,-3.));
#5933 = VECTOR('',#5934,1.);
#5934 = DIRECTION('',(0.,0.,1.));
#5935 = ORIENTED_EDGE('',*,*,#5936,.T.);
#5936 = EDGE_CURVE('',#5929,#5906,#5937,.T.);
#5937 = LINE('',#5938,#5939);
#5938 = CARTESIAN_POINT('',(-0.32,-2.86,-2.84));
#5939 = VECTOR('',#5940,1.);
#5940 = DIRECTION('',(0.,1.,0.));
#5941 = ORIENTED_EDGE('',*,*,#5913,.T.);
#5942 = ORIENTED_EDGE('',*,*,#4474,.F.);
#5943 = PLANE('',#5944);
#5944 = AXIS2_PLACEMENT_3D('',#5945,#5946,#5947);
#5945 = CARTESIAN_POINT('',(-0.32,-2.86,-3.));
#5946 = DIRECTION('',(1.,0.,0.));
#5947 = DIRECTION('',(0.,0.,1.));
#5948 = ADVANCED_FACE('',(#5949),#5960,.F.);
#5949 = FACE_BOUND('',#5950,.F.);
#5950 = EDGE_LOOP('',(#5951,#5952,#5958,#5959));
#5951 = ORIENTED_EDGE('',*,*,#5873,.F.);
#5952 = ORIENTED_EDGE('',*,*,#5953,.F.);
#5953 = EDGE_CURVE('',#5929,#5874,#5954,.T.);
#5954 = LINE('',#5955,#5956);
#5955 = CARTESIAN_POINT('',(-0.32,-2.86,-2.84));
#5956 = VECTOR('',#5957,1.);
#5957 = DIRECTION('',(1.,0.,0.));
#5958 = ORIENTED_EDGE('',*,*,#5928,.T.);
#5959 = ORIENTED_EDGE('',*,*,#4466,.F.);
#5960 = PLANE('',#5961);
#5961 = AXIS2_PLACEMENT_3D('',#5962,#5963,#5964);
#5962 = CARTESIAN_POINT('',(-0.32,-2.86,-3.));
#5963 = DIRECTION('',(0.,1.,0.));
#5964 = DIRECTION('',(0.,-0.,1.));
#5965 = ADVANCED_FACE('',(#5966),#5991,.F.);
#5966 = FACE_BOUND('',#5967,.F.);
#5967 = EDGE_LOOP('',(#5968,#5976,#5984,#5990));
#5968 = ORIENTED_EDGE('',*,*,#5969,.F.);
#5969 = EDGE_CURVE('',#5970,#4491,#5972,.T.);
#5970 = VERTEX_POINT('',#5971);
#5971 = CARTESIAN_POINT('',(0.32,-13.02,-2.84));
#5972 = LINE('',#5973,#5974);
#5973 = CARTESIAN_POINT('',(0.32,-13.02,-3.));
#5974 = VECTOR('',#5975,1.);
#5975 = DIRECTION('',(0.,0.,1.));
#5976 = ORIENTED_EDGE('',*,*,#5977,.F.);
#5977 = EDGE_CURVE('',#5978,#5970,#5980,.T.);
#5978 = VERTEX_POINT('',#5979);
#5979 = CARTESIAN_POINT('',(-0.32,-13.02,-2.84));
#5980 = LINE('',#5981,#5982);
#5981 = CARTESIAN_POINT('',(-0.32,-13.02,-2.84));
#5982 = VECTOR('',#5983,1.);
#5983 = DIRECTION('',(1.,0.,0.));
#5984 = ORIENTED_EDGE('',*,*,#5985,.T.);
#5985 = EDGE_CURVE('',#5978,#4493,#5986,.T.);
#5986 = LINE('',#5987,#5988);
#5987 = CARTESIAN_POINT('',(-0.32,-13.02,-3.));
#5988 = VECTOR('',#5989,1.);
#5989 = DIRECTION('',(0.,0.,1.));
#5990 = ORIENTED_EDGE('',*,*,#4490,.F.);
#5991 = PLANE('',#5992);
#5992 = AXIS2_PLACEMENT_3D('',#5993,#5994,#5995);
#5993 = CARTESIAN_POINT('',(-0.32,-13.02,-3.));
#5994 = DIRECTION('',(0.,1.,0.));
#5995 = DIRECTION('',(0.,-0.,1.));
#5996 = ADVANCED_FACE('',(#5997),#6015,.T.);
#5997 = FACE_BOUND('',#5998,.T.);
#5998 = EDGE_LOOP('',(#5999,#6000,#6008,#6014));
#5999 = ORIENTED_EDGE('',*,*,#5969,.F.);
#6000 = ORIENTED_EDGE('',*,*,#6001,.T.);
#6001 = EDGE_CURVE('',#5970,#6002,#6004,.T.);
#6002 = VERTEX_POINT('',#6003);
#6003 = CARTESIAN_POINT('',(0.32,-12.38,-2.84));
#6004 = LINE('',#6005,#6006);
#6005 = CARTESIAN_POINT('',(0.32,-13.02,-2.84));
#6006 = VECTOR('',#6007,1.);
#6007 = DIRECTION('',(0.,1.,0.));
#6008 = ORIENTED_EDGE('',*,*,#6009,.T.);
#6009 = EDGE_CURVE('',#6002,#4509,#6010,.T.);
#6010 = LINE('',#6011,#6012);
#6011 = CARTESIAN_POINT('',(0.32,-12.38,-3.));
#6012 = VECTOR('',#6013,1.);
#6013 = DIRECTION('',(0.,0.,1.));
#6014 = ORIENTED_EDGE('',*,*,#4516,.F.);
#6015 = PLANE('',#6016);
#6016 = AXIS2_PLACEMENT_3D('',#6017,#6018,#6019);
#6017 = CARTESIAN_POINT('',(0.32,-13.02,-3.));
#6018 = DIRECTION('',(1.,0.,0.));
#6019 = DIRECTION('',(0.,0.,1.));
#6020 = ADVANCED_FACE('',(#6021),#6039,.T.);
#6021 = FACE_BOUND('',#6022,.T.);
#6022 = EDGE_LOOP('',(#6023,#6024,#6032,#6038));
#6023 = ORIENTED_EDGE('',*,*,#6009,.F.);
#6024 = ORIENTED_EDGE('',*,*,#6025,.F.);
#6025 = EDGE_CURVE('',#6026,#6002,#6028,.T.);
#6026 = VERTEX_POINT('',#6027);
#6027 = CARTESIAN_POINT('',(-0.32,-12.38,-2.84));
#6028 = LINE('',#6029,#6030);
#6029 = CARTESIAN_POINT('',(-0.32,-12.38,-2.84));
#6030 = VECTOR('',#6031,1.);
#6031 = DIRECTION('',(1.,0.,0.));
#6032 = ORIENTED_EDGE('',*,*,#6033,.T.);
#6033 = EDGE_CURVE('',#6026,#4501,#6034,.T.);
#6034 = LINE('',#6035,#6036);
#6035 = CARTESIAN_POINT('',(-0.32,-12.38,-3.));
#6036 = VECTOR('',#6037,1.);
#6037 = DIRECTION('',(0.,0.,1.));
#6038 = ORIENTED_EDGE('',*,*,#4508,.F.);
#6039 = PLANE('',#6040);
#6040 = AXIS2_PLACEMENT_3D('',#6041,#6042,#6043);
#6041 = CARTESIAN_POINT('',(-0.32,-12.38,-3.));
#6042 = DIRECTION('',(0.,1.,0.));
#6043 = DIRECTION('',(0.,-0.,1.));
#6044 = ADVANCED_FACE('',(#6045),#6056,.F.);
#6045 = FACE_BOUND('',#6046,.F.);
#6046 = EDGE_LOOP('',(#6047,#6048,#6054,#6055));
#6047 = ORIENTED_EDGE('',*,*,#5985,.F.);
#6048 = ORIENTED_EDGE('',*,*,#6049,.T.);
#6049 = EDGE_CURVE('',#5978,#6026,#6050,.T.);
#6050 = LINE('',#6051,#6052);
#6051 = CARTESIAN_POINT('',(-0.32,-13.02,-2.84));
#6052 = VECTOR('',#6053,1.);
#6053 = DIRECTION('',(0.,1.,0.));
#6054 = ORIENTED_EDGE('',*,*,#6033,.T.);
#6055 = ORIENTED_EDGE('',*,*,#4500,.F.);
#6056 = PLANE('',#6057);
#6057 = AXIS2_PLACEMENT_3D('',#6058,#6059,#6060);
#6058 = CARTESIAN_POINT('',(-0.32,-13.02,-3.));
#6059 = DIRECTION('',(1.,0.,0.));
#6060 = DIRECTION('',(0.,0.,1.));
#6061 = ADVANCED_FACE('',(#6062),#6087,.T.);
#6062 = FACE_BOUND('',#6063,.T.);
#6063 = EDGE_LOOP('',(#6064,#6072,#6080,#6086));
#6064 = ORIENTED_EDGE('',*,*,#6065,.F.);
#6065 = EDGE_CURVE('',#6066,#4525,#6068,.T.);
#6066 = VERTEX_POINT('',#6067);
#6067 = CARTESIAN_POINT('',(0.32,-9.84,-2.84));
#6068 = LINE('',#6069,#6070);
#6069 = CARTESIAN_POINT('',(0.32,-9.84,-3.));
#6070 = VECTOR('',#6071,1.);
#6071 = DIRECTION('',(0.,0.,1.));
#6072 = ORIENTED_EDGE('',*,*,#6073,.F.);
#6073 = EDGE_CURVE('',#6074,#6066,#6076,.T.);
#6074 = VERTEX_POINT('',#6075);
#6075 = CARTESIAN_POINT('',(-0.32,-9.84,-2.84));
#6076 = LINE('',#6077,#6078);
#6077 = CARTESIAN_POINT('',(-0.32,-9.84,-2.84));
#6078 = VECTOR('',#6079,1.);
#6079 = DIRECTION('',(1.,0.,0.));
#6080 = ORIENTED_EDGE('',*,*,#6081,.T.);
#6081 = EDGE_CURVE('',#6074,#4527,#6082,.T.);
#6082 = LINE('',#6083,#6084);
#6083 = CARTESIAN_POINT('',(-0.32,-9.84,-3.));
#6084 = VECTOR('',#6085,1.);
#6085 = DIRECTION('',(0.,0.,1.));
#6086 = ORIENTED_EDGE('',*,*,#4524,.F.);
#6087 = PLANE('',#6088);
#6088 = AXIS2_PLACEMENT_3D('',#6089,#6090,#6091);
#6089 = CARTESIAN_POINT('',(-0.32,-9.84,-3.));
#6090 = DIRECTION('',(0.,1.,0.));
#6091 = DIRECTION('',(0.,-0.,1.));
#6092 = ADVANCED_FACE('',(#6093),#6111,.F.);
#6093 = FACE_BOUND('',#6094,.F.);
#6094 = EDGE_LOOP('',(#6095,#6103,#6109,#6110));
#6095 = ORIENTED_EDGE('',*,*,#6096,.F.);
#6096 = EDGE_CURVE('',#6097,#4543,#6099,.T.);
#6097 = VERTEX_POINT('',#6098);
#6098 = CARTESIAN_POINT('',(-0.32,-10.48,-2.84));
#6099 = LINE('',#6100,#6101);
#6100 = CARTESIAN_POINT('',(-0.32,-10.48,-3.));
#6101 = VECTOR('',#6102,1.);
#6102 = DIRECTION('',(0.,0.,1.));
#6103 = ORIENTED_EDGE('',*,*,#6104,.T.);
#6104 = EDGE_CURVE('',#6097,#6074,#6105,.T.);
#6105 = LINE('',#6106,#6107);
#6106 = CARTESIAN_POINT('',(-0.32,-10.48,-2.84));
#6107 = VECTOR('',#6108,1.);
#6108 = DIRECTION('',(0.,1.,0.));
#6109 = ORIENTED_EDGE('',*,*,#6081,.T.);
#6110 = ORIENTED_EDGE('',*,*,#4550,.F.);
#6111 = PLANE('',#6112);
#6112 = AXIS2_PLACEMENT_3D('',#6113,#6114,#6115);
#6113 = CARTESIAN_POINT('',(-0.32,-10.48,-3.));
#6114 = DIRECTION('',(1.,0.,0.));
#6115 = DIRECTION('',(0.,0.,1.));
#6116 = ADVANCED_FACE('',(#6117),#6135,.F.);
#6117 = FACE_BOUND('',#6118,.F.);
#6118 = EDGE_LOOP('',(#6119,#6127,#6133,#6134));
#6119 = ORIENTED_EDGE('',*,*,#6120,.F.);
#6120 = EDGE_CURVE('',#6121,#4535,#6123,.T.);
#6121 = VERTEX_POINT('',#6122);
#6122 = CARTESIAN_POINT('',(0.32,-10.48,-2.84));
#6123 = LINE('',#6124,#6125);
#6124 = CARTESIAN_POINT('',(0.32,-10.48,-3.));
#6125 = VECTOR('',#6126,1.);
#6126 = DIRECTION('',(0.,0.,1.));
#6127 = ORIENTED_EDGE('',*,*,#6128,.F.);
#6128 = EDGE_CURVE('',#6097,#6121,#6129,.T.);
#6129 = LINE('',#6130,#6131);
#6130 = CARTESIAN_POINT('',(-0.32,-10.48,-2.84));
#6131 = VECTOR('',#6132,1.);
#6132 = DIRECTION('',(1.,0.,0.));
#6133 = ORIENTED_EDGE('',*,*,#6096,.T.);
#6134 = ORIENTED_EDGE('',*,*,#4542,.F.);
#6135 = PLANE('',#6136);
#6136 = AXIS2_PLACEMENT_3D('',#6137,#6138,#6139);
#6137 = CARTESIAN_POINT('',(-0.32,-10.48,-3.));
#6138 = DIRECTION('',(0.,1.,0.));
#6139 = DIRECTION('',(0.,-0.,1.));
#6140 = ADVANCED_FACE('',(#6141),#6152,.T.);
#6141 = FACE_BOUND('',#6142,.T.);
#6142 = EDGE_LOOP('',(#6143,#6144,#6150,#6151));
#6143 = ORIENTED_EDGE('',*,*,#6120,.F.);
#6144 = ORIENTED_EDGE('',*,*,#6145,.T.);
#6145 = EDGE_CURVE('',#6121,#6066,#6146,.T.);
#6146 = LINE('',#6147,#6148);
#6147 = CARTESIAN_POINT('',(0.32,-10.48,-2.84));
#6148 = VECTOR('',#6149,1.);
#6149 = DIRECTION('',(0.,1.,0.));
#6150 = ORIENTED_EDGE('',*,*,#6065,.T.);
#6151 = ORIENTED_EDGE('',*,*,#4534,.F.);
#6152 = PLANE('',#6153);
#6153 = AXIS2_PLACEMENT_3D('',#6154,#6155,#6156);
#6154 = CARTESIAN_POINT('',(0.32,-10.48,-3.));
#6155 = DIRECTION('',(1.,0.,0.));
#6156 = DIRECTION('',(0.,0.,1.));
#6157 = ADVANCED_FACE('',(#6158),#6183,.F.);
#6158 = FACE_BOUND('',#6159,.F.);
#6159 = EDGE_LOOP('',(#6160,#6168,#6176,#6182));
#6160 = ORIENTED_EDGE('',*,*,#6161,.F.);
#6161 = EDGE_CURVE('',#6162,#4559,#6164,.T.);
#6162 = VERTEX_POINT('',#6163);
#6163 = CARTESIAN_POINT('',(0.32,-7.94,-2.84));
#6164 = LINE('',#6165,#6166);
#6165 = CARTESIAN_POINT('',(0.32,-7.94,-3.));
#6166 = VECTOR('',#6167,1.);
#6167 = DIRECTION('',(0.,0.,1.));
#6168 = ORIENTED_EDGE('',*,*,#6169,.F.);
#6169 = EDGE_CURVE('',#6170,#6162,#6172,.T.);
#6170 = VERTEX_POINT('',#6171);
#6171 = CARTESIAN_POINT('',(-0.32,-7.94,-2.84));
#6172 = LINE('',#6173,#6174);
#6173 = CARTESIAN_POINT('',(-0.32,-7.94,-2.84));
#6174 = VECTOR('',#6175,1.);
#6175 = DIRECTION('',(1.,0.,0.));
#6176 = ORIENTED_EDGE('',*,*,#6177,.T.);
#6177 = EDGE_CURVE('',#6170,#4561,#6178,.T.);
#6178 = LINE('',#6179,#6180);
#6179 = CARTESIAN_POINT('',(-0.32,-7.94,-3.));
#6180 = VECTOR('',#6181,1.);
#6181 = DIRECTION('',(0.,0.,1.));
#6182 = ORIENTED_EDGE('',*,*,#4558,.F.);
#6183 = PLANE('',#6184);
#6184 = AXIS2_PLACEMENT_3D('',#6185,#6186,#6187);
#6185 = CARTESIAN_POINT('',(-0.32,-7.94,-3.));
#6186 = DIRECTION('',(0.,1.,0.));
#6187 = DIRECTION('',(0.,-0.,1.));
#6188 = ADVANCED_FACE('',(#6189),#6207,.T.);
#6189 = FACE_BOUND('',#6190,.T.);
#6190 = EDGE_LOOP('',(#6191,#6192,#6200,#6206));
#6191 = ORIENTED_EDGE('',*,*,#6161,.F.);
#6192 = ORIENTED_EDGE('',*,*,#6193,.T.);
#6193 = EDGE_CURVE('',#6162,#6194,#6196,.T.);
#6194 = VERTEX_POINT('',#6195);
#6195 = CARTESIAN_POINT('',(0.32,-7.3,-2.84));
#6196 = LINE('',#6197,#6198);
#6197 = CARTESIAN_POINT('',(0.32,-7.94,-2.84));
#6198 = VECTOR('',#6199,1.);
#6199 = DIRECTION('',(0.,1.,0.));
#6200 = ORIENTED_EDGE('',*,*,#6201,.T.);
#6201 = EDGE_CURVE('',#6194,#4577,#6202,.T.);
#6202 = LINE('',#6203,#6204);
#6203 = CARTESIAN_POINT('',(0.32,-7.3,-3.));
#6204 = VECTOR('',#6205,1.);
#6205 = DIRECTION('',(0.,0.,1.));
#6206 = ORIENTED_EDGE('',*,*,#4584,.F.);
#6207 = PLANE('',#6208);
#6208 = AXIS2_PLACEMENT_3D('',#6209,#6210,#6211);
#6209 = CARTESIAN_POINT('',(0.32,-7.94,-3.));
#6210 = DIRECTION('',(1.,0.,0.));
#6211 = DIRECTION('',(0.,0.,1.));
#6212 = ADVANCED_FACE('',(#6213),#6231,.T.);
#6213 = FACE_BOUND('',#6214,.T.);
#6214 = EDGE_LOOP('',(#6215,#6216,#6224,#6230));
#6215 = ORIENTED_EDGE('',*,*,#6201,.F.);
#6216 = ORIENTED_EDGE('',*,*,#6217,.F.);
#6217 = EDGE_CURVE('',#6218,#6194,#6220,.T.);
#6218 = VERTEX_POINT('',#6219);
#6219 = CARTESIAN_POINT('',(-0.32,-7.3,-2.84));
#6220 = LINE('',#6221,#6222);
#6221 = CARTESIAN_POINT('',(-0.32,-7.3,-2.84));
#6222 = VECTOR('',#6223,1.);
#6223 = DIRECTION('',(1.,0.,0.));
#6224 = ORIENTED_EDGE('',*,*,#6225,.T.);
#6225 = EDGE_CURVE('',#6218,#4569,#6226,.T.);
#6226 = LINE('',#6227,#6228);
#6227 = CARTESIAN_POINT('',(-0.32,-7.3,-3.));
#6228 = VECTOR('',#6229,1.);
#6229 = DIRECTION('',(0.,0.,1.));
#6230 = ORIENTED_EDGE('',*,*,#4576,.F.);
#6231 = PLANE('',#6232);
#6232 = AXIS2_PLACEMENT_3D('',#6233,#6234,#6235);
#6233 = CARTESIAN_POINT('',(-0.32,-7.3,-3.));
#6234 = DIRECTION('',(0.,1.,0.));
#6235 = DIRECTION('',(0.,-0.,1.));
#6236 = ADVANCED_FACE('',(#6237),#6248,.F.);
#6237 = FACE_BOUND('',#6238,.F.);
#6238 = EDGE_LOOP('',(#6239,#6240,#6246,#6247));
#6239 = ORIENTED_EDGE('',*,*,#6177,.F.);
#6240 = ORIENTED_EDGE('',*,*,#6241,.T.);
#6241 = EDGE_CURVE('',#6170,#6218,#6242,.T.);
#6242 = LINE('',#6243,#6244);
#6243 = CARTESIAN_POINT('',(-0.32,-7.94,-2.84));
#6244 = VECTOR('',#6245,1.);
#6245 = DIRECTION('',(0.,1.,0.));
#6246 = ORIENTED_EDGE('',*,*,#6225,.T.);
#6247 = ORIENTED_EDGE('',*,*,#4568,.F.);
#6248 = PLANE('',#6249);
#6249 = AXIS2_PLACEMENT_3D('',#6250,#6251,#6252);
#6250 = CARTESIAN_POINT('',(-0.32,-7.94,-3.));
#6251 = DIRECTION('',(1.,0.,0.));
#6252 = DIRECTION('',(0.,0.,1.));
#6253 = ADVANCED_FACE('',(#6254),#6279,.T.);
#6254 = FACE_BOUND('',#6255,.T.);
#6255 = EDGE_LOOP('',(#6256,#6264,#6265,#6273));
#6256 = ORIENTED_EDGE('',*,*,#6257,.F.);
#6257 = EDGE_CURVE('',#4882,#6258,#6260,.T.);
#6258 = VERTEX_POINT('',#6259);
#6259 = CARTESIAN_POINT('',(0.32,-0.32,8.38));
#6260 = LINE('',#6261,#6262);
#6261 = CARTESIAN_POINT('',(0.32,-0.32,-3.));
#6262 = VECTOR('',#6263,1.);
#6263 = DIRECTION('',(0.,0.,1.));
#6264 = ORIENTED_EDGE('',*,*,#4881,.T.);
#6265 = ORIENTED_EDGE('',*,*,#6266,.T.);
#6266 = EDGE_CURVE('',#4884,#6267,#6269,.T.);
#6267 = VERTEX_POINT('',#6268);
#6268 = CARTESIAN_POINT('',(0.32,0.32,8.38));
#6269 = LINE('',#6270,#6271);
#6270 = CARTESIAN_POINT('',(0.32,0.32,-3.));
#6271 = VECTOR('',#6272,1.);
#6272 = DIRECTION('',(0.,0.,1.));
#6273 = ORIENTED_EDGE('',*,*,#6274,.F.);
#6274 = EDGE_CURVE('',#6258,#6267,#6275,.T.);
#6275 = LINE('',#6276,#6277);
#6276 = CARTESIAN_POINT('',(0.32,-0.32,8.38));
#6277 = VECTOR('',#6278,1.);
#6278 = DIRECTION('',(0.,1.,0.));
#6279 = PLANE('',#6280);
#6280 = AXIS2_PLACEMENT_3D('',#6281,#6282,#6283);
#6281 = CARTESIAN_POINT('',(0.32,-0.32,-3.));
#6282 = DIRECTION('',(1.,0.,0.));
#6283 = DIRECTION('',(0.,0.,1.));
#6284 = ADVANCED_FACE('',(#6285),#6303,.T.);
#6285 = FACE_BOUND('',#6286,.T.);
#6286 = EDGE_LOOP('',(#6287,#6288,#6289,#6297));
#6287 = ORIENTED_EDGE('',*,*,#6266,.F.);
#6288 = ORIENTED_EDGE('',*,*,#4907,.T.);
#6289 = ORIENTED_EDGE('',*,*,#6290,.T.);
#6290 = EDGE_CURVE('',#4900,#6291,#6293,.T.);
#6291 = VERTEX_POINT('',#6292);
#6292 = CARTESIAN_POINT('',(-0.32,0.32,8.38));
#6293 = LINE('',#6294,#6295);
#6294 = CARTESIAN_POINT('',(-0.32,0.32,-3.));
#6295 = VECTOR('',#6296,1.);
#6296 = DIRECTION('',(0.,0.,1.));
#6297 = ORIENTED_EDGE('',*,*,#6298,.T.);
#6298 = EDGE_CURVE('',#6291,#6267,#6299,.T.);
#6299 = LINE('',#6300,#6301);
#6300 = CARTESIAN_POINT('',(-0.32,0.32,8.38));
#6301 = VECTOR('',#6302,1.);
#6302 = DIRECTION('',(1.,0.,0.));
#6303 = PLANE('',#6304);
#6304 = AXIS2_PLACEMENT_3D('',#6305,#6306,#6307);
#6305 = CARTESIAN_POINT('',(-0.32,0.32,-3.));
#6306 = DIRECTION('',(0.,1.,0.));
#6307 = DIRECTION('',(0.,-0.,1.));
#6308 = ADVANCED_FACE('',(#6309),#6327,.F.);
#6309 = FACE_BOUND('',#6310,.F.);
#6310 = EDGE_LOOP('',(#6311,#6319,#6320,#6321));
#6311 = ORIENTED_EDGE('',*,*,#6312,.F.);
#6312 = EDGE_CURVE('',#4892,#6313,#6315,.T.);
#6313 = VERTEX_POINT('',#6314);
#6314 = CARTESIAN_POINT('',(-0.32,-0.32,8.38));
#6315 = LINE('',#6316,#6317);
#6316 = CARTESIAN_POINT('',(-0.32,-0.32,-3.));
#6317 = VECTOR('',#6318,1.);
#6318 = DIRECTION('',(0.,0.,1.));
#6319 = ORIENTED_EDGE('',*,*,#4899,.T.);
#6320 = ORIENTED_EDGE('',*,*,#6290,.T.);
#6321 = ORIENTED_EDGE('',*,*,#6322,.F.);
#6322 = EDGE_CURVE('',#6313,#6291,#6323,.T.);
#6323 = LINE('',#6324,#6325);
#6324 = CARTESIAN_POINT('',(-0.32,-0.32,8.38));
#6325 = VECTOR('',#6326,1.);
#6326 = DIRECTION('',(0.,1.,0.));
#6327 = PLANE('',#6328);
#6328 = AXIS2_PLACEMENT_3D('',#6329,#6330,#6331);
#6329 = CARTESIAN_POINT('',(-0.32,-0.32,-3.));
#6330 = DIRECTION('',(1.,0.,0.));
#6331 = DIRECTION('',(0.,0.,1.));
#6332 = ADVANCED_FACE('',(#6333),#6344,.F.);
#6333 = FACE_BOUND('',#6334,.F.);
#6334 = EDGE_LOOP('',(#6335,#6336,#6337,#6338));
#6335 = ORIENTED_EDGE('',*,*,#6257,.F.);
#6336 = ORIENTED_EDGE('',*,*,#4891,.T.);
#6337 = ORIENTED_EDGE('',*,*,#6312,.T.);
#6338 = ORIENTED_EDGE('',*,*,#6339,.T.);
#6339 = EDGE_CURVE('',#6313,#6258,#6340,.T.);
#6340 = LINE('',#6341,#6342);
#6341 = CARTESIAN_POINT('',(-0.32,-0.32,8.38));
#6342 = VECTOR('',#6343,1.);
#6343 = DIRECTION('',(1.,0.,0.));
#6344 = PLANE('',#6345);
#6345 = AXIS2_PLACEMENT_3D('',#6346,#6347,#6348);
#6346 = CARTESIAN_POINT('',(-0.32,-0.32,-3.));
#6347 = DIRECTION('',(0.,1.,0.));
#6348 = DIRECTION('',(0.,-0.,1.));
#6349 = ADVANCED_FACE('',(#6350),#6375,.T.);
#6350 = FACE_BOUND('',#6351,.T.);
#6351 = EDGE_LOOP('',(#6352,#6360,#6361,#6369));
#6352 = ORIENTED_EDGE('',*,*,#6353,.F.);
#6353 = EDGE_CURVE('',#4916,#6354,#6356,.T.);
#6354 = VERTEX_POINT('',#6355);
#6355 = CARTESIAN_POINT('',(0.32,-5.4,8.38));
#6356 = LINE('',#6357,#6358);
#6357 = CARTESIAN_POINT('',(0.32,-5.4,-3.));
#6358 = VECTOR('',#6359,1.);
#6359 = DIRECTION('',(0.,0.,1.));
#6360 = ORIENTED_EDGE('',*,*,#4915,.T.);
#6361 = ORIENTED_EDGE('',*,*,#6362,.T.);
#6362 = EDGE_CURVE('',#4918,#6363,#6365,.T.);
#6363 = VERTEX_POINT('',#6364);
#6364 = CARTESIAN_POINT('',(0.32,-4.76,8.38));
#6365 = LINE('',#6366,#6367);
#6366 = CARTESIAN_POINT('',(0.32,-4.76,-3.));
#6367 = VECTOR('',#6368,1.);
#6368 = DIRECTION('',(0.,0.,1.));
#6369 = ORIENTED_EDGE('',*,*,#6370,.F.);
#6370 = EDGE_CURVE('',#6354,#6363,#6371,.T.);
#6371 = LINE('',#6372,#6373);
#6372 = CARTESIAN_POINT('',(0.32,-5.4,8.38));
#6373 = VECTOR('',#6374,1.);
#6374 = DIRECTION('',(0.,1.,0.));
#6375 = PLANE('',#6376);
#6376 = AXIS2_PLACEMENT_3D('',#6377,#6378,#6379);
#6377 = CARTESIAN_POINT('',(0.32,-5.4,-3.));
#6378 = DIRECTION('',(1.,0.,0.));
#6379 = DIRECTION('',(0.,0.,1.));
#6380 = ADVANCED_FACE('',(#6381),#6399,.T.);
#6381 = FACE_BOUND('',#6382,.T.);
#6382 = EDGE_LOOP('',(#6383,#6384,#6385,#6393));
#6383 = ORIENTED_EDGE('',*,*,#6362,.F.);
#6384 = ORIENTED_EDGE('',*,*,#4941,.T.);
#6385 = ORIENTED_EDGE('',*,*,#6386,.T.);
#6386 = EDGE_CURVE('',#4934,#6387,#6389,.T.);
#6387 = VERTEX_POINT('',#6388);
#6388 = CARTESIAN_POINT('',(-0.32,-4.76,8.38));
#6389 = LINE('',#6390,#6391);
#6390 = CARTESIAN_POINT('',(-0.32,-4.76,-3.));
#6391 = VECTOR('',#6392,1.);
#6392 = DIRECTION('',(0.,0.,1.));
#6393 = ORIENTED_EDGE('',*,*,#6394,.T.);
#6394 = EDGE_CURVE('',#6387,#6363,#6395,.T.);
#6395 = LINE('',#6396,#6397);
#6396 = CARTESIAN_POINT('',(-0.32,-4.76,8.38));
#6397 = VECTOR('',#6398,1.);
#6398 = DIRECTION('',(1.,0.,0.));
#6399 = PLANE('',#6400);
#6400 = AXIS2_PLACEMENT_3D('',#6401,#6402,#6403);
#6401 = CARTESIAN_POINT('',(-0.32,-4.76,-3.));
#6402 = DIRECTION('',(0.,1.,0.));
#6403 = DIRECTION('',(0.,-0.,1.));
#6404 = ADVANCED_FACE('',(#6405),#6423,.F.);
#6405 = FACE_BOUND('',#6406,.F.);
#6406 = EDGE_LOOP('',(#6407,#6415,#6416,#6417));
#6407 = ORIENTED_EDGE('',*,*,#6408,.F.);
#6408 = EDGE_CURVE('',#4926,#6409,#6411,.T.);
#6409 = VERTEX_POINT('',#6410);
#6410 = CARTESIAN_POINT('',(-0.32,-5.4,8.38));
#6411 = LINE('',#6412,#6413);
#6412 = CARTESIAN_POINT('',(-0.32,-5.4,-3.));
#6413 = VECTOR('',#6414,1.);
#6414 = DIRECTION('',(0.,0.,1.));
#6415 = ORIENTED_EDGE('',*,*,#4933,.T.);
#6416 = ORIENTED_EDGE('',*,*,#6386,.T.);
#6417 = ORIENTED_EDGE('',*,*,#6418,.F.);
#6418 = EDGE_CURVE('',#6409,#6387,#6419,.T.);
#6419 = LINE('',#6420,#6421);
#6420 = CARTESIAN_POINT('',(-0.32,-5.4,8.38));
#6421 = VECTOR('',#6422,1.);
#6422 = DIRECTION('',(0.,1.,0.));
#6423 = PLANE('',#6424);
#6424 = AXIS2_PLACEMENT_3D('',#6425,#6426,#6427);
#6425 = CARTESIAN_POINT('',(-0.32,-5.4,-3.));
#6426 = DIRECTION('',(1.,0.,0.));
#6427 = DIRECTION('',(0.,0.,1.));
#6428 = ADVANCED_FACE('',(#6429),#6440,.F.);
#6429 = FACE_BOUND('',#6430,.F.);
#6430 = EDGE_LOOP('',(#6431,#6432,#6433,#6434));
#6431 = ORIENTED_EDGE('',*,*,#6353,.F.);
#6432 = ORIENTED_EDGE('',*,*,#4925,.T.);
#6433 = ORIENTED_EDGE('',*,*,#6408,.T.);
#6434 = ORIENTED_EDGE('',*,*,#6435,.T.);
#6435 = EDGE_CURVE('',#6409,#6354,#6436,.T.);
#6436 = LINE('',#6437,#6438);
#6437 = CARTESIAN_POINT('',(-0.32,-5.4,8.38));
#6438 = VECTOR('',#6439,1.);
#6439 = DIRECTION('',(1.,0.,0.));
#6440 = PLANE('',#6441);
#6441 = AXIS2_PLACEMENT_3D('',#6442,#6443,#6444);
#6442 = CARTESIAN_POINT('',(-0.32,-5.4,-3.));
#6443 = DIRECTION('',(0.,1.,0.));
#6444 = DIRECTION('',(0.,-0.,1.));
#6445 = ADVANCED_FACE('',(#6446),#6471,.T.);
#6446 = FACE_BOUND('',#6447,.T.);
#6447 = EDGE_LOOP('',(#6448,#6456,#6457,#6465));
#6448 = ORIENTED_EDGE('',*,*,#6449,.F.);
#6449 = EDGE_CURVE('',#4950,#6450,#6452,.T.);
#6450 = VERTEX_POINT('',#6451);
#6451 = CARTESIAN_POINT('',(0.32,-2.86,8.38));
#6452 = LINE('',#6453,#6454);
#6453 = CARTESIAN_POINT('',(0.32,-2.86,-3.));
#6454 = VECTOR('',#6455,1.);
#6455 = DIRECTION('',(0.,0.,1.));
#6456 = ORIENTED_EDGE('',*,*,#4949,.T.);
#6457 = ORIENTED_EDGE('',*,*,#6458,.T.);
#6458 = EDGE_CURVE('',#4952,#6459,#6461,.T.);
#6459 = VERTEX_POINT('',#6460);
#6460 = CARTESIAN_POINT('',(0.32,-2.22,8.38));
#6461 = LINE('',#6462,#6463);
#6462 = CARTESIAN_POINT('',(0.32,-2.22,-3.));
#6463 = VECTOR('',#6464,1.);
#6464 = DIRECTION('',(0.,0.,1.));
#6465 = ORIENTED_EDGE('',*,*,#6466,.F.);
#6466 = EDGE_CURVE('',#6450,#6459,#6467,.T.);
#6467 = LINE('',#6468,#6469);
#6468 = CARTESIAN_POINT('',(0.32,-2.86,8.38));
#6469 = VECTOR('',#6470,1.);
#6470 = DIRECTION('',(0.,1.,0.));
#6471 = PLANE('',#6472);
#6472 = AXIS2_PLACEMENT_3D('',#6473,#6474,#6475);
#6473 = CARTESIAN_POINT('',(0.32,-2.86,-3.));
#6474 = DIRECTION('',(1.,0.,0.));
#6475 = DIRECTION('',(0.,0.,1.));
#6476 = ADVANCED_FACE('',(#6477),#6495,.T.);
#6477 = FACE_BOUND('',#6478,.T.);
#6478 = EDGE_LOOP('',(#6479,#6480,#6481,#6489));
#6479 = ORIENTED_EDGE('',*,*,#6458,.F.);
#6480 = ORIENTED_EDGE('',*,*,#4975,.T.);
#6481 = ORIENTED_EDGE('',*,*,#6482,.T.);
#6482 = EDGE_CURVE('',#4968,#6483,#6485,.T.);
#6483 = VERTEX_POINT('',#6484);
#6484 = CARTESIAN_POINT('',(-0.32,-2.22,8.38));
#6485 = LINE('',#6486,#6487);
#6486 = CARTESIAN_POINT('',(-0.32,-2.22,-3.));
#6487 = VECTOR('',#6488,1.);
#6488 = DIRECTION('',(0.,0.,1.));
#6489 = ORIENTED_EDGE('',*,*,#6490,.T.);
#6490 = EDGE_CURVE('',#6483,#6459,#6491,.T.);
#6491 = LINE('',#6492,#6493);
#6492 = CARTESIAN_POINT('',(-0.32,-2.22,8.38));
#6493 = VECTOR('',#6494,1.);
#6494 = DIRECTION('',(1.,0.,0.));
#6495 = PLANE('',#6496);
#6496 = AXIS2_PLACEMENT_3D('',#6497,#6498,#6499);
#6497 = CARTESIAN_POINT('',(-0.32,-2.22,-3.));
#6498 = DIRECTION('',(0.,1.,0.));
#6499 = DIRECTION('',(0.,-0.,1.));
#6500 = ADVANCED_FACE('',(#6501),#6519,.F.);
#6501 = FACE_BOUND('',#6502,.F.);
#6502 = EDGE_LOOP('',(#6503,#6511,#6512,#6513));
#6503 = ORIENTED_EDGE('',*,*,#6504,.F.);
#6504 = EDGE_CURVE('',#4960,#6505,#6507,.T.);
#6505 = VERTEX_POINT('',#6506);
#6506 = CARTESIAN_POINT('',(-0.32,-2.86,8.38));
#6507 = LINE('',#6508,#6509);
#6508 = CARTESIAN_POINT('',(-0.32,-2.86,-3.));
#6509 = VECTOR('',#6510,1.);
#6510 = DIRECTION('',(0.,0.,1.));
#6511 = ORIENTED_EDGE('',*,*,#4967,.T.);
#6512 = ORIENTED_EDGE('',*,*,#6482,.T.);
#6513 = ORIENTED_EDGE('',*,*,#6514,.F.);
#6514 = EDGE_CURVE('',#6505,#6483,#6515,.T.);
#6515 = LINE('',#6516,#6517);
#6516 = CARTESIAN_POINT('',(-0.32,-2.86,8.38));
#6517 = VECTOR('',#6518,1.);
#6518 = DIRECTION('',(0.,1.,0.));
#6519 = PLANE('',#6520);
#6520 = AXIS2_PLACEMENT_3D('',#6521,#6522,#6523);
#6521 = CARTESIAN_POINT('',(-0.32,-2.86,-3.));
#6522 = DIRECTION('',(1.,0.,0.));
#6523 = DIRECTION('',(0.,0.,1.));
#6524 = ADVANCED_FACE('',(#6525),#6536,.F.);
#6525 = FACE_BOUND('',#6526,.F.);
#6526 = EDGE_LOOP('',(#6527,#6528,#6529,#6530));
#6527 = ORIENTED_EDGE('',*,*,#6449,.F.);
#6528 = ORIENTED_EDGE('',*,*,#4959,.T.);
#6529 = ORIENTED_EDGE('',*,*,#6504,.T.);
#6530 = ORIENTED_EDGE('',*,*,#6531,.T.);
#6531 = EDGE_CURVE('',#6505,#6450,#6532,.T.);
#6532 = LINE('',#6533,#6534);
#6533 = CARTESIAN_POINT('',(-0.32,-2.86,8.38));
#6534 = VECTOR('',#6535,1.);
#6535 = DIRECTION('',(1.,0.,0.));
#6536 = PLANE('',#6537);
#6537 = AXIS2_PLACEMENT_3D('',#6538,#6539,#6540);
#6538 = CARTESIAN_POINT('',(-0.32,-2.86,-3.));
#6539 = DIRECTION('',(0.,1.,0.));
#6540 = DIRECTION('',(0.,-0.,1.));
#6541 = ADVANCED_FACE('',(#6542),#6567,.F.);
#6542 = FACE_BOUND('',#6543,.F.);
#6543 = EDGE_LOOP('',(#6544,#6552,#6553,#6561));
#6544 = ORIENTED_EDGE('',*,*,#6545,.F.);
#6545 = EDGE_CURVE('',#4984,#6546,#6548,.T.);
#6546 = VERTEX_POINT('',#6547);
#6547 = CARTESIAN_POINT('',(0.32,-13.02,8.38));
#6548 = LINE('',#6549,#6550);
#6549 = CARTESIAN_POINT('',(0.32,-13.02,-3.));
#6550 = VECTOR('',#6551,1.);
#6551 = DIRECTION('',(0.,0.,1.));
#6552 = ORIENTED_EDGE('',*,*,#4983,.T.);
#6553 = ORIENTED_EDGE('',*,*,#6554,.T.);
#6554 = EDGE_CURVE('',#4986,#6555,#6557,.T.);
#6555 = VERTEX_POINT('',#6556);
#6556 = CARTESIAN_POINT('',(-0.32,-13.02,8.38));
#6557 = LINE('',#6558,#6559);
#6558 = CARTESIAN_POINT('',(-0.32,-13.02,-3.));
#6559 = VECTOR('',#6560,1.);
#6560 = DIRECTION('',(0.,0.,1.));
#6561 = ORIENTED_EDGE('',*,*,#6562,.T.);
#6562 = EDGE_CURVE('',#6555,#6546,#6563,.T.);
#6563 = LINE('',#6564,#6565);
#6564 = CARTESIAN_POINT('',(-0.32,-13.02,8.38));
#6565 = VECTOR('',#6566,1.);
#6566 = DIRECTION('',(1.,0.,0.));
#6567 = PLANE('',#6568);
#6568 = AXIS2_PLACEMENT_3D('',#6569,#6570,#6571);
#6569 = CARTESIAN_POINT('',(-0.32,-13.02,-3.));
#6570 = DIRECTION('',(0.,1.,0.));
#6571 = DIRECTION('',(0.,-0.,1.));
#6572 = ADVANCED_FACE('',(#6573),#6591,.T.);
#6573 = FACE_BOUND('',#6574,.T.);
#6574 = EDGE_LOOP('',(#6575,#6576,#6577,#6585));
#6575 = ORIENTED_EDGE('',*,*,#6545,.F.);
#6576 = ORIENTED_EDGE('',*,*,#5009,.T.);
#6577 = ORIENTED_EDGE('',*,*,#6578,.T.);
#6578 = EDGE_CURVE('',#5002,#6579,#6581,.T.);
#6579 = VERTEX_POINT('',#6580);
#6580 = CARTESIAN_POINT('',(0.32,-12.38,8.38));
#6581 = LINE('',#6582,#6583);
#6582 = CARTESIAN_POINT('',(0.32,-12.38,-3.));
#6583 = VECTOR('',#6584,1.);
#6584 = DIRECTION('',(0.,0.,1.));
#6585 = ORIENTED_EDGE('',*,*,#6586,.F.);
#6586 = EDGE_CURVE('',#6546,#6579,#6587,.T.);
#6587 = LINE('',#6588,#6589);
#6588 = CARTESIAN_POINT('',(0.32,-13.02,8.38));
#6589 = VECTOR('',#6590,1.);
#6590 = DIRECTION('',(0.,1.,0.));
#6591 = PLANE('',#6592);
#6592 = AXIS2_PLACEMENT_3D('',#6593,#6594,#6595);
#6593 = CARTESIAN_POINT('',(0.32,-13.02,-3.));
#6594 = DIRECTION('',(1.,0.,0.));
#6595 = DIRECTION('',(0.,0.,1.));
#6596 = ADVANCED_FACE('',(#6597),#6615,.T.);
#6597 = FACE_BOUND('',#6598,.T.);
#6598 = EDGE_LOOP('',(#6599,#6600,#6601,#6609));
#6599 = ORIENTED_EDGE('',*,*,#6578,.F.);
#6600 = ORIENTED_EDGE('',*,*,#5001,.T.);
#6601 = ORIENTED_EDGE('',*,*,#6602,.T.);
#6602 = EDGE_CURVE('',#4994,#6603,#6605,.T.);
#6603 = VERTEX_POINT('',#6604);
#6604 = CARTESIAN_POINT('',(-0.32,-12.38,8.38));
#6605 = LINE('',#6606,#6607);
#6606 = CARTESIAN_POINT('',(-0.32,-12.38,-3.));
#6607 = VECTOR('',#6608,1.);
#6608 = DIRECTION('',(0.,0.,1.));
#6609 = ORIENTED_EDGE('',*,*,#6610,.T.);
#6610 = EDGE_CURVE('',#6603,#6579,#6611,.T.);
#6611 = LINE('',#6612,#6613);
#6612 = CARTESIAN_POINT('',(-0.32,-12.38,8.38));
#6613 = VECTOR('',#6614,1.);
#6614 = DIRECTION('',(1.,0.,0.));
#6615 = PLANE('',#6616);
#6616 = AXIS2_PLACEMENT_3D('',#6617,#6618,#6619);
#6617 = CARTESIAN_POINT('',(-0.32,-12.38,-3.));
#6618 = DIRECTION('',(0.,1.,0.));
#6619 = DIRECTION('',(0.,-0.,1.));
#6620 = ADVANCED_FACE('',(#6621),#6632,.F.);
#6621 = FACE_BOUND('',#6622,.F.);
#6622 = EDGE_LOOP('',(#6623,#6624,#6625,#6626));
#6623 = ORIENTED_EDGE('',*,*,#6554,.F.);
#6624 = ORIENTED_EDGE('',*,*,#4993,.T.);
#6625 = ORIENTED_EDGE('',*,*,#6602,.T.);
#6626 = ORIENTED_EDGE('',*,*,#6627,.F.);
#6627 = EDGE_CURVE('',#6555,#6603,#6628,.T.);
#6628 = LINE('',#6629,#6630);
#6629 = CARTESIAN_POINT('',(-0.32,-13.02,8.38));
#6630 = VECTOR('',#6631,1.);
#6631 = DIRECTION('',(0.,1.,0.));
#6632 = PLANE('',#6633);
#6633 = AXIS2_PLACEMENT_3D('',#6634,#6635,#6636);
#6634 = CARTESIAN_POINT('',(-0.32,-13.02,-3.));
#6635 = DIRECTION('',(1.,0.,0.));
#6636 = DIRECTION('',(0.,0.,1.));
#6637 = ADVANCED_FACE('',(#6638),#6663,.T.);
#6638 = FACE_BOUND('',#6639,.T.);
#6639 = EDGE_LOOP('',(#6640,#6648,#6649,#6657));
#6640 = ORIENTED_EDGE('',*,*,#6641,.F.);
#6641 = EDGE_CURVE('',#5018,#6642,#6644,.T.);
#6642 = VERTEX_POINT('',#6643);
#6643 = CARTESIAN_POINT('',(0.32,-9.84,8.38));
#6644 = LINE('',#6645,#6646);
#6645 = CARTESIAN_POINT('',(0.32,-9.84,-3.));
#6646 = VECTOR('',#6647,1.);
#6647 = DIRECTION('',(0.,0.,1.));
#6648 = ORIENTED_EDGE('',*,*,#5017,.T.);
#6649 = ORIENTED_EDGE('',*,*,#6650,.T.);
#6650 = EDGE_CURVE('',#5020,#6651,#6653,.T.);
#6651 = VERTEX_POINT('',#6652);
#6652 = CARTESIAN_POINT('',(-0.32,-9.84,8.38));
#6653 = LINE('',#6654,#6655);
#6654 = CARTESIAN_POINT('',(-0.32,-9.84,-3.));
#6655 = VECTOR('',#6656,1.);
#6656 = DIRECTION('',(0.,0.,1.));
#6657 = ORIENTED_EDGE('',*,*,#6658,.T.);
#6658 = EDGE_CURVE('',#6651,#6642,#6659,.T.);
#6659 = LINE('',#6660,#6661);
#6660 = CARTESIAN_POINT('',(-0.32,-9.84,8.38));
#6661 = VECTOR('',#6662,1.);
#6662 = DIRECTION('',(1.,0.,0.));
#6663 = PLANE('',#6664);
#6664 = AXIS2_PLACEMENT_3D('',#6665,#6666,#6667);
#6665 = CARTESIAN_POINT('',(-0.32,-9.84,-3.));
#6666 = DIRECTION('',(0.,1.,0.));
#6667 = DIRECTION('',(0.,-0.,1.));
#6668 = ADVANCED_FACE('',(#6669),#6687,.F.);
#6669 = FACE_BOUND('',#6670,.F.);
#6670 = EDGE_LOOP('',(#6671,#6679,#6680,#6681));
#6671 = ORIENTED_EDGE('',*,*,#6672,.F.);
#6672 = EDGE_CURVE('',#5036,#6673,#6675,.T.);
#6673 = VERTEX_POINT('',#6674);
#6674 = CARTESIAN_POINT('',(-0.32,-10.48,8.38));
#6675 = LINE('',#6676,#6677);
#6676 = CARTESIAN_POINT('',(-0.32,-10.48,-3.));
#6677 = VECTOR('',#6678,1.);
#6678 = DIRECTION('',(0.,0.,1.));
#6679 = ORIENTED_EDGE('',*,*,#5043,.T.);
#6680 = ORIENTED_EDGE('',*,*,#6650,.T.);
#6681 = ORIENTED_EDGE('',*,*,#6682,.F.);
#6682 = EDGE_CURVE('',#6673,#6651,#6683,.T.);
#6683 = LINE('',#6684,#6685);
#6684 = CARTESIAN_POINT('',(-0.32,-10.48,8.38));
#6685 = VECTOR('',#6686,1.);
#6686 = DIRECTION('',(0.,1.,0.));
#6687 = PLANE('',#6688);
#6688 = AXIS2_PLACEMENT_3D('',#6689,#6690,#6691);
#6689 = CARTESIAN_POINT('',(-0.32,-10.48,-3.));
#6690 = DIRECTION('',(1.,0.,0.));
#6691 = DIRECTION('',(0.,0.,1.));
#6692 = ADVANCED_FACE('',(#6693),#6711,.F.);
#6693 = FACE_BOUND('',#6694,.F.);
#6694 = EDGE_LOOP('',(#6695,#6703,#6704,#6705));
#6695 = ORIENTED_EDGE('',*,*,#6696,.F.);
#6696 = EDGE_CURVE('',#5028,#6697,#6699,.T.);
#6697 = VERTEX_POINT('',#6698);
#6698 = CARTESIAN_POINT('',(0.32,-10.48,8.38));
#6699 = LINE('',#6700,#6701);
#6700 = CARTESIAN_POINT('',(0.32,-10.48,-3.));
#6701 = VECTOR('',#6702,1.);
#6702 = DIRECTION('',(0.,0.,1.));
#6703 = ORIENTED_EDGE('',*,*,#5035,.T.);
#6704 = ORIENTED_EDGE('',*,*,#6672,.T.);
#6705 = ORIENTED_EDGE('',*,*,#6706,.T.);
#6706 = EDGE_CURVE('',#6673,#6697,#6707,.T.);
#6707 = LINE('',#6708,#6709);
#6708 = CARTESIAN_POINT('',(-0.32,-10.48,8.38));
#6709 = VECTOR('',#6710,1.);
#6710 = DIRECTION('',(1.,0.,0.));
#6711 = PLANE('',#6712);
#6712 = AXIS2_PLACEMENT_3D('',#6713,#6714,#6715);
#6713 = CARTESIAN_POINT('',(-0.32,-10.48,-3.));
#6714 = DIRECTION('',(0.,1.,0.));
#6715 = DIRECTION('',(0.,-0.,1.));
#6716 = ADVANCED_FACE('',(#6717),#6728,.T.);
#6717 = FACE_BOUND('',#6718,.T.);
#6718 = EDGE_LOOP('',(#6719,#6720,#6721,#6722));
#6719 = ORIENTED_EDGE('',*,*,#6696,.F.);
#6720 = ORIENTED_EDGE('',*,*,#5027,.T.);
#6721 = ORIENTED_EDGE('',*,*,#6641,.T.);
#6722 = ORIENTED_EDGE('',*,*,#6723,.F.);
#6723 = EDGE_CURVE('',#6697,#6642,#6724,.T.);
#6724 = LINE('',#6725,#6726);
#6725 = CARTESIAN_POINT('',(0.32,-10.48,8.38));
#6726 = VECTOR('',#6727,1.);
#6727 = DIRECTION('',(0.,1.,0.));
#6728 = PLANE('',#6729);
#6729 = AXIS2_PLACEMENT_3D('',#6730,#6731,#6732);
#6730 = CARTESIAN_POINT('',(0.32,-10.48,-3.));
#6731 = DIRECTION('',(1.,0.,0.));
#6732 = DIRECTION('',(0.,0.,1.));
#6733 = ADVANCED_FACE('',(#6734),#6759,.F.);
#6734 = FACE_BOUND('',#6735,.F.);
#6735 = EDGE_LOOP('',(#6736,#6744,#6745,#6753));
#6736 = ORIENTED_EDGE('',*,*,#6737,.F.);
#6737 = EDGE_CURVE('',#5052,#6738,#6740,.T.);
#6738 = VERTEX_POINT('',#6739);
#6739 = CARTESIAN_POINT('',(0.32,-7.94,8.38));
#6740 = LINE('',#6741,#6742);
#6741 = CARTESIAN_POINT('',(0.32,-7.94,-3.));
#6742 = VECTOR('',#6743,1.);
#6743 = DIRECTION('',(0.,0.,1.));
#6744 = ORIENTED_EDGE('',*,*,#5051,.T.);
#6745 = ORIENTED_EDGE('',*,*,#6746,.T.);
#6746 = EDGE_CURVE('',#5054,#6747,#6749,.T.);
#6747 = VERTEX_POINT('',#6748);
#6748 = CARTESIAN_POINT('',(-0.32,-7.94,8.38));
#6749 = LINE('',#6750,#6751);
#6750 = CARTESIAN_POINT('',(-0.32,-7.94,-3.));
#6751 = VECTOR('',#6752,1.);
#6752 = DIRECTION('',(0.,0.,1.));
#6753 = ORIENTED_EDGE('',*,*,#6754,.T.);
#6754 = EDGE_CURVE('',#6747,#6738,#6755,.T.);
#6755 = LINE('',#6756,#6757);
#6756 = CARTESIAN_POINT('',(-0.32,-7.94,8.38));
#6757 = VECTOR('',#6758,1.);
#6758 = DIRECTION('',(1.,0.,0.));
#6759 = PLANE('',#6760);
#6760 = AXIS2_PLACEMENT_3D('',#6761,#6762,#6763);
#6761 = CARTESIAN_POINT('',(-0.32,-7.94,-3.));
#6762 = DIRECTION('',(0.,1.,0.));
#6763 = DIRECTION('',(0.,-0.,1.));
#6764 = ADVANCED_FACE('',(#6765),#6783,.T.);
#6765 = FACE_BOUND('',#6766,.T.);
#6766 = EDGE_LOOP('',(#6767,#6768,#6769,#6777));
#6767 = ORIENTED_EDGE('',*,*,#6737,.F.);
#6768 = ORIENTED_EDGE('',*,*,#5077,.T.);
#6769 = ORIENTED_EDGE('',*,*,#6770,.T.);
#6770 = EDGE_CURVE('',#5070,#6771,#6773,.T.);
#6771 = VERTEX_POINT('',#6772);
#6772 = CARTESIAN_POINT('',(0.32,-7.3,8.38));
#6773 = LINE('',#6774,#6775);
#6774 = CARTESIAN_POINT('',(0.32,-7.3,-3.));
#6775 = VECTOR('',#6776,1.);
#6776 = DIRECTION('',(0.,0.,1.));
#6777 = ORIENTED_EDGE('',*,*,#6778,.F.);
#6778 = EDGE_CURVE('',#6738,#6771,#6779,.T.);
#6779 = LINE('',#6780,#6781);
#6780 = CARTESIAN_POINT('',(0.32,-7.94,8.38));
#6781 = VECTOR('',#6782,1.);
#6782 = DIRECTION('',(0.,1.,0.));
#6783 = PLANE('',#6784);
#6784 = AXIS2_PLACEMENT_3D('',#6785,#6786,#6787);
#6785 = CARTESIAN_POINT('',(0.32,-7.94,-3.));
#6786 = DIRECTION('',(1.,0.,0.));
#6787 = DIRECTION('',(0.,0.,1.));
#6788 = ADVANCED_FACE('',(#6789),#6807,.T.);
#6789 = FACE_BOUND('',#6790,.T.);
#6790 = EDGE_LOOP('',(#6791,#6792,#6793,#6801));
#6791 = ORIENTED_EDGE('',*,*,#6770,.F.);
#6792 = ORIENTED_EDGE('',*,*,#5069,.T.);
#6793 = ORIENTED_EDGE('',*,*,#6794,.T.);
#6794 = EDGE_CURVE('',#5062,#6795,#6797,.T.);
#6795 = VERTEX_POINT('',#6796);
#6796 = CARTESIAN_POINT('',(-0.32,-7.3,8.38));
#6797 = LINE('',#6798,#6799);
#6798 = CARTESIAN_POINT('',(-0.32,-7.3,-3.));
#6799 = VECTOR('',#6800,1.);
#6800 = DIRECTION('',(0.,0.,1.));
#6801 = ORIENTED_EDGE('',*,*,#6802,.T.);
#6802 = EDGE_CURVE('',#6795,#6771,#6803,.T.);
#6803 = LINE('',#6804,#6805);
#6804 = CARTESIAN_POINT('',(-0.32,-7.3,8.38));
#6805 = VECTOR('',#6806,1.);
#6806 = DIRECTION('',(1.,0.,0.));
#6807 = PLANE('',#6808);
#6808 = AXIS2_PLACEMENT_3D('',#6809,#6810,#6811);
#6809 = CARTESIAN_POINT('',(-0.32,-7.3,-3.));
#6810 = DIRECTION('',(0.,1.,0.));
#6811 = DIRECTION('',(0.,-0.,1.));
#6812 = ADVANCED_FACE('',(#6813),#6824,.F.);
#6813 = FACE_BOUND('',#6814,.F.);
#6814 = EDGE_LOOP('',(#6815,#6816,#6817,#6818));
#6815 = ORIENTED_EDGE('',*,*,#6746,.F.);
#6816 = ORIENTED_EDGE('',*,*,#5061,.T.);
#6817 = ORIENTED_EDGE('',*,*,#6794,.T.);
#6818 = ORIENTED_EDGE('',*,*,#6819,.F.);
#6819 = EDGE_CURVE('',#6747,#6795,#6820,.T.);
#6820 = LINE('',#6821,#6822);
#6821 = CARTESIAN_POINT('',(-0.32,-7.94,8.38));
#6822 = VECTOR('',#6823,1.);
#6823 = DIRECTION('',(0.,1.,0.));
#6824 = PLANE('',#6825);
#6825 = AXIS2_PLACEMENT_3D('',#6826,#6827,#6828);
#6826 = CARTESIAN_POINT('',(-0.32,-7.94,-3.));
#6827 = DIRECTION('',(1.,0.,0.));
#6828 = DIRECTION('',(0.,0.,1.));
#6829 = ADVANCED_FACE('',(#6830),#6855,.F.);
#6830 = FACE_BOUND('',#6831,.F.);
#6831 = EDGE_LOOP('',(#6832,#6840,#6841,#6849));
#6832 = ORIENTED_EDGE('',*,*,#6833,.F.);
#6833 = EDGE_CURVE('',#5682,#6834,#6836,.T.);
#6834 = VERTEX_POINT('',#6835);
#6835 = CARTESIAN_POINT('',(0.16,-0.16,-3.));
#6836 = LINE('',#6837,#6838);
#6837 = CARTESIAN_POINT('',(0.16,-0.16,-3.));
#6838 = VECTOR('',#6839,1.);
#6839 = DIRECTION('',(-0.57735026919,0.57735026919,-0.57735026919));
#6840 = ORIENTED_EDGE('',*,*,#5689,.T.);
#6841 = ORIENTED_EDGE('',*,*,#6842,.T.);
#6842 = EDGE_CURVE('',#5690,#6843,#6845,.T.);
#6843 = VERTEX_POINT('',#6844);
#6844 = CARTESIAN_POINT('',(0.16,0.16,-3.));
#6845 = LINE('',#6846,#6847);
#6846 = CARTESIAN_POINT('',(5.333333333333E-02,5.333333333333E-02,
    -3.106666666667));
#6847 = VECTOR('',#6848,1.);
#6848 = DIRECTION('',(-0.57735026919,-0.57735026919,-0.57735026919));
#6849 = ORIENTED_EDGE('',*,*,#6850,.F.);
#6850 = EDGE_CURVE('',#6834,#6843,#6851,.T.);
#6851 = LINE('',#6852,#6853);
#6852 = CARTESIAN_POINT('',(0.16,-0.32,-3.));
#6853 = VECTOR('',#6854,1.);
#6854 = DIRECTION('',(0.,1.,0.));
#6855 = PLANE('',#6856);
#6856 = AXIS2_PLACEMENT_3D('',#6857,#6858,#6859);
#6857 = CARTESIAN_POINT('',(0.24,-0.32,-2.92));
#6858 = DIRECTION('',(-0.707106781187,1.735167508357E-18,0.707106781187)
  );
#6859 = DIRECTION('',(1.226948711654E-18,1.,-1.226948711654E-18));
#6860 = ADVANCED_FACE('',(#6861),#6879,.F.);
#6861 = FACE_BOUND('',#6862,.T.);
#6862 = EDGE_LOOP('',(#6863,#6871,#6872,#6873));
#6863 = ORIENTED_EDGE('',*,*,#6864,.F.);
#6864 = EDGE_CURVE('',#5714,#6865,#6867,.T.);
#6865 = VERTEX_POINT('',#6866);
#6866 = CARTESIAN_POINT('',(-0.16,0.16,-3.));
#6867 = LINE('',#6868,#6869);
#6868 = CARTESIAN_POINT('',(-0.16,0.16,-3.));
#6869 = VECTOR('',#6870,1.);
#6870 = DIRECTION('',(0.57735026919,-0.57735026919,-0.57735026919));
#6871 = ORIENTED_EDGE('',*,*,#5713,.T.);
#6872 = ORIENTED_EDGE('',*,*,#6842,.T.);
#6873 = ORIENTED_EDGE('',*,*,#6874,.F.);
#6874 = EDGE_CURVE('',#6865,#6843,#6875,.T.);
#6875 = LINE('',#6876,#6877);
#6876 = CARTESIAN_POINT('',(-0.32,0.16,-3.));
#6877 = VECTOR('',#6878,1.);
#6878 = DIRECTION('',(1.,0.,0.));
#6879 = PLANE('',#6880);
#6880 = AXIS2_PLACEMENT_3D('',#6881,#6882,#6883);
#6881 = CARTESIAN_POINT('',(-0.32,0.24,-2.92));
#6882 = DIRECTION('',(-1.735167508357E-18,-0.707106781187,0.707106781187
    ));
#6883 = DIRECTION('',(-1.,1.226948711654E-18,-1.226948711654E-18));
#6884 = ADVANCED_FACE('',(#6885),#6903,.T.);
#6885 = FACE_BOUND('',#6886,.T.);
#6886 = EDGE_LOOP('',(#6887,#6895,#6896,#6897));
#6887 = ORIENTED_EDGE('',*,*,#6888,.F.);
#6888 = EDGE_CURVE('',#5737,#6889,#6891,.T.);
#6889 = VERTEX_POINT('',#6890);
#6890 = CARTESIAN_POINT('',(-0.16,-0.16,-3.));
#6891 = LINE('',#6892,#6893);
#6892 = CARTESIAN_POINT('',(-0.266666666667,-0.266666666667,
    -2.893333333333));
#6893 = VECTOR('',#6894,1.);
#6894 = DIRECTION('',(0.57735026919,0.57735026919,-0.57735026919));
#6895 = ORIENTED_EDGE('',*,*,#5744,.T.);
#6896 = ORIENTED_EDGE('',*,*,#6864,.T.);
#6897 = ORIENTED_EDGE('',*,*,#6898,.F.);
#6898 = EDGE_CURVE('',#6889,#6865,#6899,.T.);
#6899 = LINE('',#6900,#6901);
#6900 = CARTESIAN_POINT('',(-0.16,-0.32,-3.));
#6901 = VECTOR('',#6902,1.);
#6902 = DIRECTION('',(0.,1.,0.));
#6903 = PLANE('',#6904);
#6904 = AXIS2_PLACEMENT_3D('',#6905,#6906,#6907);
#6905 = CARTESIAN_POINT('',(-0.24,-0.32,-2.92));
#6906 = DIRECTION('',(-0.707106781187,-1.735167508357E-18,
    -0.707106781187));
#6907 = DIRECTION('',(-1.226948711654E-18,1.,-1.226948711654E-18));
#6908 = ADVANCED_FACE('',(#6909),#6920,.T.);
#6909 = FACE_BOUND('',#6910,.F.);
#6910 = EDGE_LOOP('',(#6911,#6912,#6913,#6914));
#6911 = ORIENTED_EDGE('',*,*,#6888,.F.);
#6912 = ORIENTED_EDGE('',*,*,#5761,.T.);
#6913 = ORIENTED_EDGE('',*,*,#6833,.T.);
#6914 = ORIENTED_EDGE('',*,*,#6915,.F.);
#6915 = EDGE_CURVE('',#6889,#6834,#6916,.T.);
#6916 = LINE('',#6917,#6918);
#6917 = CARTESIAN_POINT('',(-0.32,-0.16,-3.));
#6918 = VECTOR('',#6919,1.);
#6919 = DIRECTION('',(1.,0.,0.));
#6920 = PLANE('',#6921);
#6921 = AXIS2_PLACEMENT_3D('',#6922,#6923,#6924);
#6922 = CARTESIAN_POINT('',(-0.32,-0.24,-2.92));
#6923 = DIRECTION('',(1.735167508357E-18,-0.707106781187,-0.707106781187
    ));
#6924 = DIRECTION('',(-1.,-1.226948711654E-18,-1.226948711654E-18));
#6925 = ADVANCED_FACE('',(#6926),#6951,.F.);
#6926 = FACE_BOUND('',#6927,.F.);
#6927 = EDGE_LOOP('',(#6928,#6936,#6937,#6945));
#6928 = ORIENTED_EDGE('',*,*,#6929,.F.);
#6929 = EDGE_CURVE('',#5778,#6930,#6932,.T.);
#6930 = VERTEX_POINT('',#6931);
#6931 = CARTESIAN_POINT('',(0.16,-5.24,-3.));
#6932 = LINE('',#6933,#6934);
#6933 = CARTESIAN_POINT('',(0.16,-5.24,-3.));
#6934 = VECTOR('',#6935,1.);
#6935 = DIRECTION('',(-0.57735026919,0.57735026919,-0.57735026919));
#6936 = ORIENTED_EDGE('',*,*,#5785,.T.);
#6937 = ORIENTED_EDGE('',*,*,#6938,.T.);
#6938 = EDGE_CURVE('',#5786,#6939,#6941,.T.);
#6939 = VERTEX_POINT('',#6940);
#6940 = CARTESIAN_POINT('',(0.16,-4.92,-3.));
#6941 = LINE('',#6942,#6943);
#6942 = CARTESIAN_POINT('',(5.333333333333E-02,-5.026666666667,
    -3.106666666667));
#6943 = VECTOR('',#6944,1.);
#6944 = DIRECTION('',(-0.57735026919,-0.57735026919,-0.57735026919));
#6945 = ORIENTED_EDGE('',*,*,#6946,.F.);
#6946 = EDGE_CURVE('',#6930,#6939,#6947,.T.);
#6947 = LINE('',#6948,#6949);
#6948 = CARTESIAN_POINT('',(0.16,-5.4,-3.));
#6949 = VECTOR('',#6950,1.);
#6950 = DIRECTION('',(0.,1.,0.));
#6951 = PLANE('',#6952);
#6952 = AXIS2_PLACEMENT_3D('',#6953,#6954,#6955);
#6953 = CARTESIAN_POINT('',(0.24,-5.4,-2.92));
#6954 = DIRECTION('',(-0.707106781187,1.735167508357E-18,0.707106781187)
  );
#6955 = DIRECTION('',(1.226948711654E-18,1.,-1.226948711654E-18));
#6956 = ADVANCED_FACE('',(#6957),#6975,.F.);
#6957 = FACE_BOUND('',#6958,.T.);
#6958 = EDGE_LOOP('',(#6959,#6967,#6968,#6969));
#6959 = ORIENTED_EDGE('',*,*,#6960,.F.);
#6960 = EDGE_CURVE('',#5810,#6961,#6963,.T.);
#6961 = VERTEX_POINT('',#6962);
#6962 = CARTESIAN_POINT('',(-0.16,-4.92,-3.));
#6963 = LINE('',#6964,#6965);
#6964 = CARTESIAN_POINT('',(-0.16,-4.92,-3.));
#6965 = VECTOR('',#6966,1.);
#6966 = DIRECTION('',(0.57735026919,-0.57735026919,-0.57735026919));
#6967 = ORIENTED_EDGE('',*,*,#5809,.T.);
#6968 = ORIENTED_EDGE('',*,*,#6938,.T.);
#6969 = ORIENTED_EDGE('',*,*,#6970,.F.);
#6970 = EDGE_CURVE('',#6961,#6939,#6971,.T.);
#6971 = LINE('',#6972,#6973);
#6972 = CARTESIAN_POINT('',(-0.32,-4.92,-3.));
#6973 = VECTOR('',#6974,1.);
#6974 = DIRECTION('',(1.,0.,0.));
#6975 = PLANE('',#6976);
#6976 = AXIS2_PLACEMENT_3D('',#6977,#6978,#6979);
#6977 = CARTESIAN_POINT('',(-0.32,-4.84,-2.92));
#6978 = DIRECTION('',(-1.735167508357E-18,-0.707106781187,0.707106781187
    ));
#6979 = DIRECTION('',(-1.,1.226948711654E-18,-1.226948711654E-18));
#6980 = ADVANCED_FACE('',(#6981),#6999,.T.);
#6981 = FACE_BOUND('',#6982,.T.);
#6982 = EDGE_LOOP('',(#6983,#6991,#6992,#6993));
#6983 = ORIENTED_EDGE('',*,*,#6984,.F.);
#6984 = EDGE_CURVE('',#5833,#6985,#6987,.T.);
#6985 = VERTEX_POINT('',#6986);
#6986 = CARTESIAN_POINT('',(-0.16,-5.24,-3.));
#6987 = LINE('',#6988,#6989);
#6988 = CARTESIAN_POINT('',(-0.266666666667,-5.346666666667,
    -2.893333333333));
#6989 = VECTOR('',#6990,1.);
#6990 = DIRECTION('',(0.57735026919,0.57735026919,-0.57735026919));
#6991 = ORIENTED_EDGE('',*,*,#5840,.T.);
#6992 = ORIENTED_EDGE('',*,*,#6960,.T.);
#6993 = ORIENTED_EDGE('',*,*,#6994,.F.);
#6994 = EDGE_CURVE('',#6985,#6961,#6995,.T.);
#6995 = LINE('',#6996,#6997);
#6996 = CARTESIAN_POINT('',(-0.16,-5.4,-3.));
#6997 = VECTOR('',#6998,1.);
#6998 = DIRECTION('',(0.,1.,0.));
#6999 = PLANE('',#7000);
#7000 = AXIS2_PLACEMENT_3D('',#7001,#7002,#7003);
#7001 = CARTESIAN_POINT('',(-0.24,-5.4,-2.92));
#7002 = DIRECTION('',(-0.707106781187,-1.735167508357E-18,
    -0.707106781187));
#7003 = DIRECTION('',(-1.226948711654E-18,1.,-1.226948711654E-18));
#7004 = ADVANCED_FACE('',(#7005),#7016,.T.);
#7005 = FACE_BOUND('',#7006,.F.);
#7006 = EDGE_LOOP('',(#7007,#7008,#7009,#7010));
#7007 = ORIENTED_EDGE('',*,*,#6984,.F.);
#7008 = ORIENTED_EDGE('',*,*,#5857,.T.);
#7009 = ORIENTED_EDGE('',*,*,#6929,.T.);
#7010 = ORIENTED_EDGE('',*,*,#7011,.F.);
#7011 = EDGE_CURVE('',#6985,#6930,#7012,.T.);
#7012 = LINE('',#7013,#7014);
#7013 = CARTESIAN_POINT('',(-0.32,-5.24,-3.));
#7014 = VECTOR('',#7015,1.);
#7015 = DIRECTION('',(1.,0.,0.));
#7016 = PLANE('',#7017);
#7017 = AXIS2_PLACEMENT_3D('',#7018,#7019,#7020);
#7018 = CARTESIAN_POINT('',(-0.32,-5.32,-2.92));
#7019 = DIRECTION('',(1.735167508357E-18,-0.707106781187,-0.707106781187
    ));
#7020 = DIRECTION('',(-1.,-1.226948711654E-18,-1.226948711654E-18));
#7021 = ADVANCED_FACE('',(#7022),#7047,.F.);
#7022 = FACE_BOUND('',#7023,.F.);
#7023 = EDGE_LOOP('',(#7024,#7032,#7033,#7041));
#7024 = ORIENTED_EDGE('',*,*,#7025,.F.);
#7025 = EDGE_CURVE('',#5874,#7026,#7028,.T.);
#7026 = VERTEX_POINT('',#7027);
#7027 = CARTESIAN_POINT('',(0.16,-2.7,-3.));
#7028 = LINE('',#7029,#7030);
#7029 = CARTESIAN_POINT('',(0.16,-2.7,-3.));
#7030 = VECTOR('',#7031,1.);
#7031 = DIRECTION('',(-0.57735026919,0.57735026919,-0.57735026919));
#7032 = ORIENTED_EDGE('',*,*,#5881,.T.);
#7033 = ORIENTED_EDGE('',*,*,#7034,.T.);
#7034 = EDGE_CURVE('',#5882,#7035,#7037,.T.);
#7035 = VERTEX_POINT('',#7036);
#7036 = CARTESIAN_POINT('',(0.16,-2.38,-3.));
#7037 = LINE('',#7038,#7039);
#7038 = CARTESIAN_POINT('',(5.333333333333E-02,-2.486666666667,
    -3.106666666667));
#7039 = VECTOR('',#7040,1.);
#7040 = DIRECTION('',(-0.57735026919,-0.57735026919,-0.57735026919));
#7041 = ORIENTED_EDGE('',*,*,#7042,.F.);
#7042 = EDGE_CURVE('',#7026,#7035,#7043,.T.);
#7043 = LINE('',#7044,#7045);
#7044 = CARTESIAN_POINT('',(0.16,-2.86,-3.));
#7045 = VECTOR('',#7046,1.);
#7046 = DIRECTION('',(0.,1.,0.));
#7047 = PLANE('',#7048);
#7048 = AXIS2_PLACEMENT_3D('',#7049,#7050,#7051);
#7049 = CARTESIAN_POINT('',(0.24,-2.86,-2.92));
#7050 = DIRECTION('',(-0.707106781187,1.735167508357E-18,0.707106781187)
  );
#7051 = DIRECTION('',(1.226948711654E-18,1.,-1.226948711654E-18));
#7052 = ADVANCED_FACE('',(#7053),#7071,.F.);
#7053 = FACE_BOUND('',#7054,.T.);
#7054 = EDGE_LOOP('',(#7055,#7063,#7064,#7065));
#7055 = ORIENTED_EDGE('',*,*,#7056,.F.);
#7056 = EDGE_CURVE('',#5906,#7057,#7059,.T.);
#7057 = VERTEX_POINT('',#7058);
#7058 = CARTESIAN_POINT('',(-0.16,-2.38,-3.));
#7059 = LINE('',#7060,#7061);
#7060 = CARTESIAN_POINT('',(-0.16,-2.38,-3.));
#7061 = VECTOR('',#7062,1.);
#7062 = DIRECTION('',(0.57735026919,-0.57735026919,-0.57735026919));
#7063 = ORIENTED_EDGE('',*,*,#5905,.T.);
#7064 = ORIENTED_EDGE('',*,*,#7034,.T.);
#7065 = ORIENTED_EDGE('',*,*,#7066,.F.);
#7066 = EDGE_CURVE('',#7057,#7035,#7067,.T.);
#7067 = LINE('',#7068,#7069);
#7068 = CARTESIAN_POINT('',(-0.32,-2.38,-3.));
#7069 = VECTOR('',#7070,1.);
#7070 = DIRECTION('',(1.,0.,0.));
#7071 = PLANE('',#7072);
#7072 = AXIS2_PLACEMENT_3D('',#7073,#7074,#7075);
#7073 = CARTESIAN_POINT('',(-0.32,-2.3,-2.92));
#7074 = DIRECTION('',(-1.735167508357E-18,-0.707106781187,0.707106781187
    ));
#7075 = DIRECTION('',(-1.,1.226948711654E-18,-1.226948711654E-18));
#7076 = ADVANCED_FACE('',(#7077),#7095,.T.);
#7077 = FACE_BOUND('',#7078,.T.);
#7078 = EDGE_LOOP('',(#7079,#7087,#7088,#7089));
#7079 = ORIENTED_EDGE('',*,*,#7080,.F.);
#7080 = EDGE_CURVE('',#5929,#7081,#7083,.T.);
#7081 = VERTEX_POINT('',#7082);
#7082 = CARTESIAN_POINT('',(-0.16,-2.7,-3.));
#7083 = LINE('',#7084,#7085);
#7084 = CARTESIAN_POINT('',(-0.266666666667,-2.806666666667,
    -2.893333333333));
#7085 = VECTOR('',#7086,1.);
#7086 = DIRECTION('',(0.57735026919,0.57735026919,-0.57735026919));
#7087 = ORIENTED_EDGE('',*,*,#5936,.T.);
#7088 = ORIENTED_EDGE('',*,*,#7056,.T.);
#7089 = ORIENTED_EDGE('',*,*,#7090,.F.);
#7090 = EDGE_CURVE('',#7081,#7057,#7091,.T.);
#7091 = LINE('',#7092,#7093);
#7092 = CARTESIAN_POINT('',(-0.16,-2.86,-3.));
#7093 = VECTOR('',#7094,1.);
#7094 = DIRECTION('',(0.,1.,0.));
#7095 = PLANE('',#7096);
#7096 = AXIS2_PLACEMENT_3D('',#7097,#7098,#7099);
#7097 = CARTESIAN_POINT('',(-0.24,-2.86,-2.92));
#7098 = DIRECTION('',(-0.707106781187,-1.735167508357E-18,
    -0.707106781187));
#7099 = DIRECTION('',(-1.226948711654E-18,1.,-1.226948711654E-18));
#7100 = ADVANCED_FACE('',(#7101),#7112,.T.);
#7101 = FACE_BOUND('',#7102,.F.);
#7102 = EDGE_LOOP('',(#7103,#7104,#7105,#7106));
#7103 = ORIENTED_EDGE('',*,*,#7080,.F.);
#7104 = ORIENTED_EDGE('',*,*,#5953,.T.);
#7105 = ORIENTED_EDGE('',*,*,#7025,.T.);
#7106 = ORIENTED_EDGE('',*,*,#7107,.F.);
#7107 = EDGE_CURVE('',#7081,#7026,#7108,.T.);
#7108 = LINE('',#7109,#7110);
#7109 = CARTESIAN_POINT('',(-0.32,-2.7,-3.));
#7110 = VECTOR('',#7111,1.);
#7111 = DIRECTION('',(1.,0.,0.));
#7112 = PLANE('',#7113);
#7113 = AXIS2_PLACEMENT_3D('',#7114,#7115,#7116);
#7114 = CARTESIAN_POINT('',(-0.32,-2.78,-2.92));
#7115 = DIRECTION('',(1.735167508357E-18,-0.707106781187,-0.707106781187
    ));
#7116 = DIRECTION('',(-1.,-1.226948711654E-18,-1.226948711654E-18));
#7117 = ADVANCED_FACE('',(#7118),#7143,.T.);
#7118 = FACE_BOUND('',#7119,.F.);
#7119 = EDGE_LOOP('',(#7120,#7128,#7129,#7137));
#7120 = ORIENTED_EDGE('',*,*,#7121,.F.);
#7121 = EDGE_CURVE('',#5978,#7122,#7124,.T.);
#7122 = VERTEX_POINT('',#7123);
#7123 = CARTESIAN_POINT('',(-0.16,-12.86,-3.));
#7124 = LINE('',#7125,#7126);
#7125 = CARTESIAN_POINT('',(-0.266666666667,-12.96666666666,
    -2.893333333333));
#7126 = VECTOR('',#7127,1.);
#7127 = DIRECTION('',(0.57735026919,0.57735026919,-0.57735026919));
#7128 = ORIENTED_EDGE('',*,*,#5977,.T.);
#7129 = ORIENTED_EDGE('',*,*,#7130,.T.);
#7130 = EDGE_CURVE('',#5970,#7131,#7133,.T.);
#7131 = VERTEX_POINT('',#7132);
#7132 = CARTESIAN_POINT('',(0.16,-12.86,-3.));
#7133 = LINE('',#7134,#7135);
#7134 = CARTESIAN_POINT('',(0.16,-12.86,-3.));
#7135 = VECTOR('',#7136,1.);
#7136 = DIRECTION('',(-0.57735026919,0.57735026919,-0.57735026919));
#7137 = ORIENTED_EDGE('',*,*,#7138,.F.);
#7138 = EDGE_CURVE('',#7122,#7131,#7139,.T.);
#7139 = LINE('',#7140,#7141);
#7140 = CARTESIAN_POINT('',(-0.32,-12.86,-3.));
#7141 = VECTOR('',#7142,1.);
#7142 = DIRECTION('',(1.,0.,0.));
#7143 = PLANE('',#7144);
#7144 = AXIS2_PLACEMENT_3D('',#7145,#7146,#7147);
#7145 = CARTESIAN_POINT('',(-0.32,-12.94,-2.92));
#7146 = DIRECTION('',(1.735167508357E-18,-0.707106781187,-0.707106781187
    ));
#7147 = DIRECTION('',(-1.,-1.226948711654E-18,-1.226948711654E-18));
#7148 = ADVANCED_FACE('',(#7149),#7167,.F.);
#7149 = FACE_BOUND('',#7150,.F.);
#7150 = EDGE_LOOP('',(#7151,#7152,#7153,#7161));
#7151 = ORIENTED_EDGE('',*,*,#7130,.F.);
#7152 = ORIENTED_EDGE('',*,*,#6001,.T.);
#7153 = ORIENTED_EDGE('',*,*,#7154,.T.);
#7154 = EDGE_CURVE('',#6002,#7155,#7157,.T.);
#7155 = VERTEX_POINT('',#7156);
#7156 = CARTESIAN_POINT('',(0.16,-12.54,-3.));
#7157 = LINE('',#7158,#7159);
#7158 = CARTESIAN_POINT('',(5.333333333333E-02,-12.64666666666,
    -3.106666666667));
#7159 = VECTOR('',#7160,1.);
#7160 = DIRECTION('',(-0.57735026919,-0.57735026919,-0.57735026919));
#7161 = ORIENTED_EDGE('',*,*,#7162,.F.);
#7162 = EDGE_CURVE('',#7131,#7155,#7163,.T.);
#7163 = LINE('',#7164,#7165);
#7164 = CARTESIAN_POINT('',(0.16,-13.02,-3.));
#7165 = VECTOR('',#7166,1.);
#7166 = DIRECTION('',(0.,1.,0.));
#7167 = PLANE('',#7168);
#7168 = AXIS2_PLACEMENT_3D('',#7169,#7170,#7171);
#7169 = CARTESIAN_POINT('',(0.24,-13.02,-2.92));
#7170 = DIRECTION('',(-0.707106781187,1.735167508357E-18,0.707106781187)
  );
#7171 = DIRECTION('',(1.226948711654E-18,1.,-1.226948711654E-18));
#7172 = ADVANCED_FACE('',(#7173),#7191,.F.);
#7173 = FACE_BOUND('',#7174,.T.);
#7174 = EDGE_LOOP('',(#7175,#7183,#7184,#7185));
#7175 = ORIENTED_EDGE('',*,*,#7176,.F.);
#7176 = EDGE_CURVE('',#6026,#7177,#7179,.T.);
#7177 = VERTEX_POINT('',#7178);
#7178 = CARTESIAN_POINT('',(-0.16,-12.54,-3.));
#7179 = LINE('',#7180,#7181);
#7180 = CARTESIAN_POINT('',(-0.16,-12.54,-3.));
#7181 = VECTOR('',#7182,1.);
#7182 = DIRECTION('',(0.57735026919,-0.57735026919,-0.57735026919));
#7183 = ORIENTED_EDGE('',*,*,#6025,.T.);
#7184 = ORIENTED_EDGE('',*,*,#7154,.T.);
#7185 = ORIENTED_EDGE('',*,*,#7186,.F.);
#7186 = EDGE_CURVE('',#7177,#7155,#7187,.T.);
#7187 = LINE('',#7188,#7189);
#7188 = CARTESIAN_POINT('',(-0.32,-12.54,-3.));
#7189 = VECTOR('',#7190,1.);
#7190 = DIRECTION('',(1.,0.,0.));
#7191 = PLANE('',#7192);
#7192 = AXIS2_PLACEMENT_3D('',#7193,#7194,#7195);
#7193 = CARTESIAN_POINT('',(-0.32,-12.46,-2.92));
#7194 = DIRECTION('',(-1.735167508357E-18,-0.707106781187,0.707106781187
    ));
#7195 = DIRECTION('',(-1.,1.226948711654E-18,-1.226948711654E-18));
#7196 = ADVANCED_FACE('',(#7197),#7208,.T.);
#7197 = FACE_BOUND('',#7198,.T.);
#7198 = EDGE_LOOP('',(#7199,#7200,#7201,#7202));
#7199 = ORIENTED_EDGE('',*,*,#7121,.F.);
#7200 = ORIENTED_EDGE('',*,*,#6049,.T.);
#7201 = ORIENTED_EDGE('',*,*,#7176,.T.);
#7202 = ORIENTED_EDGE('',*,*,#7203,.F.);
#7203 = EDGE_CURVE('',#7122,#7177,#7204,.T.);
#7204 = LINE('',#7205,#7206);
#7205 = CARTESIAN_POINT('',(-0.16,-13.02,-3.));
#7206 = VECTOR('',#7207,1.);
#7207 = DIRECTION('',(0.,1.,0.));
#7208 = PLANE('',#7209);
#7209 = AXIS2_PLACEMENT_3D('',#7210,#7211,#7212);
#7210 = CARTESIAN_POINT('',(-0.24,-13.02,-2.92));
#7211 = DIRECTION('',(-0.707106781187,-1.735167508357E-18,
    -0.707106781187));
#7212 = DIRECTION('',(-1.226948711654E-18,1.,-1.226948711654E-18));
#7213 = ADVANCED_FACE('',(#7214),#7239,.F.);
#7214 = FACE_BOUND('',#7215,.T.);
#7215 = EDGE_LOOP('',(#7216,#7224,#7225,#7233));
#7216 = ORIENTED_EDGE('',*,*,#7217,.F.);
#7217 = EDGE_CURVE('',#6074,#7218,#7220,.T.);
#7218 = VERTEX_POINT('',#7219);
#7219 = CARTESIAN_POINT('',(-0.16,-10.,-3.));
#7220 = LINE('',#7221,#7222);
#7221 = CARTESIAN_POINT('',(-0.16,-10.,-3.));
#7222 = VECTOR('',#7223,1.);
#7223 = DIRECTION('',(0.57735026919,-0.57735026919,-0.57735026919));
#7224 = ORIENTED_EDGE('',*,*,#6073,.T.);
#7225 = ORIENTED_EDGE('',*,*,#7226,.T.);
#7226 = EDGE_CURVE('',#6066,#7227,#7229,.T.);
#7227 = VERTEX_POINT('',#7228);
#7228 = CARTESIAN_POINT('',(0.16,-10.,-3.));
#7229 = LINE('',#7230,#7231);
#7230 = CARTESIAN_POINT('',(5.333333333333E-02,-10.10666666666,
    -3.106666666667));
#7231 = VECTOR('',#7232,1.);
#7232 = DIRECTION('',(-0.57735026919,-0.57735026919,-0.57735026919));
#7233 = ORIENTED_EDGE('',*,*,#7234,.F.);
#7234 = EDGE_CURVE('',#7218,#7227,#7235,.T.);
#7235 = LINE('',#7236,#7237);
#7236 = CARTESIAN_POINT('',(-0.32,-10.,-3.));
#7237 = VECTOR('',#7238,1.);
#7238 = DIRECTION('',(1.,0.,0.));
#7239 = PLANE('',#7240);
#7240 = AXIS2_PLACEMENT_3D('',#7241,#7242,#7243);
#7241 = CARTESIAN_POINT('',(-0.32,-9.92,-2.92));
#7242 = DIRECTION('',(-1.735167508357E-18,-0.707106781187,0.707106781187
    ));
#7243 = DIRECTION('',(-1.,1.226948711654E-18,-1.226948711654E-18));
#7244 = ADVANCED_FACE('',(#7245),#7263,.T.);
#7245 = FACE_BOUND('',#7246,.T.);
#7246 = EDGE_LOOP('',(#7247,#7255,#7256,#7257));
#7247 = ORIENTED_EDGE('',*,*,#7248,.F.);
#7248 = EDGE_CURVE('',#6097,#7249,#7251,.T.);
#7249 = VERTEX_POINT('',#7250);
#7250 = CARTESIAN_POINT('',(-0.16,-10.32,-3.));
#7251 = LINE('',#7252,#7253);
#7252 = CARTESIAN_POINT('',(-0.266666666667,-10.42666666666,
    -2.893333333333));
#7253 = VECTOR('',#7254,1.);
#7254 = DIRECTION('',(0.57735026919,0.57735026919,-0.57735026919));
#7255 = ORIENTED_EDGE('',*,*,#6104,.T.);
#7256 = ORIENTED_EDGE('',*,*,#7217,.T.);
#7257 = ORIENTED_EDGE('',*,*,#7258,.F.);
#7258 = EDGE_CURVE('',#7249,#7218,#7259,.T.);
#7259 = LINE('',#7260,#7261);
#7260 = CARTESIAN_POINT('',(-0.16,-10.48,-3.));
#7261 = VECTOR('',#7262,1.);
#7262 = DIRECTION('',(0.,1.,0.));
#7263 = PLANE('',#7264);
#7264 = AXIS2_PLACEMENT_3D('',#7265,#7266,#7267);
#7265 = CARTESIAN_POINT('',(-0.24,-10.48,-2.92));
#7266 = DIRECTION('',(-0.707106781187,-1.735167508357E-18,
    -0.707106781187));
#7267 = DIRECTION('',(-1.226948711654E-18,1.,-1.226948711654E-18));
#7268 = ADVANCED_FACE('',(#7269),#7287,.T.);
#7269 = FACE_BOUND('',#7270,.F.);
#7270 = EDGE_LOOP('',(#7271,#7272,#7273,#7281));
#7271 = ORIENTED_EDGE('',*,*,#7248,.F.);
#7272 = ORIENTED_EDGE('',*,*,#6128,.T.);
#7273 = ORIENTED_EDGE('',*,*,#7274,.T.);
#7274 = EDGE_CURVE('',#6121,#7275,#7277,.T.);
#7275 = VERTEX_POINT('',#7276);
#7276 = CARTESIAN_POINT('',(0.16,-10.32,-3.));
#7277 = LINE('',#7278,#7279);
#7278 = CARTESIAN_POINT('',(0.16,-10.32,-3.));
#7279 = VECTOR('',#7280,1.);
#7280 = DIRECTION('',(-0.57735026919,0.57735026919,-0.57735026919));
#7281 = ORIENTED_EDGE('',*,*,#7282,.F.);
#7282 = EDGE_CURVE('',#7249,#7275,#7283,.T.);
#7283 = LINE('',#7284,#7285);
#7284 = CARTESIAN_POINT('',(-0.32,-10.32,-3.));
#7285 = VECTOR('',#7286,1.);
#7286 = DIRECTION('',(1.,0.,0.));
#7287 = PLANE('',#7288);
#7288 = AXIS2_PLACEMENT_3D('',#7289,#7290,#7291);
#7289 = CARTESIAN_POINT('',(-0.32,-10.4,-2.92));
#7290 = DIRECTION('',(1.735167508357E-18,-0.707106781187,-0.707106781187
    ));
#7291 = DIRECTION('',(-1.,-1.226948711654E-18,-1.226948711654E-18));
#7292 = ADVANCED_FACE('',(#7293),#7304,.F.);
#7293 = FACE_BOUND('',#7294,.F.);
#7294 = EDGE_LOOP('',(#7295,#7296,#7297,#7298));
#7295 = ORIENTED_EDGE('',*,*,#7274,.F.);
#7296 = ORIENTED_EDGE('',*,*,#6145,.T.);
#7297 = ORIENTED_EDGE('',*,*,#7226,.T.);
#7298 = ORIENTED_EDGE('',*,*,#7299,.F.);
#7299 = EDGE_CURVE('',#7275,#7227,#7300,.T.);
#7300 = LINE('',#7301,#7302);
#7301 = CARTESIAN_POINT('',(0.16,-10.48,-3.));
#7302 = VECTOR('',#7303,1.);
#7303 = DIRECTION('',(0.,1.,0.));
#7304 = PLANE('',#7305);
#7305 = AXIS2_PLACEMENT_3D('',#7306,#7307,#7308);
#7306 = CARTESIAN_POINT('',(0.24,-10.48,-2.92));
#7307 = DIRECTION('',(-0.707106781187,1.735167508357E-18,0.707106781187)
  );
#7308 = DIRECTION('',(1.226948711654E-18,1.,-1.226948711654E-18));
#7309 = ADVANCED_FACE('',(#7310),#7335,.T.);
#7310 = FACE_BOUND('',#7311,.F.);
#7311 = EDGE_LOOP('',(#7312,#7320,#7321,#7329));
#7312 = ORIENTED_EDGE('',*,*,#7313,.F.);
#7313 = EDGE_CURVE('',#6170,#7314,#7316,.T.);
#7314 = VERTEX_POINT('',#7315);
#7315 = CARTESIAN_POINT('',(-0.16,-7.78,-3.));
#7316 = LINE('',#7317,#7318);
#7317 = CARTESIAN_POINT('',(-0.266666666667,-7.886666666667,
    -2.893333333333));
#7318 = VECTOR('',#7319,1.);
#7319 = DIRECTION('',(0.57735026919,0.57735026919,-0.57735026919));
#7320 = ORIENTED_EDGE('',*,*,#6169,.T.);
#7321 = ORIENTED_EDGE('',*,*,#7322,.T.);
#7322 = EDGE_CURVE('',#6162,#7323,#7325,.T.);
#7323 = VERTEX_POINT('',#7324);
#7324 = CARTESIAN_POINT('',(0.16,-7.78,-3.));
#7325 = LINE('',#7326,#7327);
#7326 = CARTESIAN_POINT('',(0.16,-7.78,-3.));
#7327 = VECTOR('',#7328,1.);
#7328 = DIRECTION('',(-0.57735026919,0.57735026919,-0.57735026919));
#7329 = ORIENTED_EDGE('',*,*,#7330,.F.);
#7330 = EDGE_CURVE('',#7314,#7323,#7331,.T.);
#7331 = LINE('',#7332,#7333);
#7332 = CARTESIAN_POINT('',(-0.32,-7.78,-3.));
#7333 = VECTOR('',#7334,1.);
#7334 = DIRECTION('',(1.,0.,0.));
#7335 = PLANE('',#7336);
#7336 = AXIS2_PLACEMENT_3D('',#7337,#7338,#7339);
#7337 = CARTESIAN_POINT('',(-0.32,-7.86,-2.92));
#7338 = DIRECTION('',(1.735167508357E-18,-0.707106781187,-0.707106781187
    ));
#7339 = DIRECTION('',(-1.,-1.226948711654E-18,-1.226948711654E-18));
#7340 = ADVANCED_FACE('',(#7341),#7359,.F.);
#7341 = FACE_BOUND('',#7342,.F.);
#7342 = EDGE_LOOP('',(#7343,#7344,#7345,#7353));
#7343 = ORIENTED_EDGE('',*,*,#7322,.F.);
#7344 = ORIENTED_EDGE('',*,*,#6193,.T.);
#7345 = ORIENTED_EDGE('',*,*,#7346,.T.);
#7346 = EDGE_CURVE('',#6194,#7347,#7349,.T.);
#7347 = VERTEX_POINT('',#7348);
#7348 = CARTESIAN_POINT('',(0.16,-7.46,-3.));
#7349 = LINE('',#7350,#7351);
#7350 = CARTESIAN_POINT('',(5.333333333333E-02,-7.566666666667,
    -3.106666666667));
#7351 = VECTOR('',#7352,1.);
#7352 = DIRECTION('',(-0.57735026919,-0.57735026919,-0.57735026919));
#7353 = ORIENTED_EDGE('',*,*,#7354,.F.);
#7354 = EDGE_CURVE('',#7323,#7347,#7355,.T.);
#7355 = LINE('',#7356,#7357);
#7356 = CARTESIAN_POINT('',(0.16,-7.94,-3.));
#7357 = VECTOR('',#7358,1.);
#7358 = DIRECTION('',(0.,1.,0.));
#7359 = PLANE('',#7360);
#7360 = AXIS2_PLACEMENT_3D('',#7361,#7362,#7363);
#7361 = CARTESIAN_POINT('',(0.24,-7.94,-2.92));
#7362 = DIRECTION('',(-0.707106781187,1.735167508357E-18,0.707106781187)
  );
#7363 = DIRECTION('',(1.226948711654E-18,1.,-1.226948711654E-18));
#7364 = ADVANCED_FACE('',(#7365),#7383,.F.);
#7365 = FACE_BOUND('',#7366,.T.);
#7366 = EDGE_LOOP('',(#7367,#7375,#7376,#7377));
#7367 = ORIENTED_EDGE('',*,*,#7368,.F.);
#7368 = EDGE_CURVE('',#6218,#7369,#7371,.T.);
#7369 = VERTEX_POINT('',#7370);
#7370 = CARTESIAN_POINT('',(-0.16,-7.46,-3.));
#7371 = LINE('',#7372,#7373);
#7372 = CARTESIAN_POINT('',(-0.16,-7.46,-3.));
#7373 = VECTOR('',#7374,1.);
#7374 = DIRECTION('',(0.57735026919,-0.57735026919,-0.57735026919));
#7375 = ORIENTED_EDGE('',*,*,#6217,.T.);
#7376 = ORIENTED_EDGE('',*,*,#7346,.T.);
#7377 = ORIENTED_EDGE('',*,*,#7378,.F.);
#7378 = EDGE_CURVE('',#7369,#7347,#7379,.T.);
#7379 = LINE('',#7380,#7381);
#7380 = CARTESIAN_POINT('',(-0.32,-7.46,-3.));
#7381 = VECTOR('',#7382,1.);
#7382 = DIRECTION('',(1.,0.,0.));
#7383 = PLANE('',#7384);
#7384 = AXIS2_PLACEMENT_3D('',#7385,#7386,#7387);
#7385 = CARTESIAN_POINT('',(-0.32,-7.38,-2.92));
#7386 = DIRECTION('',(-1.735167508357E-18,-0.707106781187,0.707106781187
    ));
#7387 = DIRECTION('',(-1.,1.226948711654E-18,-1.226948711654E-18));
#7388 = ADVANCED_FACE('',(#7389),#7400,.T.);
#7389 = FACE_BOUND('',#7390,.T.);
#7390 = EDGE_LOOP('',(#7391,#7392,#7393,#7394));
#7391 = ORIENTED_EDGE('',*,*,#7313,.F.);
#7392 = ORIENTED_EDGE('',*,*,#6241,.T.);
#7393 = ORIENTED_EDGE('',*,*,#7368,.T.);
#7394 = ORIENTED_EDGE('',*,*,#7395,.F.);
#7395 = EDGE_CURVE('',#7314,#7369,#7396,.T.);
#7396 = LINE('',#7397,#7398);
#7397 = CARTESIAN_POINT('',(-0.16,-7.94,-3.));
#7398 = VECTOR('',#7399,1.);
#7399 = DIRECTION('',(0.,1.,0.));
#7400 = PLANE('',#7401);
#7401 = AXIS2_PLACEMENT_3D('',#7402,#7403,#7404);
#7402 = CARTESIAN_POINT('',(-0.24,-7.94,-2.92));
#7403 = DIRECTION('',(-0.707106781187,-1.735167508357E-18,
    -0.707106781187));
#7404 = DIRECTION('',(-1.226948711654E-18,1.,-1.226948711654E-18));
#7405 = ADVANCED_FACE('',(#7406),#7431,.T.);
#7406 = FACE_BOUND('',#7407,.T.);
#7407 = EDGE_LOOP('',(#7408,#7416,#7417,#7425));
#7408 = ORIENTED_EDGE('',*,*,#7409,.F.);
#7409 = EDGE_CURVE('',#6258,#7410,#7412,.T.);
#7410 = VERTEX_POINT('',#7411);
#7411 = CARTESIAN_POINT('',(0.16,-0.16,8.54));
#7412 = LINE('',#7413,#7414);
#7413 = CARTESIAN_POINT('',(0.16,-0.16,8.54));
#7414 = VECTOR('',#7415,1.);
#7415 = DIRECTION('',(-0.57735026919,0.57735026919,0.57735026919));
#7416 = ORIENTED_EDGE('',*,*,#6274,.T.);
#7417 = ORIENTED_EDGE('',*,*,#7418,.T.);
#7418 = EDGE_CURVE('',#6267,#7419,#7421,.T.);
#7419 = VERTEX_POINT('',#7420);
#7420 = CARTESIAN_POINT('',(0.16,0.16,8.54));
#7421 = LINE('',#7422,#7423);
#7422 = CARTESIAN_POINT('',(5.333333333333E-02,5.333333333333E-02,
    8.646666666667));
#7423 = VECTOR('',#7424,1.);
#7424 = DIRECTION('',(-0.57735026919,-0.57735026919,0.57735026919));
#7425 = ORIENTED_EDGE('',*,*,#7426,.F.);
#7426 = EDGE_CURVE('',#7410,#7419,#7427,.T.);
#7427 = LINE('',#7428,#7429);
#7428 = CARTESIAN_POINT('',(0.16,-0.32,8.54));
#7429 = VECTOR('',#7430,1.);
#7430 = DIRECTION('',(0.,1.,0.));
#7431 = PLANE('',#7432);
#7432 = AXIS2_PLACEMENT_3D('',#7433,#7434,#7435);
#7433 = CARTESIAN_POINT('',(0.24,-0.32,8.46));
#7434 = DIRECTION('',(0.707106781187,-1.735167508357E-18,0.707106781187)
  );
#7435 = DIRECTION('',(1.226948711654E-18,1.,1.226948711654E-18));
#7436 = ADVANCED_FACE('',(#7437),#7455,.T.);
#7437 = FACE_BOUND('',#7438,.F.);
#7438 = EDGE_LOOP('',(#7439,#7447,#7448,#7449));
#7439 = ORIENTED_EDGE('',*,*,#7440,.F.);
#7440 = EDGE_CURVE('',#6291,#7441,#7443,.T.);
#7441 = VERTEX_POINT('',#7442);
#7442 = CARTESIAN_POINT('',(-0.16,0.16,8.54));
#7443 = LINE('',#7444,#7445);
#7444 = CARTESIAN_POINT('',(-0.16,0.16,8.54));
#7445 = VECTOR('',#7446,1.);
#7446 = DIRECTION('',(0.57735026919,-0.57735026919,0.57735026919));
#7447 = ORIENTED_EDGE('',*,*,#6298,.T.);
#7448 = ORIENTED_EDGE('',*,*,#7418,.T.);
#7449 = ORIENTED_EDGE('',*,*,#7450,.F.);
#7450 = EDGE_CURVE('',#7441,#7419,#7451,.T.);
#7451 = LINE('',#7452,#7453);
#7452 = CARTESIAN_POINT('',(-0.32,0.16,8.54));
#7453 = VECTOR('',#7454,1.);
#7454 = DIRECTION('',(1.,0.,0.));
#7455 = PLANE('',#7456);
#7456 = AXIS2_PLACEMENT_3D('',#7457,#7458,#7459);
#7457 = CARTESIAN_POINT('',(-0.32,0.24,8.46));
#7458 = DIRECTION('',(1.735167508357E-18,0.707106781187,0.707106781187)
  );
#7459 = DIRECTION('',(-1.,1.226948711654E-18,1.226948711654E-18));
#7460 = ADVANCED_FACE('',(#7461),#7479,.F.);
#7461 = FACE_BOUND('',#7462,.F.);
#7462 = EDGE_LOOP('',(#7463,#7471,#7472,#7473));
#7463 = ORIENTED_EDGE('',*,*,#7464,.F.);
#7464 = EDGE_CURVE('',#6313,#7465,#7467,.T.);
#7465 = VERTEX_POINT('',#7466);
#7466 = CARTESIAN_POINT('',(-0.16,-0.16,8.54));
#7467 = LINE('',#7468,#7469);
#7468 = CARTESIAN_POINT('',(-0.266666666667,-0.266666666667,
    8.433333333333));
#7469 = VECTOR('',#7470,1.);
#7470 = DIRECTION('',(0.57735026919,0.57735026919,0.57735026919));
#7471 = ORIENTED_EDGE('',*,*,#6322,.T.);
#7472 = ORIENTED_EDGE('',*,*,#7440,.T.);
#7473 = ORIENTED_EDGE('',*,*,#7474,.F.);
#7474 = EDGE_CURVE('',#7465,#7441,#7475,.T.);
#7475 = LINE('',#7476,#7477);
#7476 = CARTESIAN_POINT('',(-0.16,-0.32,8.54));
#7477 = VECTOR('',#7478,1.);
#7478 = DIRECTION('',(0.,1.,0.));
#7479 = PLANE('',#7480);
#7480 = AXIS2_PLACEMENT_3D('',#7481,#7482,#7483);
#7481 = CARTESIAN_POINT('',(-0.24,-0.32,8.46));
#7482 = DIRECTION('',(0.707106781187,1.735167508357E-18,-0.707106781187)
  );
#7483 = DIRECTION('',(-1.226948711654E-18,1.,1.226948711654E-18));
#7484 = ADVANCED_FACE('',(#7485),#7496,.F.);
#7485 = FACE_BOUND('',#7486,.T.);
#7486 = EDGE_LOOP('',(#7487,#7488,#7489,#7490));
#7487 = ORIENTED_EDGE('',*,*,#7464,.F.);
#7488 = ORIENTED_EDGE('',*,*,#6339,.T.);
#7489 = ORIENTED_EDGE('',*,*,#7409,.T.);
#7490 = ORIENTED_EDGE('',*,*,#7491,.F.);
#7491 = EDGE_CURVE('',#7465,#7410,#7492,.T.);
#7492 = LINE('',#7493,#7494);
#7493 = CARTESIAN_POINT('',(-0.32,-0.16,8.54));
#7494 = VECTOR('',#7495,1.);
#7495 = DIRECTION('',(1.,0.,0.));
#7496 = PLANE('',#7497);
#7497 = AXIS2_PLACEMENT_3D('',#7498,#7499,#7500);
#7498 = CARTESIAN_POINT('',(-0.32,-0.24,8.46));
#7499 = DIRECTION('',(-1.735167508357E-18,0.707106781187,-0.707106781187
    ));
#7500 = DIRECTION('',(-1.,-1.226948711654E-18,1.226948711654E-18));
#7501 = ADVANCED_FACE('',(#7502),#7527,.T.);
#7502 = FACE_BOUND('',#7503,.T.);
#7503 = EDGE_LOOP('',(#7504,#7512,#7513,#7521));
#7504 = ORIENTED_EDGE('',*,*,#7505,.F.);
#7505 = EDGE_CURVE('',#6354,#7506,#7508,.T.);
#7506 = VERTEX_POINT('',#7507);
#7507 = CARTESIAN_POINT('',(0.16,-5.24,8.54));
#7508 = LINE('',#7509,#7510);
#7509 = CARTESIAN_POINT('',(0.16,-5.24,8.54));
#7510 = VECTOR('',#7511,1.);
#7511 = DIRECTION('',(-0.57735026919,0.57735026919,0.57735026919));
#7512 = ORIENTED_EDGE('',*,*,#6370,.T.);
#7513 = ORIENTED_EDGE('',*,*,#7514,.T.);
#7514 = EDGE_CURVE('',#6363,#7515,#7517,.T.);
#7515 = VERTEX_POINT('',#7516);
#7516 = CARTESIAN_POINT('',(0.16,-4.92,8.54));
#7517 = LINE('',#7518,#7519);
#7518 = CARTESIAN_POINT('',(5.333333333333E-02,-5.026666666667,
    8.646666666667));
#7519 = VECTOR('',#7520,1.);
#7520 = DIRECTION('',(-0.57735026919,-0.57735026919,0.57735026919));
#7521 = ORIENTED_EDGE('',*,*,#7522,.F.);
#7522 = EDGE_CURVE('',#7506,#7515,#7523,.T.);
#7523 = LINE('',#7524,#7525);
#7524 = CARTESIAN_POINT('',(0.16,-5.4,8.54));
#7525 = VECTOR('',#7526,1.);
#7526 = DIRECTION('',(0.,1.,0.));
#7527 = PLANE('',#7528);
#7528 = AXIS2_PLACEMENT_3D('',#7529,#7530,#7531);
#7529 = CARTESIAN_POINT('',(0.24,-5.4,8.46));
#7530 = DIRECTION('',(0.707106781187,-1.735167508357E-18,0.707106781187)
  );
#7531 = DIRECTION('',(1.226948711654E-18,1.,1.226948711654E-18));
#7532 = ADVANCED_FACE('',(#7533),#7551,.T.);
#7533 = FACE_BOUND('',#7534,.F.);
#7534 = EDGE_LOOP('',(#7535,#7543,#7544,#7545));
#7535 = ORIENTED_EDGE('',*,*,#7536,.F.);
#7536 = EDGE_CURVE('',#6387,#7537,#7539,.T.);
#7537 = VERTEX_POINT('',#7538);
#7538 = CARTESIAN_POINT('',(-0.16,-4.92,8.54));
#7539 = LINE('',#7540,#7541);
#7540 = CARTESIAN_POINT('',(-0.16,-4.92,8.54));
#7541 = VECTOR('',#7542,1.);
#7542 = DIRECTION('',(0.57735026919,-0.57735026919,0.57735026919));
#7543 = ORIENTED_EDGE('',*,*,#6394,.T.);
#7544 = ORIENTED_EDGE('',*,*,#7514,.T.);
#7545 = ORIENTED_EDGE('',*,*,#7546,.F.);
#7546 = EDGE_CURVE('',#7537,#7515,#7547,.T.);
#7547 = LINE('',#7548,#7549);
#7548 = CARTESIAN_POINT('',(-0.32,-4.92,8.54));
#7549 = VECTOR('',#7550,1.);
#7550 = DIRECTION('',(1.,0.,0.));
#7551 = PLANE('',#7552);
#7552 = AXIS2_PLACEMENT_3D('',#7553,#7554,#7555);
#7553 = CARTESIAN_POINT('',(-0.32,-4.84,8.46));
#7554 = DIRECTION('',(1.735167508357E-18,0.707106781187,0.707106781187)
  );
#7555 = DIRECTION('',(-1.,1.226948711654E-18,1.226948711654E-18));
#7556 = ADVANCED_FACE('',(#7557),#7575,.F.);
#7557 = FACE_BOUND('',#7558,.F.);
#7558 = EDGE_LOOP('',(#7559,#7567,#7568,#7569));
#7559 = ORIENTED_EDGE('',*,*,#7560,.F.);
#7560 = EDGE_CURVE('',#6409,#7561,#7563,.T.);
#7561 = VERTEX_POINT('',#7562);
#7562 = CARTESIAN_POINT('',(-0.16,-5.24,8.54));
#7563 = LINE('',#7564,#7565);
#7564 = CARTESIAN_POINT('',(-0.266666666667,-5.346666666667,
    8.433333333333));
#7565 = VECTOR('',#7566,1.);
#7566 = DIRECTION('',(0.57735026919,0.57735026919,0.57735026919));
#7567 = ORIENTED_EDGE('',*,*,#6418,.T.);
#7568 = ORIENTED_EDGE('',*,*,#7536,.T.);
#7569 = ORIENTED_EDGE('',*,*,#7570,.F.);
#7570 = EDGE_CURVE('',#7561,#7537,#7571,.T.);
#7571 = LINE('',#7572,#7573);
#7572 = CARTESIAN_POINT('',(-0.16,-5.4,8.54));
#7573 = VECTOR('',#7574,1.);
#7574 = DIRECTION('',(0.,1.,0.));
#7575 = PLANE('',#7576);
#7576 = AXIS2_PLACEMENT_3D('',#7577,#7578,#7579);
#7577 = CARTESIAN_POINT('',(-0.24,-5.4,8.46));
#7578 = DIRECTION('',(0.707106781187,1.735167508357E-18,-0.707106781187)
  );
#7579 = DIRECTION('',(-1.226948711654E-18,1.,1.226948711654E-18));
#7580 = ADVANCED_FACE('',(#7581),#7592,.F.);
#7581 = FACE_BOUND('',#7582,.T.);
#7582 = EDGE_LOOP('',(#7583,#7584,#7585,#7586));
#7583 = ORIENTED_EDGE('',*,*,#7560,.F.);
#7584 = ORIENTED_EDGE('',*,*,#6435,.T.);
#7585 = ORIENTED_EDGE('',*,*,#7505,.T.);
#7586 = ORIENTED_EDGE('',*,*,#7587,.F.);
#7587 = EDGE_CURVE('',#7561,#7506,#7588,.T.);
#7588 = LINE('',#7589,#7590);
#7589 = CARTESIAN_POINT('',(-0.32,-5.24,8.54));
#7590 = VECTOR('',#7591,1.);
#7591 = DIRECTION('',(1.,0.,0.));
#7592 = PLANE('',#7593);
#7593 = AXIS2_PLACEMENT_3D('',#7594,#7595,#7596);
#7594 = CARTESIAN_POINT('',(-0.32,-5.32,8.46));
#7595 = DIRECTION('',(-1.735167508357E-18,0.707106781187,-0.707106781187
    ));
#7596 = DIRECTION('',(-1.,-1.226948711654E-18,1.226948711654E-18));
#7597 = ADVANCED_FACE('',(#7598),#7623,.T.);
#7598 = FACE_BOUND('',#7599,.T.);
#7599 = EDGE_LOOP('',(#7600,#7608,#7609,#7617));
#7600 = ORIENTED_EDGE('',*,*,#7601,.F.);
#7601 = EDGE_CURVE('',#6450,#7602,#7604,.T.);
#7602 = VERTEX_POINT('',#7603);
#7603 = CARTESIAN_POINT('',(0.16,-2.7,8.54));
#7604 = LINE('',#7605,#7606);
#7605 = CARTESIAN_POINT('',(0.16,-2.7,8.54));
#7606 = VECTOR('',#7607,1.);
#7607 = DIRECTION('',(-0.57735026919,0.57735026919,0.57735026919));
#7608 = ORIENTED_EDGE('',*,*,#6466,.T.);
#7609 = ORIENTED_EDGE('',*,*,#7610,.T.);
#7610 = EDGE_CURVE('',#6459,#7611,#7613,.T.);
#7611 = VERTEX_POINT('',#7612);
#7612 = CARTESIAN_POINT('',(0.16,-2.38,8.54));
#7613 = LINE('',#7614,#7615);
#7614 = CARTESIAN_POINT('',(5.333333333333E-02,-2.486666666667,
    8.646666666667));
#7615 = VECTOR('',#7616,1.);
#7616 = DIRECTION('',(-0.57735026919,-0.57735026919,0.57735026919));
#7617 = ORIENTED_EDGE('',*,*,#7618,.F.);
#7618 = EDGE_CURVE('',#7602,#7611,#7619,.T.);
#7619 = LINE('',#7620,#7621);
#7620 = CARTESIAN_POINT('',(0.16,-2.86,8.54));
#7621 = VECTOR('',#7622,1.);
#7622 = DIRECTION('',(0.,1.,0.));
#7623 = PLANE('',#7624);
#7624 = AXIS2_PLACEMENT_3D('',#7625,#7626,#7627);
#7625 = CARTESIAN_POINT('',(0.24,-2.86,8.46));
#7626 = DIRECTION('',(0.707106781187,-1.735167508357E-18,0.707106781187)
  );
#7627 = DIRECTION('',(1.226948711654E-18,1.,1.226948711654E-18));
#7628 = ADVANCED_FACE('',(#7629),#7647,.T.);
#7629 = FACE_BOUND('',#7630,.F.);
#7630 = EDGE_LOOP('',(#7631,#7639,#7640,#7641));
#7631 = ORIENTED_EDGE('',*,*,#7632,.F.);
#7632 = EDGE_CURVE('',#6483,#7633,#7635,.T.);
#7633 = VERTEX_POINT('',#7634);
#7634 = CARTESIAN_POINT('',(-0.16,-2.38,8.54));
#7635 = LINE('',#7636,#7637);
#7636 = CARTESIAN_POINT('',(-0.16,-2.38,8.54));
#7637 = VECTOR('',#7638,1.);
#7638 = DIRECTION('',(0.57735026919,-0.57735026919,0.57735026919));
#7639 = ORIENTED_EDGE('',*,*,#6490,.T.);
#7640 = ORIENTED_EDGE('',*,*,#7610,.T.);
#7641 = ORIENTED_EDGE('',*,*,#7642,.F.);
#7642 = EDGE_CURVE('',#7633,#7611,#7643,.T.);
#7643 = LINE('',#7644,#7645);
#7644 = CARTESIAN_POINT('',(-0.32,-2.38,8.54));
#7645 = VECTOR('',#7646,1.);
#7646 = DIRECTION('',(1.,0.,0.));
#7647 = PLANE('',#7648);
#7648 = AXIS2_PLACEMENT_3D('',#7649,#7650,#7651);
#7649 = CARTESIAN_POINT('',(-0.32,-2.3,8.46));
#7650 = DIRECTION('',(1.735167508357E-18,0.707106781187,0.707106781187)
  );
#7651 = DIRECTION('',(-1.,1.226948711654E-18,1.226948711654E-18));
#7652 = ADVANCED_FACE('',(#7653),#7671,.F.);
#7653 = FACE_BOUND('',#7654,.F.);
#7654 = EDGE_LOOP('',(#7655,#7663,#7664,#7665));
#7655 = ORIENTED_EDGE('',*,*,#7656,.F.);
#7656 = EDGE_CURVE('',#6505,#7657,#7659,.T.);
#7657 = VERTEX_POINT('',#7658);
#7658 = CARTESIAN_POINT('',(-0.16,-2.7,8.54));
#7659 = LINE('',#7660,#7661);
#7660 = CARTESIAN_POINT('',(-0.266666666667,-2.806666666667,
    8.433333333333));
#7661 = VECTOR('',#7662,1.);
#7662 = DIRECTION('',(0.57735026919,0.57735026919,0.57735026919));
#7663 = ORIENTED_EDGE('',*,*,#6514,.T.);
#7664 = ORIENTED_EDGE('',*,*,#7632,.T.);
#7665 = ORIENTED_EDGE('',*,*,#7666,.F.);
#7666 = EDGE_CURVE('',#7657,#7633,#7667,.T.);
#7667 = LINE('',#7668,#7669);
#7668 = CARTESIAN_POINT('',(-0.16,-2.86,8.54));
#7669 = VECTOR('',#7670,1.);
#7670 = DIRECTION('',(0.,1.,0.));
#7671 = PLANE('',#7672);
#7672 = AXIS2_PLACEMENT_3D('',#7673,#7674,#7675);
#7673 = CARTESIAN_POINT('',(-0.24,-2.86,8.46));
#7674 = DIRECTION('',(0.707106781187,1.735167508357E-18,-0.707106781187)
  );
#7675 = DIRECTION('',(-1.226948711654E-18,1.,1.226948711654E-18));
#7676 = ADVANCED_FACE('',(#7677),#7688,.F.);
#7677 = FACE_BOUND('',#7678,.T.);
#7678 = EDGE_LOOP('',(#7679,#7680,#7681,#7682));
#7679 = ORIENTED_EDGE('',*,*,#7656,.F.);
#7680 = ORIENTED_EDGE('',*,*,#6531,.T.);
#7681 = ORIENTED_EDGE('',*,*,#7601,.T.);
#7682 = ORIENTED_EDGE('',*,*,#7683,.F.);
#7683 = EDGE_CURVE('',#7657,#7602,#7684,.T.);
#7684 = LINE('',#7685,#7686);
#7685 = CARTESIAN_POINT('',(-0.32,-2.7,8.54));
#7686 = VECTOR('',#7687,1.);
#7687 = DIRECTION('',(1.,0.,0.));
#7688 = PLANE('',#7689);
#7689 = AXIS2_PLACEMENT_3D('',#7690,#7691,#7692);
#7690 = CARTESIAN_POINT('',(-0.32,-2.78,8.46));
#7691 = DIRECTION('',(-1.735167508357E-18,0.707106781187,-0.707106781187
    ));
#7692 = DIRECTION('',(-1.,-1.226948711654E-18,1.226948711654E-18));
#7693 = ADVANCED_FACE('',(#7694),#7719,.F.);
#7694 = FACE_BOUND('',#7695,.T.);
#7695 = EDGE_LOOP('',(#7696,#7704,#7705,#7713));
#7696 = ORIENTED_EDGE('',*,*,#7697,.F.);
#7697 = EDGE_CURVE('',#6555,#7698,#7700,.T.);
#7698 = VERTEX_POINT('',#7699);
#7699 = CARTESIAN_POINT('',(-0.16,-12.86,8.54));
#7700 = LINE('',#7701,#7702);
#7701 = CARTESIAN_POINT('',(-0.266666666667,-12.96666666666,
    8.433333333333));
#7702 = VECTOR('',#7703,1.);
#7703 = DIRECTION('',(0.57735026919,0.57735026919,0.57735026919));
#7704 = ORIENTED_EDGE('',*,*,#6562,.T.);
#7705 = ORIENTED_EDGE('',*,*,#7706,.T.);
#7706 = EDGE_CURVE('',#6546,#7707,#7709,.T.);
#7707 = VERTEX_POINT('',#7708);
#7708 = CARTESIAN_POINT('',(0.16,-12.86,8.54));
#7709 = LINE('',#7710,#7711);
#7710 = CARTESIAN_POINT('',(0.16,-12.86,8.54));
#7711 = VECTOR('',#7712,1.);
#7712 = DIRECTION('',(-0.57735026919,0.57735026919,0.57735026919));
#7713 = ORIENTED_EDGE('',*,*,#7714,.F.);
#7714 = EDGE_CURVE('',#7698,#7707,#7715,.T.);
#7715 = LINE('',#7716,#7717);
#7716 = CARTESIAN_POINT('',(-0.32,-12.86,8.54));
#7717 = VECTOR('',#7718,1.);
#7718 = DIRECTION('',(1.,0.,0.));
#7719 = PLANE('',#7720);
#7720 = AXIS2_PLACEMENT_3D('',#7721,#7722,#7723);
#7721 = CARTESIAN_POINT('',(-0.32,-12.94,8.46));
#7722 = DIRECTION('',(-1.735167508357E-18,0.707106781187,-0.707106781187
    ));
#7723 = DIRECTION('',(-1.,-1.226948711654E-18,1.226948711654E-18));
#7724 = ADVANCED_FACE('',(#7725),#7743,.T.);
#7725 = FACE_BOUND('',#7726,.T.);
#7726 = EDGE_LOOP('',(#7727,#7728,#7729,#7737));
#7727 = ORIENTED_EDGE('',*,*,#7706,.F.);
#7728 = ORIENTED_EDGE('',*,*,#6586,.T.);
#7729 = ORIENTED_EDGE('',*,*,#7730,.T.);
#7730 = EDGE_CURVE('',#6579,#7731,#7733,.T.);
#7731 = VERTEX_POINT('',#7732);
#7732 = CARTESIAN_POINT('',(0.16,-12.54,8.54));
#7733 = LINE('',#7734,#7735);
#7734 = CARTESIAN_POINT('',(5.333333333333E-02,-12.64666666666,
    8.646666666667));
#7735 = VECTOR('',#7736,1.);
#7736 = DIRECTION('',(-0.57735026919,-0.57735026919,0.57735026919));
#7737 = ORIENTED_EDGE('',*,*,#7738,.F.);
#7738 = EDGE_CURVE('',#7707,#7731,#7739,.T.);
#7739 = LINE('',#7740,#7741);
#7740 = CARTESIAN_POINT('',(0.16,-13.02,8.54));
#7741 = VECTOR('',#7742,1.);
#7742 = DIRECTION('',(0.,1.,0.));
#7743 = PLANE('',#7744);
#7744 = AXIS2_PLACEMENT_3D('',#7745,#7746,#7747);
#7745 = CARTESIAN_POINT('',(0.24,-13.02,8.46));
#7746 = DIRECTION('',(0.707106781187,-1.735167508357E-18,0.707106781187)
  );
#7747 = DIRECTION('',(1.226948711654E-18,1.,1.226948711654E-18));
#7748 = ADVANCED_FACE('',(#7749),#7767,.T.);
#7749 = FACE_BOUND('',#7750,.F.);
#7750 = EDGE_LOOP('',(#7751,#7759,#7760,#7761));
#7751 = ORIENTED_EDGE('',*,*,#7752,.F.);
#7752 = EDGE_CURVE('',#6603,#7753,#7755,.T.);
#7753 = VERTEX_POINT('',#7754);
#7754 = CARTESIAN_POINT('',(-0.16,-12.54,8.54));
#7755 = LINE('',#7756,#7757);
#7756 = CARTESIAN_POINT('',(-0.16,-12.54,8.54));
#7757 = VECTOR('',#7758,1.);
#7758 = DIRECTION('',(0.57735026919,-0.57735026919,0.57735026919));
#7759 = ORIENTED_EDGE('',*,*,#6610,.T.);
#7760 = ORIENTED_EDGE('',*,*,#7730,.T.);
#7761 = ORIENTED_EDGE('',*,*,#7762,.F.);
#7762 = EDGE_CURVE('',#7753,#7731,#7763,.T.);
#7763 = LINE('',#7764,#7765);
#7764 = CARTESIAN_POINT('',(-0.32,-12.54,8.54));
#7765 = VECTOR('',#7766,1.);
#7766 = DIRECTION('',(1.,0.,0.));
#7767 = PLANE('',#7768);
#7768 = AXIS2_PLACEMENT_3D('',#7769,#7770,#7771);
#7769 = CARTESIAN_POINT('',(-0.32,-12.46,8.46));
#7770 = DIRECTION('',(1.735167508357E-18,0.707106781187,0.707106781187)
  );
#7771 = DIRECTION('',(-1.,1.226948711654E-18,1.226948711654E-18));
#7772 = ADVANCED_FACE('',(#7773),#7784,.F.);
#7773 = FACE_BOUND('',#7774,.F.);
#7774 = EDGE_LOOP('',(#7775,#7776,#7777,#7778));
#7775 = ORIENTED_EDGE('',*,*,#7697,.F.);
#7776 = ORIENTED_EDGE('',*,*,#6627,.T.);
#7777 = ORIENTED_EDGE('',*,*,#7752,.T.);
#7778 = ORIENTED_EDGE('',*,*,#7779,.F.);
#7779 = EDGE_CURVE('',#7698,#7753,#7780,.T.);
#7780 = LINE('',#7781,#7782);
#7781 = CARTESIAN_POINT('',(-0.16,-13.02,8.54));
#7782 = VECTOR('',#7783,1.);
#7783 = DIRECTION('',(0.,1.,0.));
#7784 = PLANE('',#7785);
#7785 = AXIS2_PLACEMENT_3D('',#7786,#7787,#7788);
#7786 = CARTESIAN_POINT('',(-0.24,-13.02,8.46));
#7787 = DIRECTION('',(0.707106781187,1.735167508357E-18,-0.707106781187)
  );
#7788 = DIRECTION('',(-1.226948711654E-18,1.,1.226948711654E-18));
#7789 = ADVANCED_FACE('',(#7790),#7815,.T.);
#7790 = FACE_BOUND('',#7791,.F.);
#7791 = EDGE_LOOP('',(#7792,#7800,#7801,#7809));
#7792 = ORIENTED_EDGE('',*,*,#7793,.F.);
#7793 = EDGE_CURVE('',#6651,#7794,#7796,.T.);
#7794 = VERTEX_POINT('',#7795);
#7795 = CARTESIAN_POINT('',(-0.16,-10.,8.54));
#7796 = LINE('',#7797,#7798);
#7797 = CARTESIAN_POINT('',(-0.16,-10.,8.54));
#7798 = VECTOR('',#7799,1.);
#7799 = DIRECTION('',(0.57735026919,-0.57735026919,0.57735026919));
#7800 = ORIENTED_EDGE('',*,*,#6658,.T.);
#7801 = ORIENTED_EDGE('',*,*,#7802,.T.);
#7802 = EDGE_CURVE('',#6642,#7803,#7805,.T.);
#7803 = VERTEX_POINT('',#7804);
#7804 = CARTESIAN_POINT('',(0.16,-10.,8.54));
#7805 = LINE('',#7806,#7807);
#7806 = CARTESIAN_POINT('',(5.333333333333E-02,-10.10666666666,
    8.646666666667));
#7807 = VECTOR('',#7808,1.);
#7808 = DIRECTION('',(-0.57735026919,-0.57735026919,0.57735026919));
#7809 = ORIENTED_EDGE('',*,*,#7810,.F.);
#7810 = EDGE_CURVE('',#7794,#7803,#7811,.T.);
#7811 = LINE('',#7812,#7813);
#7812 = CARTESIAN_POINT('',(-0.32,-10.,8.54));
#7813 = VECTOR('',#7814,1.);
#7814 = DIRECTION('',(1.,0.,0.));
#7815 = PLANE('',#7816);
#7816 = AXIS2_PLACEMENT_3D('',#7817,#7818,#7819);
#7817 = CARTESIAN_POINT('',(-0.32,-9.92,8.46));
#7818 = DIRECTION('',(1.735167508357E-18,0.707106781187,0.707106781187)
  );
#7819 = DIRECTION('',(-1.,1.226948711654E-18,1.226948711654E-18));
#7820 = ADVANCED_FACE('',(#7821),#7839,.F.);
#7821 = FACE_BOUND('',#7822,.F.);
#7822 = EDGE_LOOP('',(#7823,#7831,#7832,#7833));
#7823 = ORIENTED_EDGE('',*,*,#7824,.F.);
#7824 = EDGE_CURVE('',#6673,#7825,#7827,.T.);
#7825 = VERTEX_POINT('',#7826);
#7826 = CARTESIAN_POINT('',(-0.16,-10.32,8.54));
#7827 = LINE('',#7828,#7829);
#7828 = CARTESIAN_POINT('',(-0.266666666667,-10.42666666666,
    8.433333333333));
#7829 = VECTOR('',#7830,1.);
#7830 = DIRECTION('',(0.57735026919,0.57735026919,0.57735026919));
#7831 = ORIENTED_EDGE('',*,*,#6682,.T.);
#7832 = ORIENTED_EDGE('',*,*,#7793,.T.);
#7833 = ORIENTED_EDGE('',*,*,#7834,.F.);
#7834 = EDGE_CURVE('',#7825,#7794,#7835,.T.);
#7835 = LINE('',#7836,#7837);
#7836 = CARTESIAN_POINT('',(-0.16,-10.48,8.54));
#7837 = VECTOR('',#7838,1.);
#7838 = DIRECTION('',(0.,1.,0.));
#7839 = PLANE('',#7840);
#7840 = AXIS2_PLACEMENT_3D('',#7841,#7842,#7843);
#7841 = CARTESIAN_POINT('',(-0.24,-10.48,8.46));
#7842 = DIRECTION('',(0.707106781187,1.735167508357E-18,-0.707106781187)
  );
#7843 = DIRECTION('',(-1.226948711654E-18,1.,1.226948711654E-18));
#7844 = ADVANCED_FACE('',(#7845),#7863,.F.);
#7845 = FACE_BOUND('',#7846,.T.);
#7846 = EDGE_LOOP('',(#7847,#7848,#7849,#7857));
#7847 = ORIENTED_EDGE('',*,*,#7824,.F.);
#7848 = ORIENTED_EDGE('',*,*,#6706,.T.);
#7849 = ORIENTED_EDGE('',*,*,#7850,.T.);
#7850 = EDGE_CURVE('',#6697,#7851,#7853,.T.);
#7851 = VERTEX_POINT('',#7852);
#7852 = CARTESIAN_POINT('',(0.16,-10.32,8.54));
#7853 = LINE('',#7854,#7855);
#7854 = CARTESIAN_POINT('',(0.16,-10.32,8.54));
#7855 = VECTOR('',#7856,1.);
#7856 = DIRECTION('',(-0.57735026919,0.57735026919,0.57735026919));
#7857 = ORIENTED_EDGE('',*,*,#7858,.F.);
#7858 = EDGE_CURVE('',#7825,#7851,#7859,.T.);
#7859 = LINE('',#7860,#7861);
#7860 = CARTESIAN_POINT('',(-0.32,-10.32,8.54));
#7861 = VECTOR('',#7862,1.);
#7862 = DIRECTION('',(1.,0.,0.));
#7863 = PLANE('',#7864);
#7864 = AXIS2_PLACEMENT_3D('',#7865,#7866,#7867);
#7865 = CARTESIAN_POINT('',(-0.32,-10.4,8.46));
#7866 = DIRECTION('',(-1.735167508357E-18,0.707106781187,-0.707106781187
    ));
#7867 = DIRECTION('',(-1.,-1.226948711654E-18,1.226948711654E-18));
#7868 = ADVANCED_FACE('',(#7869),#7880,.T.);
#7869 = FACE_BOUND('',#7870,.T.);
#7870 = EDGE_LOOP('',(#7871,#7872,#7873,#7874));
#7871 = ORIENTED_EDGE('',*,*,#7850,.F.);
#7872 = ORIENTED_EDGE('',*,*,#6723,.T.);
#7873 = ORIENTED_EDGE('',*,*,#7802,.T.);
#7874 = ORIENTED_EDGE('',*,*,#7875,.F.);
#7875 = EDGE_CURVE('',#7851,#7803,#7876,.T.);
#7876 = LINE('',#7877,#7878);
#7877 = CARTESIAN_POINT('',(0.16,-10.48,8.54));
#7878 = VECTOR('',#7879,1.);
#7879 = DIRECTION('',(0.,1.,0.));
#7880 = PLANE('',#7881);
#7881 = AXIS2_PLACEMENT_3D('',#7882,#7883,#7884);
#7882 = CARTESIAN_POINT('',(0.24,-10.48,8.46));
#7883 = DIRECTION('',(0.707106781187,-1.735167508357E-18,0.707106781187)
  );
#7884 = DIRECTION('',(1.226948711654E-18,1.,1.226948711654E-18));
#7885 = ADVANCED_FACE('',(#7886),#7911,.F.);
#7886 = FACE_BOUND('',#7887,.T.);
#7887 = EDGE_LOOP('',(#7888,#7896,#7897,#7905));
#7888 = ORIENTED_EDGE('',*,*,#7889,.F.);
#7889 = EDGE_CURVE('',#6747,#7890,#7892,.T.);
#7890 = VERTEX_POINT('',#7891);
#7891 = CARTESIAN_POINT('',(-0.16,-7.78,8.54));
#7892 = LINE('',#7893,#7894);
#7893 = CARTESIAN_POINT('',(-0.266666666667,-7.886666666667,
    8.433333333333));
#7894 = VECTOR('',#7895,1.);
#7895 = DIRECTION('',(0.57735026919,0.57735026919,0.57735026919));
#7896 = ORIENTED_EDGE('',*,*,#6754,.T.);
#7897 = ORIENTED_EDGE('',*,*,#7898,.T.);
#7898 = EDGE_CURVE('',#6738,#7899,#7901,.T.);
#7899 = VERTEX_POINT('',#7900);
#7900 = CARTESIAN_POINT('',(0.16,-7.78,8.54));
#7901 = LINE('',#7902,#7903);
#7902 = CARTESIAN_POINT('',(0.16,-7.78,8.54));
#7903 = VECTOR('',#7904,1.);
#7904 = DIRECTION('',(-0.57735026919,0.57735026919,0.57735026919));
#7905 = ORIENTED_EDGE('',*,*,#7906,.F.);
#7906 = EDGE_CURVE('',#7890,#7899,#7907,.T.);
#7907 = LINE('',#7908,#7909);
#7908 = CARTESIAN_POINT('',(-0.32,-7.78,8.54));
#7909 = VECTOR('',#7910,1.);
#7910 = DIRECTION('',(1.,0.,0.));
#7911 = PLANE('',#7912);
#7912 = AXIS2_PLACEMENT_3D('',#7913,#7914,#7915);
#7913 = CARTESIAN_POINT('',(-0.32,-7.86,8.46));
#7914 = DIRECTION('',(-1.735167508357E-18,0.707106781187,-0.707106781187
    ));
#7915 = DIRECTION('',(-1.,-1.226948711654E-18,1.226948711654E-18));
#7916 = ADVANCED_FACE('',(#7917),#7935,.T.);
#7917 = FACE_BOUND('',#7918,.T.);
#7918 = EDGE_LOOP('',(#7919,#7920,#7921,#7929));
#7919 = ORIENTED_EDGE('',*,*,#7898,.F.);
#7920 = ORIENTED_EDGE('',*,*,#6778,.T.);
#7921 = ORIENTED_EDGE('',*,*,#7922,.T.);
#7922 = EDGE_CURVE('',#6771,#7923,#7925,.T.);
#7923 = VERTEX_POINT('',#7924);
#7924 = CARTESIAN_POINT('',(0.16,-7.46,8.54));
#7925 = LINE('',#7926,#7927);
#7926 = CARTESIAN_POINT('',(5.333333333333E-02,-7.566666666667,
    8.646666666667));
#7927 = VECTOR('',#7928,1.);
#7928 = DIRECTION('',(-0.57735026919,-0.57735026919,0.57735026919));
#7929 = ORIENTED_EDGE('',*,*,#7930,.F.);
#7930 = EDGE_CURVE('',#7899,#7923,#7931,.T.);
#7931 = LINE('',#7932,#7933);
#7932 = CARTESIAN_POINT('',(0.16,-7.94,8.54));
#7933 = VECTOR('',#7934,1.);
#7934 = DIRECTION('',(0.,1.,0.));
#7935 = PLANE('',#7936);
#7936 = AXIS2_PLACEMENT_3D('',#7937,#7938,#7939);
#7937 = CARTESIAN_POINT('',(0.24,-7.94,8.46));
#7938 = DIRECTION('',(0.707106781187,-1.735167508357E-18,0.707106781187)
  );
#7939 = DIRECTION('',(1.226948711654E-18,1.,1.226948711654E-18));
#7940 = ADVANCED_FACE('',(#7941),#7959,.T.);
#7941 = FACE_BOUND('',#7942,.F.);
#7942 = EDGE_LOOP('',(#7943,#7951,#7952,#7953));
#7943 = ORIENTED_EDGE('',*,*,#7944,.F.);
#7944 = EDGE_CURVE('',#6795,#7945,#7947,.T.);
#7945 = VERTEX_POINT('',#7946);
#7946 = CARTESIAN_POINT('',(-0.16,-7.46,8.54));
#7947 = LINE('',#7948,#7949);
#7948 = CARTESIAN_POINT('',(-0.16,-7.46,8.54));
#7949 = VECTOR('',#7950,1.);
#7950 = DIRECTION('',(0.57735026919,-0.57735026919,0.57735026919));
#7951 = ORIENTED_EDGE('',*,*,#6802,.T.);
#7952 = ORIENTED_EDGE('',*,*,#7922,.T.);
#7953 = ORIENTED_EDGE('',*,*,#7954,.F.);
#7954 = EDGE_CURVE('',#7945,#7923,#7955,.T.);
#7955 = LINE('',#7956,#7957);
#7956 = CARTESIAN_POINT('',(-0.32,-7.46,8.54));
#7957 = VECTOR('',#7958,1.);
#7958 = DIRECTION('',(1.,0.,0.));
#7959 = PLANE('',#7960);
#7960 = AXIS2_PLACEMENT_3D('',#7961,#7962,#7963);
#7961 = CARTESIAN_POINT('',(-0.32,-7.38,8.46));
#7962 = DIRECTION('',(1.735167508357E-18,0.707106781187,0.707106781187)
  );
#7963 = DIRECTION('',(-1.,1.226948711654E-18,1.226948711654E-18));
#7964 = ADVANCED_FACE('',(#7965),#7976,.F.);
#7965 = FACE_BOUND('',#7966,.F.);
#7966 = EDGE_LOOP('',(#7967,#7968,#7969,#7970));
#7967 = ORIENTED_EDGE('',*,*,#7889,.F.);
#7968 = ORIENTED_EDGE('',*,*,#6819,.T.);
#7969 = ORIENTED_EDGE('',*,*,#7944,.T.);
#7970 = ORIENTED_EDGE('',*,*,#7971,.F.);
#7971 = EDGE_CURVE('',#7890,#7945,#7972,.T.);
#7972 = LINE('',#7973,#7974);
#7973 = CARTESIAN_POINT('',(-0.16,-7.94,8.54));
#7974 = VECTOR('',#7975,1.);
#7975 = DIRECTION('',(0.,1.,0.));
#7976 = PLANE('',#7977);
#7977 = AXIS2_PLACEMENT_3D('',#7978,#7979,#7980);
#7978 = CARTESIAN_POINT('',(-0.24,-7.94,8.46));
#7979 = DIRECTION('',(0.707106781187,1.735167508357E-18,-0.707106781187)
  );
#7980 = DIRECTION('',(-1.226948711654E-18,1.,1.226948711654E-18));
#7981 = ADVANCED_FACE('',(#7982),#7988,.F.);
#7982 = FACE_BOUND('',#7983,.F.);
#7983 = EDGE_LOOP('',(#7984,#7985,#7986,#7987));
#7984 = ORIENTED_EDGE('',*,*,#6874,.F.);
#7985 = ORIENTED_EDGE('',*,*,#6898,.F.);
#7986 = ORIENTED_EDGE('',*,*,#6915,.T.);
#7987 = ORIENTED_EDGE('',*,*,#6850,.T.);
#7988 = PLANE('',#7989);
#7989 = AXIS2_PLACEMENT_3D('',#7990,#7991,#7992);
#7990 = CARTESIAN_POINT('',(-0.32,-0.32,-3.));
#7991 = DIRECTION('',(0.,0.,1.));
#7992 = DIRECTION('',(1.,0.,-0.));
#7993 = ADVANCED_FACE('',(#7994),#8000,.F.);
#7994 = FACE_BOUND('',#7995,.F.);
#7995 = EDGE_LOOP('',(#7996,#7997,#7998,#7999));
#7996 = ORIENTED_EDGE('',*,*,#6970,.F.);
#7997 = ORIENTED_EDGE('',*,*,#6994,.F.);
#7998 = ORIENTED_EDGE('',*,*,#7011,.T.);
#7999 = ORIENTED_EDGE('',*,*,#6946,.T.);
#8000 = PLANE('',#8001);
#8001 = AXIS2_PLACEMENT_3D('',#8002,#8003,#8004);
#8002 = CARTESIAN_POINT('',(-0.32,-5.4,-3.));
#8003 = DIRECTION('',(0.,0.,1.));
#8004 = DIRECTION('',(1.,0.,-0.));
#8005 = ADVANCED_FACE('',(#8006),#8012,.F.);
#8006 = FACE_BOUND('',#8007,.F.);
#8007 = EDGE_LOOP('',(#8008,#8009,#8010,#8011));
#8008 = ORIENTED_EDGE('',*,*,#7066,.F.);
#8009 = ORIENTED_EDGE('',*,*,#7090,.F.);
#8010 = ORIENTED_EDGE('',*,*,#7107,.T.);
#8011 = ORIENTED_EDGE('',*,*,#7042,.T.);
#8012 = PLANE('',#8013);
#8013 = AXIS2_PLACEMENT_3D('',#8014,#8015,#8016);
#8014 = CARTESIAN_POINT('',(-0.32,-2.86,-3.));
#8015 = DIRECTION('',(0.,0.,1.));
#8016 = DIRECTION('',(1.,0.,-0.));
#8017 = ADVANCED_FACE('',(#8018),#8024,.F.);
#8018 = FACE_BOUND('',#8019,.F.);
#8019 = EDGE_LOOP('',(#8020,#8021,#8022,#8023));
#8020 = ORIENTED_EDGE('',*,*,#7186,.F.);
#8021 = ORIENTED_EDGE('',*,*,#7203,.F.);
#8022 = ORIENTED_EDGE('',*,*,#7138,.T.);
#8023 = ORIENTED_EDGE('',*,*,#7162,.T.);
#8024 = PLANE('',#8025);
#8025 = AXIS2_PLACEMENT_3D('',#8026,#8027,#8028);
#8026 = CARTESIAN_POINT('',(-0.32,-13.02,-3.));
#8027 = DIRECTION('',(0.,0.,1.));
#8028 = DIRECTION('',(1.,0.,-0.));
#8029 = ADVANCED_FACE('',(#8030),#8036,.F.);
#8030 = FACE_BOUND('',#8031,.F.);
#8031 = EDGE_LOOP('',(#8032,#8033,#8034,#8035));
#8032 = ORIENTED_EDGE('',*,*,#7234,.F.);
#8033 = ORIENTED_EDGE('',*,*,#7258,.F.);
#8034 = ORIENTED_EDGE('',*,*,#7282,.T.);
#8035 = ORIENTED_EDGE('',*,*,#7299,.T.);
#8036 = PLANE('',#8037);
#8037 = AXIS2_PLACEMENT_3D('',#8038,#8039,#8040);
#8038 = CARTESIAN_POINT('',(-0.32,-10.48,-3.));
#8039 = DIRECTION('',(0.,0.,1.));
#8040 = DIRECTION('',(1.,0.,-0.));
#8041 = ADVANCED_FACE('',(#8042),#8048,.F.);
#8042 = FACE_BOUND('',#8043,.F.);
#8043 = EDGE_LOOP('',(#8044,#8045,#8046,#8047));
#8044 = ORIENTED_EDGE('',*,*,#7378,.F.);
#8045 = ORIENTED_EDGE('',*,*,#7395,.F.);
#8046 = ORIENTED_EDGE('',*,*,#7330,.T.);
#8047 = ORIENTED_EDGE('',*,*,#7354,.T.);
#8048 = PLANE('',#8049);
#8049 = AXIS2_PLACEMENT_3D('',#8050,#8051,#8052);
#8050 = CARTESIAN_POINT('',(-0.32,-7.94,-3.));
#8051 = DIRECTION('',(0.,0.,1.));
#8052 = DIRECTION('',(1.,0.,-0.));
#8053 = ADVANCED_FACE('',(#8054),#8060,.T.);
#8054 = FACE_BOUND('',#8055,.T.);
#8055 = EDGE_LOOP('',(#8056,#8057,#8058,#8059));
#8056 = ORIENTED_EDGE('',*,*,#7426,.T.);
#8057 = ORIENTED_EDGE('',*,*,#7450,.F.);
#8058 = ORIENTED_EDGE('',*,*,#7474,.F.);
#8059 = ORIENTED_EDGE('',*,*,#7491,.T.);
#8060 = PLANE('',#8061);
#8061 = AXIS2_PLACEMENT_3D('',#8062,#8063,#8064);
#8062 = CARTESIAN_POINT('',(-0.32,-0.32,8.54));
#8063 = DIRECTION('',(0.,0.,1.));
#8064 = DIRECTION('',(1.,0.,-0.));
#8065 = ADVANCED_FACE('',(#8066),#8072,.T.);
#8066 = FACE_BOUND('',#8067,.T.);
#8067 = EDGE_LOOP('',(#8068,#8069,#8070,#8071));
#8068 = ORIENTED_EDGE('',*,*,#7522,.T.);
#8069 = ORIENTED_EDGE('',*,*,#7546,.F.);
#8070 = ORIENTED_EDGE('',*,*,#7570,.F.);
#8071 = ORIENTED_EDGE('',*,*,#7587,.T.);
#8072 = PLANE('',#8073);
#8073 = AXIS2_PLACEMENT_3D('',#8074,#8075,#8076);
#8074 = CARTESIAN_POINT('',(-0.32,-5.4,8.54));
#8075 = DIRECTION('',(0.,0.,1.));
#8076 = DIRECTION('',(1.,0.,-0.));
#8077 = ADVANCED_FACE('',(#8078),#8084,.T.);
#8078 = FACE_BOUND('',#8079,.T.);
#8079 = EDGE_LOOP('',(#8080,#8081,#8082,#8083));
#8080 = ORIENTED_EDGE('',*,*,#7618,.T.);
#8081 = ORIENTED_EDGE('',*,*,#7642,.F.);
#8082 = ORIENTED_EDGE('',*,*,#7666,.F.);
#8083 = ORIENTED_EDGE('',*,*,#7683,.T.);
#8084 = PLANE('',#8085);
#8085 = AXIS2_PLACEMENT_3D('',#8086,#8087,#8088);
#8086 = CARTESIAN_POINT('',(-0.32,-2.86,8.54));
#8087 = DIRECTION('',(0.,0.,1.));
#8088 = DIRECTION('',(1.,0.,-0.));
#8089 = ADVANCED_FACE('',(#8090),#8096,.T.);
#8090 = FACE_BOUND('',#8091,.T.);
#8091 = EDGE_LOOP('',(#8092,#8093,#8094,#8095));
#8092 = ORIENTED_EDGE('',*,*,#7738,.T.);
#8093 = ORIENTED_EDGE('',*,*,#7762,.F.);
#8094 = ORIENTED_EDGE('',*,*,#7779,.F.);
#8095 = ORIENTED_EDGE('',*,*,#7714,.T.);
#8096 = PLANE('',#8097);
#8097 = AXIS2_PLACEMENT_3D('',#8098,#8099,#8100);
#8098 = CARTESIAN_POINT('',(-0.32,-13.02,8.54));
#8099 = DIRECTION('',(0.,0.,1.));
#8100 = DIRECTION('',(1.,0.,-0.));
#8101 = ADVANCED_FACE('',(#8102),#8108,.T.);
#8102 = FACE_BOUND('',#8103,.T.);
#8103 = EDGE_LOOP('',(#8104,#8105,#8106,#8107));
#8104 = ORIENTED_EDGE('',*,*,#7875,.T.);
#8105 = ORIENTED_EDGE('',*,*,#7810,.F.);
#8106 = ORIENTED_EDGE('',*,*,#7834,.F.);
#8107 = ORIENTED_EDGE('',*,*,#7858,.T.);
#8108 = PLANE('',#8109);
#8109 = AXIS2_PLACEMENT_3D('',#8110,#8111,#8112);
#8110 = CARTESIAN_POINT('',(-0.32,-10.48,8.54));
#8111 = DIRECTION('',(0.,0.,1.));
#8112 = DIRECTION('',(1.,0.,-0.));
#8113 = ADVANCED_FACE('',(#8114),#8120,.T.);
#8114 = FACE_BOUND('',#8115,.T.);
#8115 = EDGE_LOOP('',(#8116,#8117,#8118,#8119));
#8116 = ORIENTED_EDGE('',*,*,#7930,.T.);
#8117 = ORIENTED_EDGE('',*,*,#7954,.F.);
#8118 = ORIENTED_EDGE('',*,*,#7971,.F.);
#8119 = ORIENTED_EDGE('',*,*,#7906,.T.);
#8120 = PLANE('',#8121);
#8121 = AXIS2_PLACEMENT_3D('',#8122,#8123,#8124);
#8122 = CARTESIAN_POINT('',(-0.32,-7.94,8.54));
#8123 = DIRECTION('',(0.,0.,1.));
#8124 = DIRECTION('',(1.,0.,-0.));
#8125 = ( GEOMETRIC_REPRESENTATION_CONTEXT(3) 
GLOBAL_UNCERTAINTY_ASSIGNED_CONTEXT((#8129)) 
GLOBAL_UNIT_ASSIGNED_CONTEXT((#8126,#8127,#8128)) REPRESENTATION_CONTEXT
('Context #1','3D Context with UNIT and UNCERTAINTY') );
#8126 = ( LENGTH_UNIT() NAMED_UNIT(*) SI_UNIT(.MILLI.,.METRE.) );
#8127 = ( NAMED_UNIT(*) PLANE_ANGLE_UNIT() SI_UNIT($,.RADIAN.) );
#8128 = ( NAMED_UNIT(*) SI_UNIT($,.STERADIAN.) SOLID_ANGLE_UNIT() );
#8129 = UNCERTAINTY_MEASURE_WITH_UNIT(LENGTH_MEASURE(1.E-07),#8126,
  'distance_accuracy_value','confusion accuracy');
#8130 = CONTEXT_DEPENDENT_SHAPE_REPRESENTATION(#8131,#8133);
#8131 = ( REPRESENTATION_RELATIONSHIP('','',#3996,#10) 
REPRESENTATION_RELATIONSHIP_WITH_TRANSFORMATION(#8132) 
SHAPE_REPRESENTATION_RELATIONSHIP() );
#8132 = ITEM_DEFINED_TRANSFORMATION('','',#11,#43);
#8133 = PRODUCT_DEFINITION_SHAPE('Placement','Placement of an item',
  #8134);
#8134 = NEXT_ASSEMBLY_USAGE_OCCURRENCE('8','J24','',#5,#3991,$);
#8135 = PRODUCT_RELATED_PRODUCT_CATEGORY('part',$,(#3993));
#8136 = CONTEXT_DEPENDENT_SHAPE_REPRESENTATION(#8137,#8139);
#8137 = ( REPRESENTATION_RELATIONSHIP('','',#1784,#10) 
REPRESENTATION_RELATIONSHIP_WITH_TRANSFORMATION(#8138) 
SHAPE_REPRESENTATION_RELATIONSHIP() );
#8138 = ITEM_DEFINED_TRANSFORMATION('','',#11,#47);
#8139 = PRODUCT_DEFINITION_SHAPE('Placement','Placement of an item',
  #8140);
#8140 = NEXT_ASSEMBLY_USAGE_OCCURRENCE('9','U18','',#5,#1779,$);
#8141 = CONTEXT_DEPENDENT_SHAPE_REPRESENTATION(#8142,#8144);
#8142 = ( REPRESENTATION_RELATIONSHIP('','',#3996,#10) 
REPRESENTATION_RELATIONSHIP_WITH_TRANSFORMATION(#8143) 
SHAPE_REPRESENTATION_RELATIONSHIP() );
#8143 = ITEM_DEFINED_TRANSFORMATION('','',#11,#51);
#8144 = PRODUCT_DEFINITION_SHAPE('Placement','Placement of an item',
  #8145);
#8145 = NEXT_ASSEMBLY_USAGE_OCCURRENCE('10','J39','',#5,#3991,$);
#8146 = CONTEXT_DEPENDENT_SHAPE_REPRESENTATION(#8147,#8149);
#8147 = ( REPRESENTATION_RELATIONSHIP('','',#92,#10) 
REPRESENTATION_RELATIONSHIP_WITH_TRANSFORMATION(#8148) 
SHAPE_REPRESENTATION_RELATIONSHIP() );
#8148 = ITEM_DEFINED_TRANSFORMATION('','',#11,#55);
#8149 = PRODUCT_DEFINITION_SHAPE('Placement','Placement of an item',
  #8150);
#8150 = NEXT_ASSEMBLY_USAGE_OCCURRENCE('11','C10','',#5,#87,$);
#8151 = CONTEXT_DEPENDENT_SHAPE_REPRESENTATION(#8152,#8154);
#8152 = ( REPRESENTATION_RELATIONSHIP('','',#3996,#10) 
REPRESENTATION_RELATIONSHIP_WITH_TRANSFORMATION(#8153) 
SHAPE_REPRESENTATION_RELATIONSHIP() );
#8153 = ITEM_DEFINED_TRANSFORMATION('','',#11,#59);
#8154 = PRODUCT_DEFINITION_SHAPE('Placement','Placement of an item',
  #8155);
#8155 = NEXT_ASSEMBLY_USAGE_OCCURRENCE('12','J37','',#5,#3991,$);
#8156 = CONTEXT_DEPENDENT_SHAPE_REPRESENTATION(#8157,#8159);
#8157 = ( REPRESENTATION_RELATIONSHIP('','',#975,#10) 
REPRESENTATION_RELATIONSHIP_WITH_TRANSFORMATION(#8158) 
SHAPE_REPRESENTATION_RELATIONSHIP() );
#8158 = ITEM_DEFINED_TRANSFORMATION('','',#11,#63);
#8159 = PRODUCT_DEFINITION_SHAPE('Placement','Placement of an item',
  #8160);
#8160 = NEXT_ASSEMBLY_USAGE_OCCURRENCE('13','R10','',#5,#970,$);
#8161 = SHAPE_DEFINITION_REPRESENTATION(#8162,#8168);
#8162 = PRODUCT_DEFINITION_SHAPE('','',#8163);
#8163 = PRODUCT_DEFINITION('design','',#8164,#8167);
#8164 = PRODUCT_DEFINITION_FORMATION('','',#8165);
#8165 = PRODUCT('LED_SK6812MINI-E_3.2x2.8mm_P1.5mm_ReverseMount',
  'LED_SK6812MINI-E_3.2x2.8mm_P1.5mm_ReverseMount','',(#8166));
#8166 = PRODUCT_CONTEXT('',#2,'mechanical');
#8167 = PRODUCT_DEFINITION_CONTEXT('part definition',#2,'design');
#8168 = SHAPE_REPRESENTATION('',(#11,#8169,#8173,#8177,#8181,#8185),
  #8189);
#8169 = AXIS2_PLACEMENT_3D('',#8170,#8171,#8172);
#8170 = CARTESIAN_POINT('',(0.,0.,0.));
#8171 = DIRECTION('',(0.,0.,1.));
#8172 = DIRECTION('',(1.,0.,0.));
#8173 = AXIS2_PLACEMENT_3D('',#8174,#8175,#8176);
#8174 = CARTESIAN_POINT('',(0.,0.,0.));
#8175 = DIRECTION('',(0.,0.,1.));
#8176 = DIRECTION('',(1.,0.,0.));
#8177 = AXIS2_PLACEMENT_3D('',#8178,#8179,#8180);
#8178 = CARTESIAN_POINT('',(0.,0.,0.));
#8179 = DIRECTION('',(0.,0.,1.));
#8180 = DIRECTION('',(1.,0.,0.));
#8181 = AXIS2_PLACEMENT_3D('',#8182,#8183,#8184);
#8182 = CARTESIAN_POINT('',(0.,0.,0.));
#8183 = DIRECTION('',(0.,0.,1.));
#8184 = DIRECTION('',(1.,0.,0.));
#8185 = AXIS2_PLACEMENT_3D('',#8186,#8187,#8188);
#8186 = CARTESIAN_POINT('',(0.,0.,0.));
#8187 = DIRECTION('',(0.,0.,1.));
#8188 = DIRECTION('',(1.,0.,0.));
#8189 = ( GEOMETRIC_REPRESENTATION_CONTEXT(3) 
GLOBAL_UNCERTAINTY_ASSIGNED_CONTEXT((#8193)) 
GLOBAL_UNIT_ASSIGNED_CONTEXT((#8190,#8191,#8192)) REPRESENTATION_CONTEXT
('Context #1','3D Context with UNIT and UNCERTAINTY') );
#8190 = ( LENGTH_UNIT() NAMED_UNIT(*) SI_UNIT(.MILLI.,.METRE.) );
#8191 = ( NAMED_UNIT(*) PLANE_ANGLE_UNIT() SI_UNIT($,.RADIAN.) );
#8192 = ( NAMED_UNIT(*) SI_UNIT($,.STERADIAN.) SOLID_ANGLE_UNIT() );
#8193 = UNCERTAINTY_MEASURE_WITH_UNIT(LENGTH_MEASURE(2.E-06),#8190,
  'distance_accuracy_value','confusion accuracy');
#8194 = CONTEXT_DEPENDENT_SHAPE_REPRESENTATION(#8195,#8197);
#8195 = ( REPRESENTATION_RELATIONSHIP('','',#8168,#10) 
REPRESENTATION_RELATIONSHIP_WITH_TRANSFORMATION(#8196) 
SHAPE_REPRESENTATION_RELATIONSHIP() );
#8196 = ITEM_DEFINED_TRANSFORMATION('','',#11,#67);
#8197 = PRODUCT_DEFINITION_SHAPE('Placement','Placement of an item',
  #8198);
#8198 = NEXT_ASSEMBLY_USAGE_OCCURRENCE('19','D21','',#5,#8163,$);
#8199 = PRODUCT_RELATED_PRODUCT_CATEGORY('part',$,(#8165));
#8200 = SHAPE_DEFINITION_REPRESENTATION(#8201,#8207);
#8201 = PRODUCT_DEFINITION_SHAPE('','',#8202);
#8202 = PRODUCT_DEFINITION('design','',#8203,#8206);
#8203 = PRODUCT_DEFINITION_FORMATION('','',#8204);
#8204 = PRODUCT('Body','Body','',(#8205));
#8205 = PRODUCT_CONTEXT('',#2,'mechanical');
#8206 = PRODUCT_DEFINITION_CONTEXT('part definition',#2,'design');
#8207 = ADVANCED_BREP_SHAPE_REPRESENTATION('',(#11,#8208),#9058);
#8208 = MANIFOLD_SOLID_BREP('',#8209);
#8209 = CLOSED_SHELL('',(#8210,#8266,#8313,#8346,#8370,#8411,#8458,#8469
    ,#8494,#8516,#8615,#8632,#8668,#8692,#8710,#8802,#8814,#8831,#8848,
    #8865,#8882,#8899,#8927,#8944,#8961,#8978,#8990,#9015,#9040,#9049));
#8210 = ADVANCED_FACE('',(#8211),#8261,.F.);
#8211 = FACE_BOUND('',#8212,.F.);
#8212 = EDGE_LOOP('',(#8213,#8223,#8231,#8239,#8247,#8255));
#8213 = ORIENTED_EDGE('',*,*,#8214,.F.);
#8214 = EDGE_CURVE('',#8215,#8217,#8219,.T.);
#8215 = VERTEX_POINT('',#8216);
#8216 = CARTESIAN_POINT('',(-1.6,1.4,0.15));
#8217 = VERTEX_POINT('',#8218);
#8218 = CARTESIAN_POINT('',(-1.6,1.4,-0.83995));
#8219 = LINE('',#8220,#8221);
#8220 = CARTESIAN_POINT('',(-1.6,1.4,0.15));
#8221 = VECTOR('',#8222,1.);
#8222 = DIRECTION('',(0.,2.2E-16,-1.));
#8223 = ORIENTED_EDGE('',*,*,#8224,.T.);
#8224 = EDGE_CURVE('',#8215,#8225,#8227,.T.);
#8225 = VERTEX_POINT('',#8226);
#8226 = CARTESIAN_POINT('',(-1.6,-1.4,0.15));
#8227 = LINE('',#8228,#8229);
#8228 = CARTESIAN_POINT('',(-1.6,1.4,0.15));
#8229 = VECTOR('',#8230,1.);
#8230 = DIRECTION('',(0.,-1.,2.2E-16));
#8231 = ORIENTED_EDGE('',*,*,#8232,.T.);
#8232 = EDGE_CURVE('',#8225,#8233,#8235,.T.);
#8233 = VERTEX_POINT('',#8234);
#8234 = CARTESIAN_POINT('',(-1.6,-1.4,-0.34));
#8235 = LINE('',#8236,#8237);
#8236 = CARTESIAN_POINT('',(-1.6,-1.4,0.15));
#8237 = VECTOR('',#8238,1.);
#8238 = DIRECTION('',(0.,2.2E-16,-1.));
#8239 = ORIENTED_EDGE('',*,*,#8240,.F.);
#8240 = EDGE_CURVE('',#8241,#8233,#8243,.T.);
#8241 = VERTEX_POINT('',#8242);
#8242 = CARTESIAN_POINT('',(-1.6,-0.586827201635,-0.34));
#8243 = LINE('',#8244,#8245);
#8244 = CARTESIAN_POINT('',(-1.6,-0.586827201635,-0.34));
#8245 = VECTOR('',#8246,1.);
#8246 = DIRECTION('',(0.,-1.,-2.2E-16));
#8247 = ORIENTED_EDGE('',*,*,#8248,.F.);
#8248 = EDGE_CURVE('',#8249,#8241,#8251,.T.);
#8249 = VERTEX_POINT('',#8250);
#8250 = CARTESIAN_POINT('',(-1.6,-0.586827201635,-0.83995));
#8251 = LINE('',#8252,#8253);
#8252 = CARTESIAN_POINT('',(-1.6,-0.586827201635,-0.84));
#8253 = VECTOR('',#8254,1.);
#8254 = DIRECTION('',(0.,0.,1.));
#8255 = ORIENTED_EDGE('',*,*,#8256,.F.);
#8256 = EDGE_CURVE('',#8217,#8249,#8257,.T.);
#8257 = LINE('',#8258,#8259);
#8258 = CARTESIAN_POINT('',(-1.6,1.4,-0.83995));
#8259 = VECTOR('',#8260,1.);
#8260 = DIRECTION('',(0.,-1.,2.2E-16));
#8261 = PLANE('',#8262);
#8262 = AXIS2_PLACEMENT_3D('',#8263,#8264,#8265);
#8263 = CARTESIAN_POINT('',(-1.6,1.4,0.15));
#8264 = DIRECTION('',(1.,0.,0.));
#8265 = DIRECTION('',(0.,-2.2E-16,-1.));
#8266 = ADVANCED_FACE('',(#8267),#8308,.T.);
#8267 = FACE_BOUND('',#8268,.T.);
#8268 = EDGE_LOOP('',(#8269,#8270,#8278,#8286,#8294,#8302));
#8269 = ORIENTED_EDGE('',*,*,#8214,.F.);
#8270 = ORIENTED_EDGE('',*,*,#8271,.F.);
#8271 = EDGE_CURVE('',#8272,#8215,#8274,.T.);
#8272 = VERTEX_POINT('',#8273);
#8273 = CARTESIAN_POINT('',(-1.555,1.4,0.15));
#8274 = LINE('',#8275,#8276);
#8275 = CARTESIAN_POINT('',(1.6,1.4,0.15));
#8276 = VECTOR('',#8277,1.);
#8277 = DIRECTION('',(-1.,0.,0.));
#8278 = ORIENTED_EDGE('',*,*,#8279,.F.);
#8279 = EDGE_CURVE('',#8280,#8272,#8282,.T.);
#8280 = VERTEX_POINT('',#8281);
#8281 = CARTESIAN_POINT('',(1.555,1.4,0.15));
#8282 = LINE('',#8283,#8284);
#8283 = CARTESIAN_POINT('',(4.655694667823,1.4,0.15));
#8284 = VECTOR('',#8285,1.);
#8285 = DIRECTION('',(-1.,-1.1E-16,1.1E-16));
#8286 = ORIENTED_EDGE('',*,*,#8287,.F.);
#8287 = EDGE_CURVE('',#8288,#8280,#8290,.T.);
#8288 = VERTEX_POINT('',#8289);
#8289 = CARTESIAN_POINT('',(1.6,1.4,0.15));
#8290 = LINE('',#8291,#8292);
#8291 = CARTESIAN_POINT('',(1.6,1.4,0.15));
#8292 = VECTOR('',#8293,1.);
#8293 = DIRECTION('',(-1.,0.,0.));
#8294 = ORIENTED_EDGE('',*,*,#8295,.F.);
#8295 = EDGE_CURVE('',#8296,#8288,#8298,.T.);
#8296 = VERTEX_POINT('',#8297);
#8297 = CARTESIAN_POINT('',(1.6,1.4,-0.83995));
#8298 = LINE('',#8299,#8300);
#8299 = CARTESIAN_POINT('',(1.6,1.4,-0.84));
#8300 = VECTOR('',#8301,1.);
#8301 = DIRECTION('',(0.,-2.2E-16,1.));
#8302 = ORIENTED_EDGE('',*,*,#8303,.F.);
#8303 = EDGE_CURVE('',#8217,#8296,#8304,.T.);
#8304 = LINE('',#8305,#8306);
#8305 = CARTESIAN_POINT('',(-1.6,1.4,-0.83995));
#8306 = VECTOR('',#8307,1.);
#8307 = DIRECTION('',(1.,0.,0.));
#8308 = PLANE('',#8309);
#8309 = AXIS2_PLACEMENT_3D('',#8310,#8311,#8312);
#8310 = CARTESIAN_POINT('',(-1.6814E-13,1.4,-2.455333978938E-02));
#8311 = DIRECTION('',(0.,1.,-2.5E-16));
#8312 = DIRECTION('',(0.,-2.5E-16,-1.));
#8313 = ADVANCED_FACE('',(#8314),#8341,.T.);
#8314 = FACE_BOUND('',#8315,.T.);
#8315 = EDGE_LOOP('',(#8316,#8325,#8333,#8340));
#8316 = ORIENTED_EDGE('',*,*,#8317,.T.);
#8317 = EDGE_CURVE('',#8217,#8318,#8320,.T.);
#8318 = VERTEX_POINT('',#8319);
#8319 = CARTESIAN_POINT('',(-1.59995,1.39995,-0.84));
#8320 = ELLIPSE('',#8321,7.071067811865E-05,5.E-05);
#8321 = AXIS2_PLACEMENT_3D('',#8322,#8323,#8324);
#8322 = CARTESIAN_POINT('',(-1.59995,1.39995,-0.83995));
#8323 = DIRECTION('',(-0.707106781187,-0.707106781187,1.599999999999E-16
    ));
#8324 = DIRECTION('',(0.707106781187,-0.707106781187,1.599999999999E-16)
  );
#8325 = ORIENTED_EDGE('',*,*,#8326,.T.);
#8326 = EDGE_CURVE('',#8318,#8327,#8329,.T.);
#8327 = VERTEX_POINT('',#8328);
#8328 = CARTESIAN_POINT('',(-1.59995,-0.586877201635,-0.84));
#8329 = LINE('',#8330,#8331);
#8330 = CARTESIAN_POINT('',(-1.59995,1.4,-0.84));
#8331 = VECTOR('',#8332,1.);
#8332 = DIRECTION('',(0.,-1.,2.2E-16));
#8333 = ORIENTED_EDGE('',*,*,#8334,.F.);
#8334 = EDGE_CURVE('',#8249,#8327,#8335,.T.);
#8335 = CIRCLE('',#8336,5.E-05);
#8336 = AXIS2_PLACEMENT_3D('',#8337,#8338,#8339);
#8337 = CARTESIAN_POINT('',(-1.59995,-0.586877201635,-0.83995));
#8338 = DIRECTION('',(0.,-1.,2.2E-16));
#8339 = DIRECTION('',(0.,-2.2E-16,-1.));
#8340 = ORIENTED_EDGE('',*,*,#8256,.F.);
#8341 = CYLINDRICAL_SURFACE('',#8342,5.E-05);
#8342 = AXIS2_PLACEMENT_3D('',#8343,#8344,#8345);
#8343 = CARTESIAN_POINT('',(-1.59995,1.4,-0.83995));
#8344 = DIRECTION('',(0.,-1.,2.2E-16));
#8345 = DIRECTION('',(-1.,0.,0.));
#8346 = ADVANCED_FACE('',(#8347),#8365,.F.);
#8347 = FACE_BOUND('',#8348,.F.);
#8348 = EDGE_LOOP('',(#8349,#8350,#8358,#8364));
#8349 = ORIENTED_EDGE('',*,*,#8271,.F.);
#8350 = ORIENTED_EDGE('',*,*,#8351,.T.);
#8351 = EDGE_CURVE('',#8272,#8352,#8354,.T.);
#8352 = VERTEX_POINT('',#8353);
#8353 = CARTESIAN_POINT('',(-1.555,-1.4,0.15));
#8354 = LINE('',#8355,#8356);
#8355 = CARTESIAN_POINT('',(-1.555,1.4,0.15));
#8356 = VECTOR('',#8357,1.);
#8357 = DIRECTION('',(0.,-1.,2.2E-16));
#8358 = ORIENTED_EDGE('',*,*,#8359,.T.);
#8359 = EDGE_CURVE('',#8352,#8225,#8360,.T.);
#8360 = LINE('',#8361,#8362);
#8361 = CARTESIAN_POINT('',(1.6,-1.4,0.15));
#8362 = VECTOR('',#8363,1.);
#8363 = DIRECTION('',(-1.,0.,0.));
#8364 = ORIENTED_EDGE('',*,*,#8224,.F.);
#8365 = PLANE('',#8366);
#8366 = AXIS2_PLACEMENT_3D('',#8367,#8368,#8369);
#8367 = CARTESIAN_POINT('',(1.6,1.4,0.15));
#8368 = DIRECTION('',(0.,-2.2E-16,-1.));
#8369 = DIRECTION('',(-1.,-0.,0.));
#8370 = ADVANCED_FACE('',(#8371),#8406,.T.);
#8371 = FACE_BOUND('',#8372,.T.);
#8372 = EDGE_LOOP('',(#8373,#8383,#8389,#8390,#8391,#8399));
#8373 = ORIENTED_EDGE('',*,*,#8374,.T.);
#8374 = EDGE_CURVE('',#8375,#8377,#8379,.T.);
#8375 = VERTEX_POINT('',#8376);
#8376 = CARTESIAN_POINT('',(-0.786827201636,-1.4,-0.83995));
#8377 = VERTEX_POINT('',#8378);
#8378 = CARTESIAN_POINT('',(-0.786827201636,-1.4,-0.34));
#8379 = LINE('',#8380,#8381);
#8380 = CARTESIAN_POINT('',(-0.786827201636,-1.4,-0.84));
#8381 = VECTOR('',#8382,1.);
#8382 = DIRECTION('',(0.,0.,1.));
#8383 = ORIENTED_EDGE('',*,*,#8384,.T.);
#8384 = EDGE_CURVE('',#8377,#8241,#8385,.T.);
#8385 = LINE('',#8386,#8387);
#8386 = CARTESIAN_POINT('',(-0.786827201636,-1.4,-0.34));
#8387 = VECTOR('',#8388,1.);
#8388 = DIRECTION('',(-0.707106781187,0.707106781187,1.599999999999E-16)
  );
#8389 = ORIENTED_EDGE('',*,*,#8248,.F.);
#8390 = ORIENTED_EDGE('',*,*,#8334,.T.);
#8391 = ORIENTED_EDGE('',*,*,#8392,.F.);
#8392 = EDGE_CURVE('',#8393,#8327,#8395,.T.);
#8393 = VERTEX_POINT('',#8394);
#8394 = CARTESIAN_POINT('',(-0.786877201636,-1.39995,-0.84));
#8395 = LINE('',#8396,#8397);
#8396 = CARTESIAN_POINT('',(-0.786827201636,-1.4,-0.84));
#8397 = VECTOR('',#8398,1.);
#8398 = DIRECTION('',(-0.707106781187,0.707106781187,1.599999999999E-16)
  );
#8399 = ORIENTED_EDGE('',*,*,#8400,.T.);
#8400 = EDGE_CURVE('',#8393,#8375,#8401,.T.);
#8401 = CIRCLE('',#8402,5.E-05);
#8402 = AXIS2_PLACEMENT_3D('',#8403,#8404,#8405);
#8403 = CARTESIAN_POINT('',(-0.786877201636,-1.39995,-0.83995));
#8404 = DIRECTION('',(-1.,-0.,0.));
#8405 = DIRECTION('',(0.,-1.,-2.2E-16));
#8406 = PLANE('',#8407);
#8407 = AXIS2_PLACEMENT_3D('',#8408,#8409,#8410);
#8408 = CARTESIAN_POINT('',(-0.786827201636,-1.4,-0.84));
#8409 = DIRECTION('',(-0.707106781187,-0.707106781187,0.));
#8410 = DIRECTION('',(-0.707106781187,0.707106781187,0.));
#8411 = ADVANCED_FACE('',(#8412),#8453,.T.);
#8412 = FACE_BOUND('',#8413,.T.);
#8413 = EDGE_LOOP('',(#8414,#8424,#8432,#8438,#8439,#8440,#8446,#8447));
#8414 = ORIENTED_EDGE('',*,*,#8415,.T.);
#8415 = EDGE_CURVE('',#8416,#8418,#8420,.T.);
#8416 = VERTEX_POINT('',#8417);
#8417 = CARTESIAN_POINT('',(1.6,-1.4,-0.83995));
#8418 = VERTEX_POINT('',#8419);
#8419 = CARTESIAN_POINT('',(1.6,-1.4,0.15));
#8420 = LINE('',#8421,#8422);
#8421 = CARTESIAN_POINT('',(1.6,-1.4,-0.84));
#8422 = VECTOR('',#8423,1.);
#8423 = DIRECTION('',(0.,-2.2E-16,1.));
#8424 = ORIENTED_EDGE('',*,*,#8425,.T.);
#8425 = EDGE_CURVE('',#8418,#8426,#8428,.T.);
#8426 = VERTEX_POINT('',#8427);
#8427 = CARTESIAN_POINT('',(1.555,-1.4,0.15));
#8428 = LINE('',#8429,#8430);
#8429 = CARTESIAN_POINT('',(1.6,-1.4,0.15));
#8430 = VECTOR('',#8431,1.);
#8431 = DIRECTION('',(-1.,0.,0.));
#8432 = ORIENTED_EDGE('',*,*,#8433,.T.);
#8433 = EDGE_CURVE('',#8426,#8352,#8434,.T.);
#8434 = LINE('',#8435,#8436);
#8435 = CARTESIAN_POINT('',(4.655694667823,-1.4,0.15));
#8436 = VECTOR('',#8437,1.);
#8437 = DIRECTION('',(-1.,0.,0.));
#8438 = ORIENTED_EDGE('',*,*,#8359,.T.);
#8439 = ORIENTED_EDGE('',*,*,#8232,.T.);
#8440 = ORIENTED_EDGE('',*,*,#8441,.T.);
#8441 = EDGE_CURVE('',#8233,#8377,#8442,.T.);
#8442 = LINE('',#8443,#8444);
#8443 = CARTESIAN_POINT('',(-1.6,-1.4,-0.34));
#8444 = VECTOR('',#8445,1.);
#8445 = DIRECTION('',(1.,5.5E-16,0.));
#8446 = ORIENTED_EDGE('',*,*,#8374,.F.);
#8447 = ORIENTED_EDGE('',*,*,#8448,.T.);
#8448 = EDGE_CURVE('',#8375,#8416,#8449,.T.);
#8449 = LINE('',#8450,#8451);
#8450 = CARTESIAN_POINT('',(-0.786827201636,-1.4,-0.83995));
#8451 = VECTOR('',#8452,1.);
#8452 = DIRECTION('',(1.,0.,0.));
#8453 = PLANE('',#8454);
#8454 = AXIS2_PLACEMENT_3D('',#8455,#8456,#8457);
#8455 = CARTESIAN_POINT('',(-1.6822E-13,-1.4,-2.455333978938E-02));
#8456 = DIRECTION('',(0.,-1.,2.5E-16));
#8457 = DIRECTION('',(0.,2.5E-16,1.));
#8458 = ADVANCED_FACE('',(#8459),#8464,.F.);
#8459 = FACE_BOUND('',#8460,.F.);
#8460 = EDGE_LOOP('',(#8461,#8462,#8463));
#8461 = ORIENTED_EDGE('',*,*,#8441,.T.);
#8462 = ORIENTED_EDGE('',*,*,#8384,.T.);
#8463 = ORIENTED_EDGE('',*,*,#8240,.T.);
#8464 = PLANE('',#8465);
#8465 = AXIS2_PLACEMENT_3D('',#8466,#8467,#8468);
#8466 = CARTESIAN_POINT('',(-1.3125,-1.1125,-0.34));
#8467 = DIRECTION('',(0.,-2.2E-16,1.));
#8468 = DIRECTION('',(1.,0.,0.));
#8469 = ADVANCED_FACE('',(#8470),#8489,.T.);
#8470 = FACE_BOUND('',#8471,.T.);
#8471 = EDGE_LOOP('',(#8472,#8473,#8482,#8488));
#8472 = ORIENTED_EDGE('',*,*,#8303,.T.);
#8473 = ORIENTED_EDGE('',*,*,#8474,.F.);
#8474 = EDGE_CURVE('',#8475,#8296,#8477,.T.);
#8475 = VERTEX_POINT('',#8476);
#8476 = CARTESIAN_POINT('',(1.59995,1.39995,-0.84));
#8477 = ELLIPSE('',#8478,7.071067811865E-05,5.E-05);
#8478 = AXIS2_PLACEMENT_3D('',#8479,#8480,#8481);
#8479 = CARTESIAN_POINT('',(1.59995,1.39995,-0.83995));
#8480 = DIRECTION('',(0.707106781187,-0.707106781187,1.599999999999E-16)
  );
#8481 = DIRECTION('',(-0.707106781187,-0.707106781187,1.599999999999E-16
    ));
#8482 = ORIENTED_EDGE('',*,*,#8483,.F.);
#8483 = EDGE_CURVE('',#8318,#8475,#8484,.T.);
#8484 = LINE('',#8485,#8486);
#8485 = CARTESIAN_POINT('',(-1.6,1.39995,-0.84));
#8486 = VECTOR('',#8487,1.);
#8487 = DIRECTION('',(1.,0.,0.));
#8488 = ORIENTED_EDGE('',*,*,#8317,.F.);
#8489 = CYLINDRICAL_SURFACE('',#8490,5.E-05);
#8490 = AXIS2_PLACEMENT_3D('',#8491,#8492,#8493);
#8491 = CARTESIAN_POINT('',(-1.6,1.39995,-0.83995));
#8492 = DIRECTION('',(1.,0.,0.));
#8493 = DIRECTION('',(0.,1.,-2.5E-16));
#8494 = ADVANCED_FACE('',(#8495),#8511,.F.);
#8495 = FACE_BOUND('',#8496,.F.);
#8496 = EDGE_LOOP('',(#8497,#8498,#8504,#8505));
#8497 = ORIENTED_EDGE('',*,*,#8295,.F.);
#8498 = ORIENTED_EDGE('',*,*,#8499,.T.);
#8499 = EDGE_CURVE('',#8296,#8416,#8500,.T.);
#8500 = LINE('',#8501,#8502);
#8501 = CARTESIAN_POINT('',(1.6,1.4,-0.83995));
#8502 = VECTOR('',#8503,1.);
#8503 = DIRECTION('',(0.,-1.,2.2E-16));
#8504 = ORIENTED_EDGE('',*,*,#8415,.T.);
#8505 = ORIENTED_EDGE('',*,*,#8506,.F.);
#8506 = EDGE_CURVE('',#8288,#8418,#8507,.T.);
#8507 = LINE('',#8508,#8509);
#8508 = CARTESIAN_POINT('',(1.6,1.4,0.15));
#8509 = VECTOR('',#8510,1.);
#8510 = DIRECTION('',(0.,-1.,2.2E-16));
#8511 = PLANE('',#8512);
#8512 = AXIS2_PLACEMENT_3D('',#8513,#8514,#8515);
#8513 = CARTESIAN_POINT('',(1.6,1.4,-0.84));
#8514 = DIRECTION('',(-1.,0.,0.));
#8515 = DIRECTION('',(0.,2.2E-16,1.));
#8516 = ADVANCED_FACE('',(#8517),#8610,.T.);
#8517 = FACE_BOUND('',#8518,.T.);
#8518 = EDGE_LOOP('',(#8519,#8527,#8528,#8536,#8545,#8553,#8561,#8570,
    #8578,#8587,#8595,#8603));
#8519 = ORIENTED_EDGE('',*,*,#8520,.T.);
#8520 = EDGE_CURVE('',#8521,#8280,#8523,.T.);
#8521 = VERTEX_POINT('',#8522);
#8522 = CARTESIAN_POINT('',(1.464049765445,1.313472197661,0.640723552549
    ));
#8523 = LINE('',#8524,#8525);
#8524 = CARTESIAN_POINT('',(1.604984244352,1.447553773077,
    -0.119690848846));
#8525 = VECTOR('',#8526,1.);
#8526 = DIRECTION('',(0.179556884817,0.17082597658,-0.968802255798));
#8527 = ORIENTED_EDGE('',*,*,#8279,.T.);
#8528 = ORIENTED_EDGE('',*,*,#8529,.F.);
#8529 = EDGE_CURVE('',#8530,#8272,#8532,.T.);
#8530 = VERTEX_POINT('',#8531);
#8531 = CARTESIAN_POINT('',(-1.464049765445,1.313472197661,
    0.640723552549));
#8532 = LINE('',#8533,#8534);
#8533 = CARTESIAN_POINT('',(-1.454881506202,1.304749742711,
    0.690191052756));
#8534 = VECTOR('',#8535,1.);
#8535 = DIRECTION('',(-0.179556884817,0.17082597658,-0.968802255798));
#8536 = ORIENTED_EDGE('',*,*,#8537,.T.);
#8537 = EDGE_CURVE('',#8530,#8538,#8540,.T.);
#8538 = VERTEX_POINT('',#8539);
#8539 = CARTESIAN_POINT('',(-1.365724274689,1.299052803596,0.7225));
#8540 = ELLIPSE('',#8541,0.101542661187,0.1);
#8541 = AXIS2_PLACEMENT_3D('',#8542,#8543,#8544);
#8542 = CARTESIAN_POINT('',(-1.365724274689,1.316685501658,0.6225));
#8543 = DIRECTION('',(-8.999999999996E-17,0.984807753028,0.17364817758)
  );
#8544 = DIRECTION('',(5.099999999998E-16,0.17364817758,-0.984807753028)
  );
#8545 = ORIENTED_EDGE('',*,*,#8546,.F.);
#8546 = EDGE_CURVE('',#8547,#8538,#8549,.T.);
#8547 = VERTEX_POINT('',#8548);
#8548 = CARTESIAN_POINT('',(-0.794,1.299052803596,0.7225));
#8549 = LINE('',#8550,#8551);
#8550 = CARTESIAN_POINT('',(1.644985196567,1.299052803596,0.7225));
#8551 = VECTOR('',#8552,1.);
#8552 = DIRECTION('',(-1.,-9.E-17,0.));
#8553 = ORIENTED_EDGE('',*,*,#8554,.F.);
#8554 = EDGE_CURVE('',#8555,#8547,#8557,.T.);
#8555 = VERTEX_POINT('',#8556);
#8556 = CARTESIAN_POINT('',(-0.755580934477,1.273770705299,0.86588190451
    ));
#8557 = LINE('',#8558,#8559);
#8558 = CARTESIAN_POINT('',(-0.690485079301,1.230933645445,
    1.108822943391));
#8559 = VECTOR('',#8560,1.);
#8560 = DIRECTION('',(-0.255144817825,0.167900917853,-0.95221342341));
#8561 = ORIENTED_EDGE('',*,*,#8562,.T.);
#8562 = EDGE_CURVE('',#8555,#8563,#8565,.T.);
#8563 = VERTEX_POINT('',#8564);
#8564 = CARTESIAN_POINT('',(-0.658988351848,1.260701685312,0.94));
#8565 = ELLIPSE('',#8566,0.101542661187,0.1);
#8566 = AXIS2_PLACEMENT_3D('',#8567,#8568,#8569);
#8567 = CARTESIAN_POINT('',(-0.658988351848,1.278334383374,0.84));
#8568 = DIRECTION('',(-8.999999999996E-17,0.984807753028,0.17364817758)
  );
#8569 = DIRECTION('',(5.099999999998E-16,0.17364817758,-0.984807753028)
  );
#8570 = ORIENTED_EDGE('',*,*,#8571,.F.);
#8571 = EDGE_CURVE('',#8572,#8563,#8574,.T.);
#8572 = VERTEX_POINT('',#8573);
#8573 = CARTESIAN_POINT('',(0.658988351848,1.260701685312,0.94));
#8574 = LINE('',#8575,#8576);
#8575 = CARTESIAN_POINT('',(4.655694667823,1.260701685312,0.94));
#8576 = VECTOR('',#8577,1.);
#8577 = DIRECTION('',(-1.,-1.1E-16,1.1E-16));
#8578 = ORIENTED_EDGE('',*,*,#8579,.T.);
#8579 = EDGE_CURVE('',#8572,#8580,#8582,.T.);
#8580 = VERTEX_POINT('',#8581);
#8581 = CARTESIAN_POINT('',(0.755580934477,1.273770705299,0.86588190451)
  );
#8582 = ELLIPSE('',#8583,0.101542661187,0.1);
#8583 = AXIS2_PLACEMENT_3D('',#8584,#8585,#8586);
#8584 = CARTESIAN_POINT('',(0.658988351848,1.278334383374,0.84));
#8585 = DIRECTION('',(-8.999999999996E-17,0.984807753028,0.17364817758)
  );
#8586 = DIRECTION('',(5.099999999998E-16,0.17364817758,-0.984807753028)
  );
#8587 = ORIENTED_EDGE('',*,*,#8588,.T.);
#8588 = EDGE_CURVE('',#8580,#8589,#8591,.T.);
#8589 = VERTEX_POINT('',#8590);
#8590 = CARTESIAN_POINT('',(0.794,1.299052803596,0.7225));
#8591 = LINE('',#8592,#8593);
#8592 = CARTESIAN_POINT('',(0.993565578779,1.430379177906,
    -2.22888794447E-02));
#8593 = VECTOR('',#8594,1.);
#8594 = DIRECTION('',(0.255144817825,0.167900917853,-0.95221342341));
#8595 = ORIENTED_EDGE('',*,*,#8596,.T.);
#8596 = EDGE_CURVE('',#8589,#8597,#8599,.T.);
#8597 = VERTEX_POINT('',#8598);
#8598 = CARTESIAN_POINT('',(1.365724274689,1.299052803596,0.7225));
#8599 = LINE('',#8600,#8601);
#8600 = CARTESIAN_POINT('',(3.010709471256,1.299052803596,0.7225));
#8601 = VECTOR('',#8602,1.);
#8602 = DIRECTION('',(1.,9.E-17,0.));
#8603 = ORIENTED_EDGE('',*,*,#8604,.T.);
#8604 = EDGE_CURVE('',#8597,#8521,#8605,.T.);
#8605 = ELLIPSE('',#8606,0.101542661187,0.1);
#8606 = AXIS2_PLACEMENT_3D('',#8607,#8608,#8609);
#8607 = CARTESIAN_POINT('',(1.365724274689,1.316685501658,0.6225));
#8608 = DIRECTION('',(-8.999999999996E-17,0.984807753028,0.17364817758)
  );
#8609 = DIRECTION('',(5.099999999998E-16,0.17364817758,-0.984807753028)
  );
#8610 = PLANE('',#8611);
#8611 = AXIS2_PLACEMENT_3D('',#8612,#8613,#8614);
#8612 = CARTESIAN_POINT('',(4.655694667823,1.4,0.15));
#8613 = DIRECTION('',(-8.999999999996E-17,0.984807753028,0.17364817758)
  );
#8614 = DIRECTION('',(2.999999999999E-16,-0.17364817758,0.984807753028)
  );
#8615 = ADVANCED_FACE('',(#8616),#8627,.F.);
#8616 = FACE_BOUND('',#8617,.F.);
#8617 = EDGE_LOOP('',(#8618,#8619,#8620,#8621));
#8618 = ORIENTED_EDGE('',*,*,#8287,.F.);
#8619 = ORIENTED_EDGE('',*,*,#8506,.T.);
#8620 = ORIENTED_EDGE('',*,*,#8425,.T.);
#8621 = ORIENTED_EDGE('',*,*,#8622,.F.);
#8622 = EDGE_CURVE('',#8280,#8426,#8623,.T.);
#8623 = LINE('',#8624,#8625);
#8624 = CARTESIAN_POINT('',(1.555,1.4,0.15));
#8625 = VECTOR('',#8626,1.);
#8626 = DIRECTION('',(0.,-1.,2.2E-16));
#8627 = PLANE('',#8628);
#8628 = AXIS2_PLACEMENT_3D('',#8629,#8630,#8631);
#8629 = CARTESIAN_POINT('',(1.6,1.4,0.15));
#8630 = DIRECTION('',(0.,-2.2E-16,-1.));
#8631 = DIRECTION('',(-1.,-0.,0.));
#8632 = ADVANCED_FACE('',(#8633,#8652),#8663,.F.);
#8633 = FACE_BOUND('',#8634,.F.);
#8634 = EDGE_LOOP('',(#8635,#8636,#8644,#8650,#8651));
#8635 = ORIENTED_EDGE('',*,*,#8392,.F.);
#8636 = ORIENTED_EDGE('',*,*,#8637,.T.);
#8637 = EDGE_CURVE('',#8393,#8638,#8640,.T.);
#8638 = VERTEX_POINT('',#8639);
#8639 = CARTESIAN_POINT('',(1.59995,-1.39995,-0.84));
#8640 = LINE('',#8641,#8642);
#8641 = CARTESIAN_POINT('',(-0.786827201636,-1.39995,-0.84));
#8642 = VECTOR('',#8643,1.);
#8643 = DIRECTION('',(1.,0.,0.));
#8644 = ORIENTED_EDGE('',*,*,#8645,.F.);
#8645 = EDGE_CURVE('',#8475,#8638,#8646,.T.);
#8646 = LINE('',#8647,#8648);
#8647 = CARTESIAN_POINT('',(1.59995,1.4,-0.84));
#8648 = VECTOR('',#8649,1.);
#8649 = DIRECTION('',(0.,-1.,2.2E-16));
#8650 = ORIENTED_EDGE('',*,*,#8483,.F.);
#8651 = ORIENTED_EDGE('',*,*,#8326,.T.);
#8652 = FACE_BOUND('',#8653,.F.);
#8653 = EDGE_LOOP('',(#8654));
#8654 = ORIENTED_EDGE('',*,*,#8655,.F.);
#8655 = EDGE_CURVE('',#8656,#8656,#8658,.T.);
#8656 = VERTEX_POINT('',#8657);
#8657 = CARTESIAN_POINT('',(1.2,0.,-0.84));
#8658 = CIRCLE('',#8659,1.2);
#8659 = AXIS2_PLACEMENT_3D('',#8660,#8661,#8662);
#8660 = CARTESIAN_POINT('',(0.,-1.9E-16,-0.84));
#8661 = DIRECTION('',(-0.,2.2E-16,1.));
#8662 = DIRECTION('',(1.,0.,0.));
#8663 = PLANE('',#8664);
#8664 = AXIS2_PLACEMENT_3D('',#8665,#8666,#8667);
#8665 = CARTESIAN_POINT('',(-1.6,1.4,-0.84));
#8666 = DIRECTION('',(0.,2.2E-16,1.));
#8667 = DIRECTION('',(1.,0.,-0.));
#8668 = ADVANCED_FACE('',(#8669),#8687,.T.);
#8669 = FACE_BOUND('',#8670,.T.);
#8670 = EDGE_LOOP('',(#8671,#8672,#8673,#8681));
#8671 = ORIENTED_EDGE('',*,*,#8529,.T.);
#8672 = ORIENTED_EDGE('',*,*,#8351,.T.);
#8673 = ORIENTED_EDGE('',*,*,#8674,.F.);
#8674 = EDGE_CURVE('',#8675,#8352,#8677,.T.);
#8675 = VERTEX_POINT('',#8676);
#8676 = CARTESIAN_POINT('',(-1.464049765445,-1.313472197661,
    0.640723552549));
#8677 = LINE('',#8678,#8679);
#8678 = CARTESIAN_POINT('',(-1.411939333921,-1.263895622726,0.9218862808
    ));
#8679 = VECTOR('',#8680,1.);
#8680 = DIRECTION('',(-0.179556884817,-0.17082597658,-0.968802255798));
#8681 = ORIENTED_EDGE('',*,*,#8682,.F.);
#8682 = EDGE_CURVE('',#8530,#8675,#8683,.T.);
#8683 = LINE('',#8684,#8685);
#8684 = CARTESIAN_POINT('',(-1.464049765445,1.4,0.640723552549));
#8685 = VECTOR('',#8686,1.);
#8686 = DIRECTION('',(0.,-1.,2.2E-16));
#8687 = PLANE('',#8688);
#8688 = AXIS2_PLACEMENT_3D('',#8689,#8690,#8691);
#8689 = CARTESIAN_POINT('',(-1.555,1.4,0.15));
#8690 = DIRECTION('',(-0.983254907564,4.E-17,0.182235525492));
#8691 = DIRECTION('',(0.182235525492,2.2E-16,0.983254907564));
#8692 = ADVANCED_FACE('',(#8693),#8705,.T.);
#8693 = FACE_BOUND('',#8694,.T.);
#8694 = EDGE_LOOP('',(#8695,#8696,#8703,#8704));
#8695 = ORIENTED_EDGE('',*,*,#8637,.T.);
#8696 = ORIENTED_EDGE('',*,*,#8697,.T.);
#8697 = EDGE_CURVE('',#8638,#8416,#8698,.T.);
#8698 = ELLIPSE('',#8699,7.071067811865E-05,5.E-05);
#8699 = AXIS2_PLACEMENT_3D('',#8700,#8701,#8702);
#8700 = CARTESIAN_POINT('',(1.59995,-1.39995,-0.83995));
#8701 = DIRECTION('',(-0.707106781187,-0.707106781187,1.599999999999E-16
    ));
#8702 = DIRECTION('',(0.707106781187,-0.707106781187,1.599999999999E-16)
  );
#8703 = ORIENTED_EDGE('',*,*,#8448,.F.);
#8704 = ORIENTED_EDGE('',*,*,#8400,.F.);
#8705 = CYLINDRICAL_SURFACE('',#8706,5.E-05);
#8706 = AXIS2_PLACEMENT_3D('',#8707,#8708,#8709);
#8707 = CARTESIAN_POINT('',(-0.786827201636,-1.39995,-0.83995));
#8708 = DIRECTION('',(1.,0.,0.));
#8709 = DIRECTION('',(0.,-2.2E-16,-1.));
#8710 = ADVANCED_FACE('',(#8711),#8797,.F.);
#8711 = FACE_BOUND('',#8712,.F.);
#8712 = EDGE_LOOP('',(#8713,#8721,#8722,#8723,#8732,#8740,#8748,#8757,
    #8765,#8774,#8782,#8790));
#8713 = ORIENTED_EDGE('',*,*,#8714,.T.);
#8714 = EDGE_CURVE('',#8715,#8426,#8717,.T.);
#8715 = VERTEX_POINT('',#8716);
#8716 = CARTESIAN_POINT('',(1.464049765445,-1.313472197661,
    0.640723552549));
#8717 = LINE('',#8718,#8719);
#8718 = CARTESIAN_POINT('',(1.562042072071,-1.406699653093,
    0.112004379198));
#8719 = VECTOR('',#8720,1.);
#8720 = DIRECTION('',(0.179556884817,-0.17082597658,-0.968802255798));
#8721 = ORIENTED_EDGE('',*,*,#8433,.T.);
#8722 = ORIENTED_EDGE('',*,*,#8674,.F.);
#8723 = ORIENTED_EDGE('',*,*,#8724,.T.);
#8724 = EDGE_CURVE('',#8675,#8725,#8727,.T.);
#8725 = VERTEX_POINT('',#8726);
#8726 = CARTESIAN_POINT('',(-1.365724274689,-1.299052803596,0.7225));
#8727 = ELLIPSE('',#8728,0.101542661187,0.1);
#8728 = AXIS2_PLACEMENT_3D('',#8729,#8730,#8731);
#8729 = CARTESIAN_POINT('',(-1.365724274689,-1.316685501658,0.6225));
#8730 = DIRECTION('',(0.,0.984807753028,-0.17364817758));
#8731 = DIRECTION('',(0.,0.17364817758,0.984807753028));
#8732 = ORIENTED_EDGE('',*,*,#8733,.F.);
#8733 = EDGE_CURVE('',#8734,#8725,#8736,.T.);
#8734 = VERTEX_POINT('',#8735);
#8735 = CARTESIAN_POINT('',(-0.794,-1.299052803596,0.7225));
#8736 = LINE('',#8737,#8738);
#8737 = CARTESIAN_POINT('',(1.644985196567,-1.299052803596,0.7225));
#8738 = VECTOR('',#8739,1.);
#8739 = DIRECTION('',(-1.,0.,0.));
#8740 = ORIENTED_EDGE('',*,*,#8741,.F.);
#8741 = EDGE_CURVE('',#8742,#8734,#8744,.T.);
#8742 = VERTEX_POINT('',#8743);
#8743 = CARTESIAN_POINT('',(-0.755580934477,-1.273770705299,
    0.86588190451));
#8744 = LINE('',#8745,#8746);
#8745 = CARTESIAN_POINT('',(-0.630510410563,-1.191466639943,
    1.332651454287));
#8746 = VECTOR('',#8747,1.);
#8747 = DIRECTION('',(-0.255144817825,-0.167900917853,-0.95221342341));
#8748 = ORIENTED_EDGE('',*,*,#8749,.T.);
#8749 = EDGE_CURVE('',#8742,#8750,#8752,.T.);
#8750 = VERTEX_POINT('',#8751);
#8751 = CARTESIAN_POINT('',(-0.658988351848,-1.260701685312,0.94));
#8752 = ELLIPSE('',#8753,0.101542661187,0.1);
#8753 = AXIS2_PLACEMENT_3D('',#8754,#8755,#8756);
#8754 = CARTESIAN_POINT('',(-0.658988351848,-1.278334383374,0.84));
#8755 = DIRECTION('',(0.,0.984807753028,-0.17364817758));
#8756 = DIRECTION('',(0.,0.17364817758,0.984807753028));
#8757 = ORIENTED_EDGE('',*,*,#8758,.F.);
#8758 = EDGE_CURVE('',#8759,#8750,#8761,.T.);
#8759 = VERTEX_POINT('',#8760);
#8760 = CARTESIAN_POINT('',(0.658988351848,-1.260701685312,0.94));
#8761 = LINE('',#8762,#8763);
#8762 = CARTESIAN_POINT('',(4.655694667823,-1.260701685312,0.94));
#8763 = VECTOR('',#8764,1.);
#8764 = DIRECTION('',(-1.,0.,0.));
#8765 = ORIENTED_EDGE('',*,*,#8766,.T.);
#8766 = EDGE_CURVE('',#8759,#8767,#8769,.T.);
#8767 = VERTEX_POINT('',#8768);
#8768 = CARTESIAN_POINT('',(0.755580934477,-1.273770705299,0.86588190451
    ));
#8769 = ELLIPSE('',#8770,0.101542661187,0.1);
#8770 = AXIS2_PLACEMENT_3D('',#8771,#8772,#8773);
#8771 = CARTESIAN_POINT('',(0.658988351848,-1.278334383374,0.84));
#8772 = DIRECTION('',(0.,0.984807753028,-0.17364817758));
#8773 = DIRECTION('',(0.,0.17364817758,0.984807753028));
#8774 = ORIENTED_EDGE('',*,*,#8775,.T.);
#8775 = EDGE_CURVE('',#8767,#8776,#8778,.T.);
#8776 = VERTEX_POINT('',#8777);
#8777 = CARTESIAN_POINT('',(0.794,-1.299052803596,0.7225));
#8778 = LINE('',#8779,#8780);
#8779 = CARTESIAN_POINT('',(0.933590910041,-1.390912172404,
    0.201539631451));
#8780 = VECTOR('',#8781,1.);
#8781 = DIRECTION('',(0.255144817825,-0.167900917853,-0.95221342341));
#8782 = ORIENTED_EDGE('',*,*,#8783,.T.);
#8783 = EDGE_CURVE('',#8776,#8784,#8786,.T.);
#8784 = VERTEX_POINT('',#8785);
#8785 = CARTESIAN_POINT('',(1.365724274689,-1.299052803596,0.7225));
#8786 = LINE('',#8787,#8788);
#8787 = CARTESIAN_POINT('',(3.010709471256,-1.299052803596,0.7225));
#8788 = VECTOR('',#8789,1.);
#8789 = DIRECTION('',(1.,0.,0.));
#8790 = ORIENTED_EDGE('',*,*,#8791,.T.);
#8791 = EDGE_CURVE('',#8784,#8715,#8792,.T.);
#8792 = ELLIPSE('',#8793,0.101542661187,0.1);
#8793 = AXIS2_PLACEMENT_3D('',#8794,#8795,#8796);
#8794 = CARTESIAN_POINT('',(1.365724274689,-1.316685501658,0.6225));
#8795 = DIRECTION('',(0.,0.984807753028,-0.17364817758));
#8796 = DIRECTION('',(0.,0.17364817758,0.984807753028));
#8797 = PLANE('',#8798);
#8798 = AXIS2_PLACEMENT_3D('',#8799,#8800,#8801);
#8799 = CARTESIAN_POINT('',(4.655694667823,-1.4,0.15));
#8800 = DIRECTION('',(0.,0.984807753028,-0.17364817758));
#8801 = DIRECTION('',(0.,0.17364817758,0.984807753028));
#8802 = ADVANCED_FACE('',(#8803),#8809,.T.);
#8803 = FACE_BOUND('',#8804,.T.);
#8804 = EDGE_LOOP('',(#8805,#8806,#8807,#8808));
#8805 = ORIENTED_EDGE('',*,*,#8474,.T.);
#8806 = ORIENTED_EDGE('',*,*,#8499,.T.);
#8807 = ORIENTED_EDGE('',*,*,#8697,.F.);
#8808 = ORIENTED_EDGE('',*,*,#8645,.F.);
#8809 = CYLINDRICAL_SURFACE('',#8810,5.E-05);
#8810 = AXIS2_PLACEMENT_3D('',#8811,#8812,#8813);
#8811 = CARTESIAN_POINT('',(1.59995,1.4,-0.83995));
#8812 = DIRECTION('',(0.,-1.,2.2E-16));
#8813 = DIRECTION('',(0.,-2.2E-16,-1.));
#8814 = ADVANCED_FACE('',(#8815),#8826,.T.);
#8815 = FACE_BOUND('',#8816,.F.);
#8816 = EDGE_LOOP('',(#8817,#8818,#8819,#8820));
#8817 = ORIENTED_EDGE('',*,*,#8520,.T.);
#8818 = ORIENTED_EDGE('',*,*,#8622,.T.);
#8819 = ORIENTED_EDGE('',*,*,#8714,.F.);
#8820 = ORIENTED_EDGE('',*,*,#8821,.F.);
#8821 = EDGE_CURVE('',#8521,#8715,#8822,.T.);
#8822 = LINE('',#8823,#8824);
#8823 = CARTESIAN_POINT('',(1.464049765445,1.4,0.640723552549));
#8824 = VECTOR('',#8825,1.);
#8825 = DIRECTION('',(0.,-1.,2.2E-16));
#8826 = PLANE('',#8827);
#8827 = AXIS2_PLACEMENT_3D('',#8828,#8829,#8830);
#8828 = CARTESIAN_POINT('',(1.555,1.4,0.15));
#8829 = DIRECTION('',(0.983254907564,4.E-17,0.182235525492));
#8830 = DIRECTION('',(0.182235525492,-2.2E-16,-0.983254907564));
#8831 = ADVANCED_FACE('',(#8832),#8843,.T.);
#8832 = FACE_BOUND('',#8833,.T.);
#8833 = EDGE_LOOP('',(#8834,#8835,#8841,#8842));
#8834 = ORIENTED_EDGE('',*,*,#8604,.F.);
#8835 = ORIENTED_EDGE('',*,*,#8836,.T.);
#8836 = EDGE_CURVE('',#8597,#8784,#8837,.T.);
#8837 = LINE('',#8838,#8839);
#8838 = CARTESIAN_POINT('',(1.365724274689,1.4,0.7225));
#8839 = VECTOR('',#8840,1.);
#8840 = DIRECTION('',(0.,-1.,2.2E-16));
#8841 = ORIENTED_EDGE('',*,*,#8791,.T.);
#8842 = ORIENTED_EDGE('',*,*,#8821,.F.);
#8843 = CYLINDRICAL_SURFACE('',#8844,0.1);
#8844 = AXIS2_PLACEMENT_3D('',#8845,#8846,#8847);
#8845 = CARTESIAN_POINT('',(1.365724274689,1.4,0.6225));
#8846 = DIRECTION('',(0.,1.,-2.2E-16));
#8847 = DIRECTION('',(-1.,0.,0.));
#8848 = ADVANCED_FACE('',(#8849),#8860,.T.);
#8849 = FACE_BOUND('',#8850,.F.);
#8850 = EDGE_LOOP('',(#8851,#8852,#8853,#8854));
#8851 = ORIENTED_EDGE('',*,*,#8596,.T.);
#8852 = ORIENTED_EDGE('',*,*,#8836,.T.);
#8853 = ORIENTED_EDGE('',*,*,#8783,.F.);
#8854 = ORIENTED_EDGE('',*,*,#8855,.F.);
#8855 = EDGE_CURVE('',#8589,#8776,#8856,.T.);
#8856 = LINE('',#8857,#8858);
#8857 = CARTESIAN_POINT('',(0.794,1.4,0.7225));
#8858 = VECTOR('',#8859,1.);
#8859 = DIRECTION('',(0.,-1.,2.2E-16));
#8860 = PLANE('',#8861);
#8861 = AXIS2_PLACEMENT_3D('',#8862,#8863,#8864);
#8862 = CARTESIAN_POINT('',(1.365724274689,1.4,0.7225));
#8863 = DIRECTION('',(0.,2.2E-16,1.));
#8864 = DIRECTION('',(1.,0.,-0.));
#8865 = ADVANCED_FACE('',(#8866),#8877,.T.);
#8866 = FACE_BOUND('',#8867,.F.);
#8867 = EDGE_LOOP('',(#8868,#8869,#8870,#8871));
#8868 = ORIENTED_EDGE('',*,*,#8588,.T.);
#8869 = ORIENTED_EDGE('',*,*,#8855,.T.);
#8870 = ORIENTED_EDGE('',*,*,#8775,.F.);
#8871 = ORIENTED_EDGE('',*,*,#8872,.F.);
#8872 = EDGE_CURVE('',#8580,#8767,#8873,.T.);
#8873 = LINE('',#8874,#8875);
#8874 = CARTESIAN_POINT('',(0.755580934477,1.4,0.86588190451));
#8875 = VECTOR('',#8876,1.);
#8876 = DIRECTION('',(0.,-1.,2.2E-16));
#8877 = PLANE('',#8878);
#8878 = AXIS2_PLACEMENT_3D('',#8879,#8880,#8881);
#8879 = CARTESIAN_POINT('',(0.794,1.4,0.7225));
#8880 = DIRECTION('',(0.965925826289,6.E-17,0.258819045103));
#8881 = DIRECTION('',(0.258819045103,-2.1E-16,-0.965925826289));
#8882 = ADVANCED_FACE('',(#8883),#8894,.T.);
#8883 = FACE_BOUND('',#8884,.T.);
#8884 = EDGE_LOOP('',(#8885,#8886,#8892,#8893));
#8885 = ORIENTED_EDGE('',*,*,#8579,.F.);
#8886 = ORIENTED_EDGE('',*,*,#8887,.T.);
#8887 = EDGE_CURVE('',#8572,#8759,#8888,.T.);
#8888 = LINE('',#8889,#8890);
#8889 = CARTESIAN_POINT('',(0.658988351848,1.4,0.94));
#8890 = VECTOR('',#8891,1.);
#8891 = DIRECTION('',(0.,-1.,2.2E-16));
#8892 = ORIENTED_EDGE('',*,*,#8766,.T.);
#8893 = ORIENTED_EDGE('',*,*,#8872,.F.);
#8894 = CYLINDRICAL_SURFACE('',#8895,0.1);
#8895 = AXIS2_PLACEMENT_3D('',#8896,#8897,#8898);
#8896 = CARTESIAN_POINT('',(0.658988351848,1.4,0.84));
#8897 = DIRECTION('',(0.,1.,-2.2E-16));
#8898 = DIRECTION('',(-1.,0.,0.));
#8899 = ADVANCED_FACE('',(#8900,#8911),#8922,.T.);
#8900 = FACE_BOUND('',#8901,.T.);
#8901 = EDGE_LOOP('',(#8902,#8903,#8909,#8910));
#8902 = ORIENTED_EDGE('',*,*,#8571,.T.);
#8903 = ORIENTED_EDGE('',*,*,#8904,.T.);
#8904 = EDGE_CURVE('',#8563,#8750,#8905,.T.);
#8905 = LINE('',#8906,#8907);
#8906 = CARTESIAN_POINT('',(-0.658988351848,1.4,0.94));
#8907 = VECTOR('',#8908,1.);
#8908 = DIRECTION('',(0.,-1.,2.2E-16));
#8909 = ORIENTED_EDGE('',*,*,#8758,.F.);
#8910 = ORIENTED_EDGE('',*,*,#8887,.F.);
#8911 = FACE_BOUND('',#8912,.T.);
#8912 = EDGE_LOOP('',(#8913));
#8913 = ORIENTED_EDGE('',*,*,#8914,.F.);
#8914 = EDGE_CURVE('',#8915,#8915,#8917,.T.);
#8915 = VERTEX_POINT('',#8916);
#8916 = CARTESIAN_POINT('',(0.475,0.,0.94));
#8917 = CIRCLE('',#8918,0.475);
#8918 = AXIS2_PLACEMENT_3D('',#8919,#8920,#8921);
#8919 = CARTESIAN_POINT('',(0.,2.1E-16,0.94));
#8920 = DIRECTION('',(-0.,2.2E-16,1.));
#8921 = DIRECTION('',(1.,0.,0.));
#8922 = PLANE('',#8923);
#8923 = AXIS2_PLACEMENT_3D('',#8924,#8925,#8926);
#8924 = CARTESIAN_POINT('',(0.,2.4E-16,0.94));
#8925 = DIRECTION('',(0.,2.3E-16,1.));
#8926 = DIRECTION('',(0.,-1.,2.3E-16));
#8927 = ADVANCED_FACE('',(#8928),#8939,.T.);
#8928 = FACE_BOUND('',#8929,.T.);
#8929 = EDGE_LOOP('',(#8930,#8936,#8937,#8938));
#8930 = ORIENTED_EDGE('',*,*,#8931,.T.);
#8931 = EDGE_CURVE('',#8555,#8742,#8932,.T.);
#8932 = LINE('',#8933,#8934);
#8933 = CARTESIAN_POINT('',(-0.755580934477,1.4,0.86588190451));
#8934 = VECTOR('',#8935,1.);
#8935 = DIRECTION('',(0.,-1.,2.2E-16));
#8936 = ORIENTED_EDGE('',*,*,#8749,.T.);
#8937 = ORIENTED_EDGE('',*,*,#8904,.F.);
#8938 = ORIENTED_EDGE('',*,*,#8562,.F.);
#8939 = CYLINDRICAL_SURFACE('',#8940,0.1);
#8940 = AXIS2_PLACEMENT_3D('',#8941,#8942,#8943);
#8941 = CARTESIAN_POINT('',(-0.658988351848,1.4,0.84));
#8942 = DIRECTION('',(0.,1.,-2.2E-16));
#8943 = DIRECTION('',(1.,0.,0.));
#8944 = ADVANCED_FACE('',(#8945),#8956,.T.);
#8945 = FACE_BOUND('',#8946,.T.);
#8946 = EDGE_LOOP('',(#8947,#8948,#8954,#8955));
#8947 = ORIENTED_EDGE('',*,*,#8554,.T.);
#8948 = ORIENTED_EDGE('',*,*,#8949,.T.);
#8949 = EDGE_CURVE('',#8547,#8734,#8950,.T.);
#8950 = LINE('',#8951,#8952);
#8951 = CARTESIAN_POINT('',(-0.794,1.4,0.7225));
#8952 = VECTOR('',#8953,1.);
#8953 = DIRECTION('',(0.,-1.,2.2E-16));
#8954 = ORIENTED_EDGE('',*,*,#8741,.F.);
#8955 = ORIENTED_EDGE('',*,*,#8931,.F.);
#8956 = PLANE('',#8957);
#8957 = AXIS2_PLACEMENT_3D('',#8958,#8959,#8960);
#8958 = CARTESIAN_POINT('',(-0.794,1.4,0.7225));
#8959 = DIRECTION('',(-0.965925826289,6.E-17,0.258819045103));
#8960 = DIRECTION('',(0.258819045103,2.1E-16,0.965925826289));
#8961 = ADVANCED_FACE('',(#8962),#8973,.T.);
#8962 = FACE_BOUND('',#8963,.T.);
#8963 = EDGE_LOOP('',(#8964,#8965,#8971,#8972));
#8964 = ORIENTED_EDGE('',*,*,#8546,.T.);
#8965 = ORIENTED_EDGE('',*,*,#8966,.T.);
#8966 = EDGE_CURVE('',#8538,#8725,#8967,.T.);
#8967 = LINE('',#8968,#8969);
#8968 = CARTESIAN_POINT('',(-1.365724274689,1.4,0.7225));
#8969 = VECTOR('',#8970,1.);
#8970 = DIRECTION('',(0.,-1.,2.2E-16));
#8971 = ORIENTED_EDGE('',*,*,#8733,.F.);
#8972 = ORIENTED_EDGE('',*,*,#8949,.F.);
#8973 = PLANE('',#8974);
#8974 = AXIS2_PLACEMENT_3D('',#8975,#8976,#8977);
#8975 = CARTESIAN_POINT('',(-1.365724274689,1.4,0.7225));
#8976 = DIRECTION('',(0.,2.2E-16,1.));
#8977 = DIRECTION('',(1.,0.,-0.));
#8978 = ADVANCED_FACE('',(#8979),#8985,.T.);
#8979 = FACE_BOUND('',#8980,.T.);
#8980 = EDGE_LOOP('',(#8981,#8982,#8983,#8984));
#8981 = ORIENTED_EDGE('',*,*,#8682,.T.);
#8982 = ORIENTED_EDGE('',*,*,#8724,.T.);
#8983 = ORIENTED_EDGE('',*,*,#8966,.F.);
#8984 = ORIENTED_EDGE('',*,*,#8537,.F.);
#8985 = CYLINDRICAL_SURFACE('',#8986,0.1);
#8986 = AXIS2_PLACEMENT_3D('',#8987,#8988,#8989);
#8987 = CARTESIAN_POINT('',(-1.365724274689,1.4,0.6225));
#8988 = DIRECTION('',(0.,1.,-2.2E-16));
#8989 = DIRECTION('',(1.,0.,0.));
#8990 = ADVANCED_FACE('',(#8991),#9010,.F.);
#8991 = FACE_BOUND('',#8992,.F.);
#8992 = EDGE_LOOP('',(#8993,#8994,#9002,#9009));
#8993 = ORIENTED_EDGE('',*,*,#8655,.T.);
#8994 = ORIENTED_EDGE('',*,*,#8995,.F.);
#8995 = EDGE_CURVE('',#8996,#8656,#8998,.T.);
#8996 = VERTEX_POINT('',#8997);
#8997 = CARTESIAN_POINT('',(0.9,0.,0.15));
#8998 = LINE('',#8999,#9000);
#8999 = CARTESIAN_POINT('',(0.9,-3.E-17,0.15));
#9000 = VECTOR('',#9001,1.);
#9001 = DIRECTION('',(0.290007395283,2.099999999999E-16,-0.957024404433)
  );
#9002 = ORIENTED_EDGE('',*,*,#9003,.F.);
#9003 = EDGE_CURVE('',#8996,#8996,#9004,.T.);
#9004 = CIRCLE('',#9005,0.9);
#9005 = AXIS2_PLACEMENT_3D('',#9006,#9007,#9008);
#9006 = CARTESIAN_POINT('',(0.,3.E-17,0.15));
#9007 = DIRECTION('',(-0.,2.2E-16,1.));
#9008 = DIRECTION('',(1.,0.,0.));
#9009 = ORIENTED_EDGE('',*,*,#8995,.T.);
#9010 = CONICAL_SURFACE('',#9011,0.9,0.294234565111);
#9011 = AXIS2_PLACEMENT_3D('',#9012,#9013,#9014);
#9012 = CARTESIAN_POINT('',(0.,3.E-17,0.15));
#9013 = DIRECTION('',(0.,-2.2E-16,-1.));
#9014 = DIRECTION('',(1.,0.,0.));
#9015 = ADVANCED_FACE('',(#9016),#9035,.F.);
#9016 = FACE_BOUND('',#9017,.F.);
#9017 = EDGE_LOOP('',(#9018,#9027,#9033,#9034));
#9018 = ORIENTED_EDGE('',*,*,#9019,.T.);
#9019 = EDGE_CURVE('',#9020,#9020,#9022,.T.);
#9020 = VERTEX_POINT('',#9021);
#9021 = CARTESIAN_POINT('',(0.475,0.,0.79));
#9022 = CIRCLE('',#9023,0.475);
#9023 = AXIS2_PLACEMENT_3D('',#9024,#9025,#9026);
#9024 = CARTESIAN_POINT('',(0.,1.8E-16,0.79));
#9025 = DIRECTION('',(-0.,2.2E-16,1.));
#9026 = DIRECTION('',(1.,0.,0.));
#9027 = ORIENTED_EDGE('',*,*,#9028,.F.);
#9028 = EDGE_CURVE('',#8915,#9020,#9029,.T.);
#9029 = LINE('',#9030,#9031);
#9030 = CARTESIAN_POINT('',(0.475,-2.1E-16,0.94));
#9031 = VECTOR('',#9032,1.);
#9032 = DIRECTION('',(0.,2.2E-16,-1.));
#9033 = ORIENTED_EDGE('',*,*,#8914,.F.);
#9034 = ORIENTED_EDGE('',*,*,#9028,.T.);
#9035 = CYLINDRICAL_SURFACE('',#9036,0.475);
#9036 = AXIS2_PLACEMENT_3D('',#9037,#9038,#9039);
#9037 = CARTESIAN_POINT('',(0.,2.1E-16,0.94));
#9038 = DIRECTION('',(0.,-2.2E-16,-1.));
#9039 = DIRECTION('',(1.,0.,0.));
#9040 = ADVANCED_FACE('',(#9041),#9044,.F.);
#9041 = FACE_BOUND('',#9042,.T.);
#9042 = EDGE_LOOP('',(#9043));
#9043 = ORIENTED_EDGE('',*,*,#9003,.F.);
#9044 = PLANE('',#9045);
#9045 = AXIS2_PLACEMENT_3D('',#9046,#9047,#9048);
#9046 = CARTESIAN_POINT('',(0.,3.E-17,0.15));
#9047 = DIRECTION('',(0.,2.2E-16,1.));
#9048 = DIRECTION('',(1.,0.,-0.));
#9049 = ADVANCED_FACE('',(#9050),#9053,.T.);
#9050 = FACE_BOUND('',#9051,.T.);
#9051 = EDGE_LOOP('',(#9052));
#9052 = ORIENTED_EDGE('',*,*,#9019,.T.);
#9053 = PLANE('',#9054);
#9054 = AXIS2_PLACEMENT_3D('',#9055,#9056,#9057);
#9055 = CARTESIAN_POINT('',(0.,1.8E-16,0.79));
#9056 = DIRECTION('',(0.,2.2E-16,1.));
#9057 = DIRECTION('',(1.,0.,-0.));
#9058 = ( GEOMETRIC_REPRESENTATION_CONTEXT(3) 
GLOBAL_UNCERTAINTY_ASSIGNED_CONTEXT((#9062)) 
GLOBAL_UNIT_ASSIGNED_CONTEXT((#9059,#9060,#9061)) REPRESENTATION_CONTEXT
('Context #1','3D Context with UNIT and UNCERTAINTY') );
#9059 = ( LENGTH_UNIT() NAMED_UNIT(*) SI_UNIT(.MILLI.,.METRE.) );
#9060 = ( NAMED_UNIT(*) PLANE_ANGLE_UNIT() SI_UNIT($,.RADIAN.) );
#9061 = ( NAMED_UNIT(*) SI_UNIT($,.STERADIAN.) SOLID_ANGLE_UNIT() );
#9062 = UNCERTAINTY_MEASURE_WITH_UNIT(LENGTH_MEASURE(5.E-06),#9059,
  'distance_accuracy_value','confusion accuracy');
#9063 = CONTEXT_DEPENDENT_SHAPE_REPRESENTATION(#9064,#9066);
#9064 = ( REPRESENTATION_RELATIONSHIP('','',#8207,#8168) 
REPRESENTATION_RELATIONSHIP_WITH_TRANSFORMATION(#9065) 
SHAPE_REPRESENTATION_RELATIONSHIP() );
#9065 = ITEM_DEFINED_TRANSFORMATION('','',#11,#8169);
#9066 = PRODUCT_DEFINITION_SHAPE('Placement','Placement of an item',
  #9067);
#9067 = NEXT_ASSEMBLY_USAGE_OCCURRENCE('14','Body','',#8163,#8202,$);
#9068 = PRODUCT_RELATED_PRODUCT_CATEGORY('part',$,(#8204));
#9069 = SHAPE_DEFINITION_REPRESENTATION(#9070,#9076);
#9070 = PRODUCT_DEFINITION_SHAPE('','',#9071);
#9071 = PRODUCT_DEFINITION('design','',#9072,#9075);
#9072 = PRODUCT_DEFINITION_FORMATION('','',#9073);
#9073 = PRODUCT('Pin1','Pin1','',(#9074));
#9074 = PRODUCT_CONTEXT('',#2,'mechanical');
#9075 = PRODUCT_DEFINITION_CONTEXT('part definition',#2,'design');
#9076 = ADVANCED_BREP_SHAPE_REPRESENTATION('',(#11,#9077),#9227);
#9077 = MANIFOLD_SOLID_BREP('',#9078);
#9078 = CLOSED_SHELL('',(#9079,#9119,#9150,#9181,#9203,#9215));
#9079 = ADVANCED_FACE('',(#9080),#9114,.F.);
#9080 = FACE_BOUND('',#9081,.F.);
#9081 = EDGE_LOOP('',(#9082,#9092,#9100,#9108));
#9082 = ORIENTED_EDGE('',*,*,#9083,.T.);
#9083 = EDGE_CURVE('',#9084,#9086,#9088,.T.);
#9084 = VERTEX_POINT('',#9085);
#9085 = CARTESIAN_POINT('',(-2.94,1.09,0.));
#9086 = VERTEX_POINT('',#9087);
#9087 = CARTESIAN_POINT('',(-2.94,1.09,0.15));
#9088 = LINE('',#9089,#9090);
#9089 = CARTESIAN_POINT('',(-2.94,1.09,0.));
#9090 = VECTOR('',#9091,1.);
#9091 = DIRECTION('',(0.,0.,1.));
#9092 = ORIENTED_EDGE('',*,*,#9093,.T.);
#9093 = EDGE_CURVE('',#9086,#9094,#9096,.T.);
#9094 = VERTEX_POINT('',#9095);
#9095 = CARTESIAN_POINT('',(-2.94,0.41,0.15));
#9096 = LINE('',#9097,#9098);
#9097 = CARTESIAN_POINT('',(-2.94,1.09,0.15));
#9098 = VECTOR('',#9099,1.);
#9099 = DIRECTION('',(0.,-1.,0.));
#9100 = ORIENTED_EDGE('',*,*,#9101,.F.);
#9101 = EDGE_CURVE('',#9102,#9094,#9104,.T.);
#9102 = VERTEX_POINT('',#9103);
#9103 = CARTESIAN_POINT('',(-2.94,0.41,0.));
#9104 = LINE('',#9105,#9106);
#9105 = CARTESIAN_POINT('',(-2.94,0.41,0.));
#9106 = VECTOR('',#9107,1.);
#9107 = DIRECTION('',(0.,0.,1.));
#9108 = ORIENTED_EDGE('',*,*,#9109,.F.);
#9109 = EDGE_CURVE('',#9084,#9102,#9110,.T.);
#9110 = LINE('',#9111,#9112);
#9111 = CARTESIAN_POINT('',(-2.94,1.09,0.));
#9112 = VECTOR('',#9113,1.);
#9113 = DIRECTION('',(0.,-1.,0.));
#9114 = PLANE('',#9115);
#9115 = AXIS2_PLACEMENT_3D('',#9116,#9117,#9118);
#9116 = CARTESIAN_POINT('',(-2.94,1.09,0.));
#9117 = DIRECTION('',(1.,0.,0.));
#9118 = DIRECTION('',(0.,-1.,0.));
#9119 = ADVANCED_FACE('',(#9120),#9145,.F.);
#9120 = FACE_BOUND('',#9121,.F.);
#9121 = EDGE_LOOP('',(#9122,#9123,#9131,#9139));
#9122 = ORIENTED_EDGE('',*,*,#9101,.T.);
#9123 = ORIENTED_EDGE('',*,*,#9124,.T.);
#9124 = EDGE_CURVE('',#9094,#9125,#9127,.T.);
#9125 = VERTEX_POINT('',#9126);
#9126 = CARTESIAN_POINT('',(-1.6,0.41,0.15));
#9127 = LINE('',#9128,#9129);
#9128 = CARTESIAN_POINT('',(-2.94,0.41,0.15));
#9129 = VECTOR('',#9130,1.);
#9130 = DIRECTION('',(1.,0.,0.));
#9131 = ORIENTED_EDGE('',*,*,#9132,.F.);
#9132 = EDGE_CURVE('',#9133,#9125,#9135,.T.);
#9133 = VERTEX_POINT('',#9134);
#9134 = CARTESIAN_POINT('',(-1.6,0.41,0.));
#9135 = LINE('',#9136,#9137);
#9136 = CARTESIAN_POINT('',(-1.6,0.41,0.));
#9137 = VECTOR('',#9138,1.);
#9138 = DIRECTION('',(0.,0.,1.));
#9139 = ORIENTED_EDGE('',*,*,#9140,.F.);
#9140 = EDGE_CURVE('',#9102,#9133,#9141,.T.);
#9141 = LINE('',#9142,#9143);
#9142 = CARTESIAN_POINT('',(-2.94,0.41,0.));
#9143 = VECTOR('',#9144,1.);
#9144 = DIRECTION('',(1.,0.,0.));
#9145 = PLANE('',#9146);
#9146 = AXIS2_PLACEMENT_3D('',#9147,#9148,#9149);
#9147 = CARTESIAN_POINT('',(-2.94,0.41,0.));
#9148 = DIRECTION('',(0.,1.,0.));
#9149 = DIRECTION('',(1.,0.,0.));
#9150 = ADVANCED_FACE('',(#9151),#9176,.F.);
#9151 = FACE_BOUND('',#9152,.F.);
#9152 = EDGE_LOOP('',(#9153,#9154,#9162,#9170));
#9153 = ORIENTED_EDGE('',*,*,#9132,.T.);
#9154 = ORIENTED_EDGE('',*,*,#9155,.T.);
#9155 = EDGE_CURVE('',#9125,#9156,#9158,.T.);
#9156 = VERTEX_POINT('',#9157);
#9157 = CARTESIAN_POINT('',(-1.6,1.09,0.15));
#9158 = LINE('',#9159,#9160);
#9159 = CARTESIAN_POINT('',(-1.6,0.41,0.15));
#9160 = VECTOR('',#9161,1.);
#9161 = DIRECTION('',(0.,1.,0.));
#9162 = ORIENTED_EDGE('',*,*,#9163,.F.);
#9163 = EDGE_CURVE('',#9164,#9156,#9166,.T.);
#9164 = VERTEX_POINT('',#9165);
#9165 = CARTESIAN_POINT('',(-1.6,1.09,0.));
#9166 = LINE('',#9167,#9168);
#9167 = CARTESIAN_POINT('',(-1.6,1.09,0.));
#9168 = VECTOR('',#9169,1.);
#9169 = DIRECTION('',(0.,0.,1.));
#9170 = ORIENTED_EDGE('',*,*,#9171,.F.);
#9171 = EDGE_CURVE('',#9133,#9164,#9172,.T.);
#9172 = LINE('',#9173,#9174);
#9173 = CARTESIAN_POINT('',(-1.6,0.41,0.));
#9174 = VECTOR('',#9175,1.);
#9175 = DIRECTION('',(0.,1.,0.));
#9176 = PLANE('',#9177);
#9177 = AXIS2_PLACEMENT_3D('',#9178,#9179,#9180);
#9178 = CARTESIAN_POINT('',(-1.6,0.41,0.));
#9179 = DIRECTION('',(-1.,0.,0.));
#9180 = DIRECTION('',(0.,1.,0.));
#9181 = ADVANCED_FACE('',(#9182),#9198,.F.);
#9182 = FACE_BOUND('',#9183,.F.);
#9183 = EDGE_LOOP('',(#9184,#9185,#9191,#9192));
#9184 = ORIENTED_EDGE('',*,*,#9163,.T.);
#9185 = ORIENTED_EDGE('',*,*,#9186,.T.);
#9186 = EDGE_CURVE('',#9156,#9086,#9187,.T.);
#9187 = LINE('',#9188,#9189);
#9188 = CARTESIAN_POINT('',(-1.6,1.09,0.15));
#9189 = VECTOR('',#9190,1.);
#9190 = DIRECTION('',(-1.,0.,0.));
#9191 = ORIENTED_EDGE('',*,*,#9083,.F.);
#9192 = ORIENTED_EDGE('',*,*,#9193,.F.);
#9193 = EDGE_CURVE('',#9164,#9084,#9194,.T.);
#9194 = LINE('',#9195,#9196);
#9195 = CARTESIAN_POINT('',(-1.6,1.09,0.));
#9196 = VECTOR('',#9197,1.);
#9197 = DIRECTION('',(-1.,0.,0.));
#9198 = PLANE('',#9199);
#9199 = AXIS2_PLACEMENT_3D('',#9200,#9201,#9202);
#9200 = CARTESIAN_POINT('',(-1.6,1.09,0.));
#9201 = DIRECTION('',(0.,-1.,0.));
#9202 = DIRECTION('',(-1.,0.,0.));
#9203 = ADVANCED_FACE('',(#9204),#9210,.F.);
#9204 = FACE_BOUND('',#9205,.F.);
#9205 = EDGE_LOOP('',(#9206,#9207,#9208,#9209));
#9206 = ORIENTED_EDGE('',*,*,#9109,.T.);
#9207 = ORIENTED_EDGE('',*,*,#9140,.T.);
#9208 = ORIENTED_EDGE('',*,*,#9171,.T.);
#9209 = ORIENTED_EDGE('',*,*,#9193,.T.);
#9210 = PLANE('',#9211);
#9211 = AXIS2_PLACEMENT_3D('',#9212,#9213,#9214);
#9212 = CARTESIAN_POINT('',(-2.27,0.75,0.));
#9213 = DIRECTION('',(0.,0.,1.));
#9214 = DIRECTION('',(1.,0.,-0.));
#9215 = ADVANCED_FACE('',(#9216),#9222,.T.);
#9216 = FACE_BOUND('',#9217,.T.);
#9217 = EDGE_LOOP('',(#9218,#9219,#9220,#9221));
#9218 = ORIENTED_EDGE('',*,*,#9093,.T.);
#9219 = ORIENTED_EDGE('',*,*,#9124,.T.);
#9220 = ORIENTED_EDGE('',*,*,#9155,.T.);
#9221 = ORIENTED_EDGE('',*,*,#9186,.T.);
#9222 = PLANE('',#9223);
#9223 = AXIS2_PLACEMENT_3D('',#9224,#9225,#9226);
#9224 = CARTESIAN_POINT('',(-2.27,0.75,0.15));
#9225 = DIRECTION('',(0.,0.,1.));
#9226 = DIRECTION('',(1.,0.,-0.));
#9227 = ( GEOMETRIC_REPRESENTATION_CONTEXT(3) 
GLOBAL_UNCERTAINTY_ASSIGNED_CONTEXT((#9231)) 
GLOBAL_UNIT_ASSIGNED_CONTEXT((#9228,#9229,#9230)) REPRESENTATION_CONTEXT
('Context #1','3D Context with UNIT and UNCERTAINTY') );
#9228 = ( LENGTH_UNIT() NAMED_UNIT(*) SI_UNIT(.MILLI.,.METRE.) );
#9229 = ( NAMED_UNIT(*) PLANE_ANGLE_UNIT() SI_UNIT($,.RADIAN.) );
#9230 = ( NAMED_UNIT(*) SI_UNIT($,.STERADIAN.) SOLID_ANGLE_UNIT() );
#9231 = UNCERTAINTY_MEASURE_WITH_UNIT(LENGTH_MEASURE(1.E-07),#9228,
  'distance_accuracy_value','confusion accuracy');
#9232 = CONTEXT_DEPENDENT_SHAPE_REPRESENTATION(#9233,#9235);
#9233 = ( REPRESENTATION_RELATIONSHIP('','',#9076,#8168) 
REPRESENTATION_RELATIONSHIP_WITH_TRANSFORMATION(#9234) 
SHAPE_REPRESENTATION_RELATIONSHIP() );
#9234 = ITEM_DEFINED_TRANSFORMATION('','',#11,#8173);
#9235 = PRODUCT_DEFINITION_SHAPE('Placement','Placement of an item',
  #9236);
#9236 = NEXT_ASSEMBLY_USAGE_OCCURRENCE('15','Pin1','',#8163,#9071,$);
#9237 = PRODUCT_RELATED_PRODUCT_CATEGORY('part',$,(#9073));
#9238 = SHAPE_DEFINITION_REPRESENTATION(#9239,#9245);
#9239 = PRODUCT_DEFINITION_SHAPE('','',#9240);
#9240 = PRODUCT_DEFINITION('design','',#9241,#9244);
#9241 = PRODUCT_DEFINITION_FORMATION('','',#9242);
#9242 = PRODUCT('Pin2','Pin2','',(#9243));
#9243 = PRODUCT_CONTEXT('',#2,'mechanical');
#9244 = PRODUCT_DEFINITION_CONTEXT('part definition',#2,'design');
#9245 = ADVANCED_BREP_SHAPE_REPRESENTATION('',(#11,#9246),#9429);
#9246 = MANIFOLD_SOLID_BREP('',#9247);
#9247 = CLOSED_SHELL('',(#9248,#9288,#9319,#9350,#9381,#9403,#9416));
#9248 = ADVANCED_FACE('',(#9249),#9283,.T.);
#9249 = FACE_BOUND('',#9250,.T.);
#9250 = EDGE_LOOP('',(#9251,#9261,#9269,#9277));
#9251 = ORIENTED_EDGE('',*,*,#9252,.T.);
#9252 = EDGE_CURVE('',#9253,#9255,#9257,.T.);
#9253 = VERTEX_POINT('',#9254);
#9254 = CARTESIAN_POINT('',(-2.94186252285,-0.751760725813,0.));
#9255 = VERTEX_POINT('',#9256);
#9256 = CARTESIAN_POINT('',(-2.94186252285,-0.751760725813,0.15));
#9257 = LINE('',#9258,#9259);
#9258 = CARTESIAN_POINT('',(-2.94186252285,-0.751760725813,0.));
#9259 = VECTOR('',#9260,1.);
#9260 = DIRECTION('',(0.,0.,1.));
#9261 = ORIENTED_EDGE('',*,*,#9262,.T.);
#9262 = EDGE_CURVE('',#9255,#9263,#9265,.T.);
#9263 = VERTEX_POINT('',#9264);
#9264 = CARTESIAN_POINT('',(-2.94186252285,-0.41,0.15));
#9265 = LINE('',#9266,#9267);
#9266 = CARTESIAN_POINT('',(-2.94186252285,-0.751760725813,0.15));
#9267 = VECTOR('',#9268,1.);
#9268 = DIRECTION('',(0.,1.,0.));
#9269 = ORIENTED_EDGE('',*,*,#9270,.F.);
#9270 = EDGE_CURVE('',#9271,#9263,#9273,.T.);
#9271 = VERTEX_POINT('',#9272);
#9272 = CARTESIAN_POINT('',(-2.94186252285,-0.41,0.));
#9273 = LINE('',#9274,#9275);
#9274 = CARTESIAN_POINT('',(-2.94186252285,-0.41,0.));
#9275 = VECTOR('',#9276,1.);
#9276 = DIRECTION('',(0.,0.,1.));
#9277 = ORIENTED_EDGE('',*,*,#9278,.F.);
#9278 = EDGE_CURVE('',#9253,#9271,#9279,.T.);
#9279 = LINE('',#9280,#9281);
#9280 = CARTESIAN_POINT('',(-2.94186252285,-0.751760725813,0.));
#9281 = VECTOR('',#9282,1.);
#9282 = DIRECTION('',(0.,1.,0.));
#9283 = PLANE('',#9284);
#9284 = AXIS2_PLACEMENT_3D('',#9285,#9286,#9287);
#9285 = CARTESIAN_POINT('',(-2.94186252285,-0.751760725813,0.));
#9286 = DIRECTION('',(-1.,0.,0.));
#9287 = DIRECTION('',(0.,1.,0.));
#9288 = ADVANCED_FACE('',(#9289),#9314,.T.);
#9289 = FACE_BOUND('',#9290,.T.);
#9290 = EDGE_LOOP('',(#9291,#9292,#9300,#9308));
#9291 = ORIENTED_EDGE('',*,*,#9270,.T.);
#9292 = ORIENTED_EDGE('',*,*,#9293,.T.);
#9293 = EDGE_CURVE('',#9263,#9294,#9296,.T.);
#9294 = VERTEX_POINT('',#9295);
#9295 = CARTESIAN_POINT('',(-1.6,-0.41,0.15));
#9296 = LINE('',#9297,#9298);
#9297 = CARTESIAN_POINT('',(-2.94186252285,-0.41,0.15));
#9298 = VECTOR('',#9299,1.);
#9299 = DIRECTION('',(1.,0.,0.));
#9300 = ORIENTED_EDGE('',*,*,#9301,.F.);
#9301 = EDGE_CURVE('',#9302,#9294,#9304,.T.);
#9302 = VERTEX_POINT('',#9303);
#9303 = CARTESIAN_POINT('',(-1.6,-0.41,0.));
#9304 = LINE('',#9305,#9306);
#9305 = CARTESIAN_POINT('',(-1.6,-0.41,0.));
#9306 = VECTOR('',#9307,1.);
#9307 = DIRECTION('',(0.,0.,1.));
#9308 = ORIENTED_EDGE('',*,*,#9309,.F.);
#9309 = EDGE_CURVE('',#9271,#9302,#9310,.T.);
#9310 = LINE('',#9311,#9312);
#9311 = CARTESIAN_POINT('',(-2.94186252285,-0.41,0.));
#9312 = VECTOR('',#9313,1.);
#9313 = DIRECTION('',(1.,0.,0.));
#9314 = PLANE('',#9315);
#9315 = AXIS2_PLACEMENT_3D('',#9316,#9317,#9318);
#9316 = CARTESIAN_POINT('',(-2.94186252285,-0.41,0.));
#9317 = DIRECTION('',(0.,1.,0.));
#9318 = DIRECTION('',(1.,0.,0.));
#9319 = ADVANCED_FACE('',(#9320),#9345,.T.);
#9320 = FACE_BOUND('',#9321,.T.);
#9321 = EDGE_LOOP('',(#9322,#9323,#9331,#9339));
#9322 = ORIENTED_EDGE('',*,*,#9301,.T.);
#9323 = ORIENTED_EDGE('',*,*,#9324,.T.);
#9324 = EDGE_CURVE('',#9294,#9325,#9327,.T.);
#9325 = VERTEX_POINT('',#9326);
#9326 = CARTESIAN_POINT('',(-1.6,-1.093521451625,0.15));
#9327 = LINE('',#9328,#9329);
#9328 = CARTESIAN_POINT('',(-1.6,-0.41,0.15));
#9329 = VECTOR('',#9330,1.);
#9330 = DIRECTION('',(0.,-1.,0.));
#9331 = ORIENTED_EDGE('',*,*,#9332,.F.);
#9332 = EDGE_CURVE('',#9333,#9325,#9335,.T.);
#9333 = VERTEX_POINT('',#9334);
#9334 = CARTESIAN_POINT('',(-1.6,-1.093521451625,0.));
#9335 = LINE('',#9336,#9337);
#9336 = CARTESIAN_POINT('',(-1.6,-1.093521451625,0.));
#9337 = VECTOR('',#9338,1.);
#9338 = DIRECTION('',(0.,0.,1.));
#9339 = ORIENTED_EDGE('',*,*,#9340,.F.);
#9340 = EDGE_CURVE('',#9302,#9333,#9341,.T.);
#9341 = LINE('',#9342,#9343);
#9342 = CARTESIAN_POINT('',(-1.6,-0.41,0.));
#9343 = VECTOR('',#9344,1.);
#9344 = DIRECTION('',(0.,-1.,0.));
#9345 = PLANE('',#9346);
#9346 = AXIS2_PLACEMENT_3D('',#9347,#9348,#9349);
#9347 = CARTESIAN_POINT('',(-1.6,-0.41,0.));
#9348 = DIRECTION('',(1.,0.,0.));
#9349 = DIRECTION('',(0.,-1.,0.));
#9350 = ADVANCED_FACE('',(#9351),#9376,.T.);
#9351 = FACE_BOUND('',#9352,.T.);
#9352 = EDGE_LOOP('',(#9353,#9354,#9362,#9370));
#9353 = ORIENTED_EDGE('',*,*,#9332,.T.);
#9354 = ORIENTED_EDGE('',*,*,#9355,.T.);
#9355 = EDGE_CURVE('',#9325,#9356,#9358,.T.);
#9356 = VERTEX_POINT('',#9357);
#9357 = CARTESIAN_POINT('',(-2.600101797037,-1.093521451625,0.15));
#9358 = LINE('',#9359,#9360);
#9359 = CARTESIAN_POINT('',(-1.6,-1.093521451625,0.15));
#9360 = VECTOR('',#9361,1.);
#9361 = DIRECTION('',(-1.,0.,0.));
#9362 = ORIENTED_EDGE('',*,*,#9363,.F.);
#9363 = EDGE_CURVE('',#9364,#9356,#9366,.T.);
#9364 = VERTEX_POINT('',#9365);
#9365 = CARTESIAN_POINT('',(-2.600101797037,-1.093521451625,0.));
#9366 = LINE('',#9367,#9368);
#9367 = CARTESIAN_POINT('',(-2.600101797037,-1.093521451625,0.));
#9368 = VECTOR('',#9369,1.);
#9369 = DIRECTION('',(0.,0.,1.));
#9370 = ORIENTED_EDGE('',*,*,#9371,.F.);
#9371 = EDGE_CURVE('',#9333,#9364,#9372,.T.);
#9372 = LINE('',#9373,#9374);
#9373 = CARTESIAN_POINT('',(-1.6,-1.093521451625,0.));
#9374 = VECTOR('',#9375,1.);
#9375 = DIRECTION('',(-1.,0.,0.));
#9376 = PLANE('',#9377);
#9377 = AXIS2_PLACEMENT_3D('',#9378,#9379,#9380);
#9378 = CARTESIAN_POINT('',(-1.6,-1.093521451625,0.));
#9379 = DIRECTION('',(0.,-1.,0.));
#9380 = DIRECTION('',(-1.,0.,0.));
#9381 = ADVANCED_FACE('',(#9382),#9398,.F.);
#9382 = FACE_BOUND('',#9383,.F.);
#9383 = EDGE_LOOP('',(#9384,#9385,#9391,#9392));
#9384 = ORIENTED_EDGE('',*,*,#9252,.T.);
#9385 = ORIENTED_EDGE('',*,*,#9386,.T.);
#9386 = EDGE_CURVE('',#9255,#9356,#9387,.T.);
#9387 = LINE('',#9388,#9389);
#9388 = CARTESIAN_POINT('',(-2.94186252285,-0.751760725813,0.15));
#9389 = VECTOR('',#9390,1.);
#9390 = DIRECTION('',(0.707106781187,-0.707106781187,0.));
#9391 = ORIENTED_EDGE('',*,*,#9363,.F.);
#9392 = ORIENTED_EDGE('',*,*,#9393,.F.);
#9393 = EDGE_CURVE('',#9253,#9364,#9394,.T.);
#9394 = LINE('',#9395,#9396);
#9395 = CARTESIAN_POINT('',(-2.94186252285,-0.751760725813,0.));
#9396 = VECTOR('',#9397,1.);
#9397 = DIRECTION('',(0.707106781187,-0.707106781187,0.));
#9398 = PLANE('',#9399);
#9399 = AXIS2_PLACEMENT_3D('',#9400,#9401,#9402);
#9400 = CARTESIAN_POINT('',(-2.94186252285,-0.751760725813,0.));
#9401 = DIRECTION('',(0.707106781187,0.707106781187,0.));
#9402 = DIRECTION('',(0.707106781187,-0.707106781187,0.));
#9403 = ADVANCED_FACE('',(#9404),#9411,.F.);
#9404 = FACE_BOUND('',#9405,.T.);
#9405 = EDGE_LOOP('',(#9406,#9407,#9408,#9409,#9410));
#9406 = ORIENTED_EDGE('',*,*,#9278,.T.);
#9407 = ORIENTED_EDGE('',*,*,#9309,.T.);
#9408 = ORIENTED_EDGE('',*,*,#9340,.T.);
#9409 = ORIENTED_EDGE('',*,*,#9371,.T.);
#9410 = ORIENTED_EDGE('',*,*,#9393,.F.);
#9411 = PLANE('',#9412);
#9412 = AXIS2_PLACEMENT_3D('',#9413,#9414,#9415);
#9413 = CARTESIAN_POINT('',(-2.229765974031,-0.727709673488,0.));
#9414 = DIRECTION('',(0.,0.,1.));
#9415 = DIRECTION('',(1.,0.,-0.));
#9416 = ADVANCED_FACE('',(#9417),#9424,.T.);
#9417 = FACE_BOUND('',#9418,.F.);
#9418 = EDGE_LOOP('',(#9419,#9420,#9421,#9422,#9423));
#9419 = ORIENTED_EDGE('',*,*,#9262,.T.);
#9420 = ORIENTED_EDGE('',*,*,#9293,.T.);
#9421 = ORIENTED_EDGE('',*,*,#9324,.T.);
#9422 = ORIENTED_EDGE('',*,*,#9355,.T.);
#9423 = ORIENTED_EDGE('',*,*,#9386,.F.);
#9424 = PLANE('',#9425);
#9425 = AXIS2_PLACEMENT_3D('',#9426,#9427,#9428);
#9426 = CARTESIAN_POINT('',(-2.229765974031,-0.727709673488,0.15));
#9427 = DIRECTION('',(0.,0.,1.));
#9428 = DIRECTION('',(1.,0.,-0.));
#9429 = ( GEOMETRIC_REPRESENTATION_CONTEXT(3) 
GLOBAL_UNCERTAINTY_ASSIGNED_CONTEXT((#9433)) 
GLOBAL_UNIT_ASSIGNED_CONTEXT((#9430,#9431,#9432)) REPRESENTATION_CONTEXT
('Context #1','3D Context with UNIT and UNCERTAINTY') );
#9430 = ( LENGTH_UNIT() NAMED_UNIT(*) SI_UNIT(.MILLI.,.METRE.) );
#9431 = ( NAMED_UNIT(*) PLANE_ANGLE_UNIT() SI_UNIT($,.RADIAN.) );
#9432 = ( NAMED_UNIT(*) SI_UNIT($,.STERADIAN.) SOLID_ANGLE_UNIT() );
#9433 = UNCERTAINTY_MEASURE_WITH_UNIT(LENGTH_MEASURE(1.E-07),#9430,
  'distance_accuracy_value','confusion accuracy');
#9434 = CONTEXT_DEPENDENT_SHAPE_REPRESENTATION(#9435,#9437);
#9435 = ( REPRESENTATION_RELATIONSHIP('','',#9245,#8168) 
REPRESENTATION_RELATIONSHIP_WITH_TRANSFORMATION(#9436) 
SHAPE_REPRESENTATION_RELATIONSHIP() );
#9436 = ITEM_DEFINED_TRANSFORMATION('','',#11,#8177);
#9437 = PRODUCT_DEFINITION_SHAPE('Placement','Placement of an item',
  #9438);
#9438 = NEXT_ASSEMBLY_USAGE_OCCURRENCE('16','Pin2','',#8163,#9240,$);
#9439 = PRODUCT_RELATED_PRODUCT_CATEGORY('part',$,(#9242));
#9440 = SHAPE_DEFINITION_REPRESENTATION(#9441,#9447);
#9441 = PRODUCT_DEFINITION_SHAPE('','',#9442);
#9442 = PRODUCT_DEFINITION('design','',#9443,#9446);
#9443 = PRODUCT_DEFINITION_FORMATION('','',#9444);
#9444 = PRODUCT('Pin3','Pin3','',(#9445));
#9445 = PRODUCT_CONTEXT('',#2,'mechanical');
#9446 = PRODUCT_DEFINITION_CONTEXT('part definition',#2,'design');
#9447 = ADVANCED_BREP_SHAPE_REPRESENTATION('',(#11,#9448),#9598);
#9448 = MANIFOLD_SOLID_BREP('',#9449);
#9449 = CLOSED_SHELL('',(#9450,#9490,#9521,#9552,#9574,#9586));
#9450 = ADVANCED_FACE('',(#9451),#9485,.T.);
#9451 = FACE_BOUND('',#9452,.T.);
#9452 = EDGE_LOOP('',(#9453,#9463,#9471,#9479));
#9453 = ORIENTED_EDGE('',*,*,#9454,.T.);
#9454 = EDGE_CURVE('',#9455,#9457,#9459,.T.);
#9455 = VERTEX_POINT('',#9456);
#9456 = CARTESIAN_POINT('',(2.94,1.09,0.));
#9457 = VERTEX_POINT('',#9458);
#9458 = CARTESIAN_POINT('',(2.94,1.09,0.15));
#9459 = LINE('',#9460,#9461);
#9460 = CARTESIAN_POINT('',(2.94,1.09,0.));
#9461 = VECTOR('',#9462,1.);
#9462 = DIRECTION('',(0.,0.,1.));
#9463 = ORIENTED_EDGE('',*,*,#9464,.T.);
#9464 = EDGE_CURVE('',#9457,#9465,#9467,.T.);
#9465 = VERTEX_POINT('',#9466);
#9466 = CARTESIAN_POINT('',(2.94,0.41,0.15));
#9467 = LINE('',#9468,#9469);
#9468 = CARTESIAN_POINT('',(2.94,1.09,0.15));
#9469 = VECTOR('',#9470,1.);
#9470 = DIRECTION('',(0.,-1.,0.));
#9471 = ORIENTED_EDGE('',*,*,#9472,.F.);
#9472 = EDGE_CURVE('',#9473,#9465,#9475,.T.);
#9473 = VERTEX_POINT('',#9474);
#9474 = CARTESIAN_POINT('',(2.94,0.41,0.));
#9475 = LINE('',#9476,#9477);
#9476 = CARTESIAN_POINT('',(2.94,0.41,0.));
#9477 = VECTOR('',#9478,1.);
#9478 = DIRECTION('',(0.,0.,1.));
#9479 = ORIENTED_EDGE('',*,*,#9480,.F.);
#9480 = EDGE_CURVE('',#9455,#9473,#9481,.T.);
#9481 = LINE('',#9482,#9483);
#9482 = CARTESIAN_POINT('',(2.94,1.09,0.));
#9483 = VECTOR('',#9484,1.);
#9484 = DIRECTION('',(0.,-1.,0.));
#9485 = PLANE('',#9486);
#9486 = AXIS2_PLACEMENT_3D('',#9487,#9488,#9489);
#9487 = CARTESIAN_POINT('',(2.94,1.09,0.));
#9488 = DIRECTION('',(1.,0.,0.));
#9489 = DIRECTION('',(0.,-1.,0.));
#9490 = ADVANCED_FACE('',(#9491),#9516,.T.);
#9491 = FACE_BOUND('',#9492,.T.);
#9492 = EDGE_LOOP('',(#9493,#9494,#9502,#9510));
#9493 = ORIENTED_EDGE('',*,*,#9472,.T.);
#9494 = ORIENTED_EDGE('',*,*,#9495,.T.);
#9495 = EDGE_CURVE('',#9465,#9496,#9498,.T.);
#9496 = VERTEX_POINT('',#9497);
#9497 = CARTESIAN_POINT('',(1.6,0.41,0.15));
#9498 = LINE('',#9499,#9500);
#9499 = CARTESIAN_POINT('',(2.94,0.41,0.15));
#9500 = VECTOR('',#9501,1.);
#9501 = DIRECTION('',(-1.,0.,0.));
#9502 = ORIENTED_EDGE('',*,*,#9503,.F.);
#9503 = EDGE_CURVE('',#9504,#9496,#9506,.T.);
#9504 = VERTEX_POINT('',#9505);
#9505 = CARTESIAN_POINT('',(1.6,0.41,0.));
#9506 = LINE('',#9507,#9508);
#9507 = CARTESIAN_POINT('',(1.6,0.41,0.));
#9508 = VECTOR('',#9509,1.);
#9509 = DIRECTION('',(0.,0.,1.));
#9510 = ORIENTED_EDGE('',*,*,#9511,.F.);
#9511 = EDGE_CURVE('',#9473,#9504,#9512,.T.);
#9512 = LINE('',#9513,#9514);
#9513 = CARTESIAN_POINT('',(2.94,0.41,0.));
#9514 = VECTOR('',#9515,1.);
#9515 = DIRECTION('',(-1.,0.,0.));
#9516 = PLANE('',#9517);
#9517 = AXIS2_PLACEMENT_3D('',#9518,#9519,#9520);
#9518 = CARTESIAN_POINT('',(2.94,0.41,0.));
#9519 = DIRECTION('',(0.,-1.,0.));
#9520 = DIRECTION('',(-1.,0.,0.));
#9521 = ADVANCED_FACE('',(#9522),#9547,.T.);
#9522 = FACE_BOUND('',#9523,.T.);
#9523 = EDGE_LOOP('',(#9524,#9525,#9533,#9541));
#9524 = ORIENTED_EDGE('',*,*,#9503,.T.);
#9525 = ORIENTED_EDGE('',*,*,#9526,.T.);
#9526 = EDGE_CURVE('',#9496,#9527,#9529,.T.);
#9527 = VERTEX_POINT('',#9528);
#9528 = CARTESIAN_POINT('',(1.6,1.09,0.15));
#9529 = LINE('',#9530,#9531);
#9530 = CARTESIAN_POINT('',(1.6,0.41,0.15));
#9531 = VECTOR('',#9532,1.);
#9532 = DIRECTION('',(0.,1.,0.));
#9533 = ORIENTED_EDGE('',*,*,#9534,.F.);
#9534 = EDGE_CURVE('',#9535,#9527,#9537,.T.);
#9535 = VERTEX_POINT('',#9536);
#9536 = CARTESIAN_POINT('',(1.6,1.09,0.));
#9537 = LINE('',#9538,#9539);
#9538 = CARTESIAN_POINT('',(1.6,1.09,0.));
#9539 = VECTOR('',#9540,1.);
#9540 = DIRECTION('',(0.,0.,1.));
#9541 = ORIENTED_EDGE('',*,*,#9542,.F.);
#9542 = EDGE_CURVE('',#9504,#9535,#9543,.T.);
#9543 = LINE('',#9544,#9545);
#9544 = CARTESIAN_POINT('',(1.6,0.41,0.));
#9545 = VECTOR('',#9546,1.);
#9546 = DIRECTION('',(0.,1.,0.));
#9547 = PLANE('',#9548);
#9548 = AXIS2_PLACEMENT_3D('',#9549,#9550,#9551);
#9549 = CARTESIAN_POINT('',(1.6,0.41,0.));
#9550 = DIRECTION('',(-1.,0.,0.));
#9551 = DIRECTION('',(0.,1.,0.));
#9552 = ADVANCED_FACE('',(#9553),#9569,.T.);
#9553 = FACE_BOUND('',#9554,.T.);
#9554 = EDGE_LOOP('',(#9555,#9556,#9562,#9563));
#9555 = ORIENTED_EDGE('',*,*,#9534,.T.);
#9556 = ORIENTED_EDGE('',*,*,#9557,.T.);
#9557 = EDGE_CURVE('',#9527,#9457,#9558,.T.);
#9558 = LINE('',#9559,#9560);
#9559 = CARTESIAN_POINT('',(1.6,1.09,0.15));
#9560 = VECTOR('',#9561,1.);
#9561 = DIRECTION('',(1.,0.,0.));
#9562 = ORIENTED_EDGE('',*,*,#9454,.F.);
#9563 = ORIENTED_EDGE('',*,*,#9564,.F.);
#9564 = EDGE_CURVE('',#9535,#9455,#9565,.T.);
#9565 = LINE('',#9566,#9567);
#9566 = CARTESIAN_POINT('',(1.6,1.09,0.));
#9567 = VECTOR('',#9568,1.);
#9568 = DIRECTION('',(1.,0.,0.));
#9569 = PLANE('',#9570);
#9570 = AXIS2_PLACEMENT_3D('',#9571,#9572,#9573);
#9571 = CARTESIAN_POINT('',(1.6,1.09,0.));
#9572 = DIRECTION('',(0.,1.,0.));
#9573 = DIRECTION('',(1.,0.,0.));
#9574 = ADVANCED_FACE('',(#9575),#9581,.F.);
#9575 = FACE_BOUND('',#9576,.T.);
#9576 = EDGE_LOOP('',(#9577,#9578,#9579,#9580));
#9577 = ORIENTED_EDGE('',*,*,#9480,.T.);
#9578 = ORIENTED_EDGE('',*,*,#9511,.T.);
#9579 = ORIENTED_EDGE('',*,*,#9542,.T.);
#9580 = ORIENTED_EDGE('',*,*,#9564,.T.);
#9581 = PLANE('',#9582);
#9582 = AXIS2_PLACEMENT_3D('',#9583,#9584,#9585);
#9583 = CARTESIAN_POINT('',(2.27,0.75,0.));
#9584 = DIRECTION('',(0.,0.,1.));
#9585 = DIRECTION('',(1.,0.,-0.));
#9586 = ADVANCED_FACE('',(#9587),#9593,.T.);
#9587 = FACE_BOUND('',#9588,.F.);
#9588 = EDGE_LOOP('',(#9589,#9590,#9591,#9592));
#9589 = ORIENTED_EDGE('',*,*,#9464,.T.);
#9590 = ORIENTED_EDGE('',*,*,#9495,.T.);
#9591 = ORIENTED_EDGE('',*,*,#9526,.T.);
#9592 = ORIENTED_EDGE('',*,*,#9557,.T.);
#9593 = PLANE('',#9594);
#9594 = AXIS2_PLACEMENT_3D('',#9595,#9596,#9597);
#9595 = CARTESIAN_POINT('',(2.27,0.75,0.15));
#9596 = DIRECTION('',(0.,0.,1.));
#9597 = DIRECTION('',(1.,0.,-0.));
#9598 = ( GEOMETRIC_REPRESENTATION_CONTEXT(3) 
GLOBAL_UNCERTAINTY_ASSIGNED_CONTEXT((#9602)) 
GLOBAL_UNIT_ASSIGNED_CONTEXT((#9599,#9600,#9601)) REPRESENTATION_CONTEXT
('Context #1','3D Context with UNIT and UNCERTAINTY') );
#9599 = ( LENGTH_UNIT() NAMED_UNIT(*) SI_UNIT(.MILLI.,.METRE.) );
#9600 = ( NAMED_UNIT(*) PLANE_ANGLE_UNIT() SI_UNIT($,.RADIAN.) );
#9601 = ( NAMED_UNIT(*) SI_UNIT($,.STERADIAN.) SOLID_ANGLE_UNIT() );
#9602 = UNCERTAINTY_MEASURE_WITH_UNIT(LENGTH_MEASURE(1.E-07),#9599,
  'distance_accuracy_value','confusion accuracy');
#9603 = CONTEXT_DEPENDENT_SHAPE_REPRESENTATION(#9604,#9606);
#9604 = ( REPRESENTATION_RELATIONSHIP('','',#9447,#8168) 
REPRESENTATION_RELATIONSHIP_WITH_TRANSFORMATION(#9605) 
SHAPE_REPRESENTATION_RELATIONSHIP() );
#9605 = ITEM_DEFINED_TRANSFORMATION('','',#11,#8181);
#9606 = PRODUCT_DEFINITION_SHAPE('Placement','Placement of an item',
  #9607);
#9607 = NEXT_ASSEMBLY_USAGE_OCCURRENCE('17','Pin3','',#8163,#9442,$);
#9608 = PRODUCT_RELATED_PRODUCT_CATEGORY('part',$,(#9444));
#9609 = SHAPE_DEFINITION_REPRESENTATION(#9610,#9616);
#9610 = PRODUCT_DEFINITION_SHAPE('','',#9611);
#9611 = PRODUCT_DEFINITION('design','',#9612,#9615);
#9612 = PRODUCT_DEFINITION_FORMATION('','',#9613);
#9613 = PRODUCT('Pin4','Pin4','',(#9614));
#9614 = PRODUCT_CONTEXT('',#2,'mechanical');
#9615 = PRODUCT_DEFINITION_CONTEXT('part definition',#2,'design');
#9616 = ADVANCED_BREP_SHAPE_REPRESENTATION('',(#11,#9617),#9767);
#9617 = MANIFOLD_SOLID_BREP('',#9618);
#9618 = CLOSED_SHELL('',(#9619,#9659,#9690,#9721,#9743,#9755));
#9619 = ADVANCED_FACE('',(#9620),#9654,.F.);
#9620 = FACE_BOUND('',#9621,.F.);
#9621 = EDGE_LOOP('',(#9622,#9632,#9640,#9648));
#9622 = ORIENTED_EDGE('',*,*,#9623,.T.);
#9623 = EDGE_CURVE('',#9624,#9626,#9628,.T.);
#9624 = VERTEX_POINT('',#9625);
#9625 = CARTESIAN_POINT('',(2.94,-1.09,0.));
#9626 = VERTEX_POINT('',#9627);
#9627 = CARTESIAN_POINT('',(2.94,-1.09,0.15));
#9628 = LINE('',#9629,#9630);
#9629 = CARTESIAN_POINT('',(2.94,-1.09,0.));
#9630 = VECTOR('',#9631,1.);
#9631 = DIRECTION('',(0.,0.,1.));
#9632 = ORIENTED_EDGE('',*,*,#9633,.T.);
#9633 = EDGE_CURVE('',#9626,#9634,#9636,.T.);
#9634 = VERTEX_POINT('',#9635);
#9635 = CARTESIAN_POINT('',(2.94,-0.41,0.15));
#9636 = LINE('',#9637,#9638);
#9637 = CARTESIAN_POINT('',(2.94,-1.09,0.15));
#9638 = VECTOR('',#9639,1.);
#9639 = DIRECTION('',(0.,1.,0.));
#9640 = ORIENTED_EDGE('',*,*,#9641,.F.);
#9641 = EDGE_CURVE('',#9642,#9634,#9644,.T.);
#9642 = VERTEX_POINT('',#9643);
#9643 = CARTESIAN_POINT('',(2.94,-0.41,0.));
#9644 = LINE('',#9645,#9646);
#9645 = CARTESIAN_POINT('',(2.94,-0.41,0.));
#9646 = VECTOR('',#9647,1.);
#9647 = DIRECTION('',(0.,0.,1.));
#9648 = ORIENTED_EDGE('',*,*,#9649,.F.);
#9649 = EDGE_CURVE('',#9624,#9642,#9650,.T.);
#9650 = LINE('',#9651,#9652);
#9651 = CARTESIAN_POINT('',(2.94,-1.09,0.));
#9652 = VECTOR('',#9653,1.);
#9653 = DIRECTION('',(0.,1.,0.));
#9654 = PLANE('',#9655);
#9655 = AXIS2_PLACEMENT_3D('',#9656,#9657,#9658);
#9656 = CARTESIAN_POINT('',(2.94,-1.09,0.));
#9657 = DIRECTION('',(-1.,0.,0.));
#9658 = DIRECTION('',(0.,1.,0.));
#9659 = ADVANCED_FACE('',(#9660),#9685,.F.);
#9660 = FACE_BOUND('',#9661,.F.);
#9661 = EDGE_LOOP('',(#9662,#9663,#9671,#9679));
#9662 = ORIENTED_EDGE('',*,*,#9641,.T.);
#9663 = ORIENTED_EDGE('',*,*,#9664,.T.);
#9664 = EDGE_CURVE('',#9634,#9665,#9667,.T.);
#9665 = VERTEX_POINT('',#9666);
#9666 = CARTESIAN_POINT('',(1.6,-0.41,0.15));
#9667 = LINE('',#9668,#9669);
#9668 = CARTESIAN_POINT('',(2.94,-0.41,0.15));
#9669 = VECTOR('',#9670,1.);
#9670 = DIRECTION('',(-1.,0.,0.));
#9671 = ORIENTED_EDGE('',*,*,#9672,.F.);
#9672 = EDGE_CURVE('',#9673,#9665,#9675,.T.);
#9673 = VERTEX_POINT('',#9674);
#9674 = CARTESIAN_POINT('',(1.6,-0.41,0.));
#9675 = LINE('',#9676,#9677);
#9676 = CARTESIAN_POINT('',(1.6,-0.41,0.));
#9677 = VECTOR('',#9678,1.);
#9678 = DIRECTION('',(0.,0.,1.));
#9679 = ORIENTED_EDGE('',*,*,#9680,.F.);
#9680 = EDGE_CURVE('',#9642,#9673,#9681,.T.);
#9681 = LINE('',#9682,#9683);
#9682 = CARTESIAN_POINT('',(2.94,-0.41,0.));
#9683 = VECTOR('',#9684,1.);
#9684 = DIRECTION('',(-1.,0.,0.));
#9685 = PLANE('',#9686);
#9686 = AXIS2_PLACEMENT_3D('',#9687,#9688,#9689);
#9687 = CARTESIAN_POINT('',(2.94,-0.41,0.));
#9688 = DIRECTION('',(0.,-1.,0.));
#9689 = DIRECTION('',(-1.,0.,0.));
#9690 = ADVANCED_FACE('',(#9691),#9716,.F.);
#9691 = FACE_BOUND('',#9692,.F.);
#9692 = EDGE_LOOP('',(#9693,#9694,#9702,#9710));
#9693 = ORIENTED_EDGE('',*,*,#9672,.T.);
#9694 = ORIENTED_EDGE('',*,*,#9695,.T.);
#9695 = EDGE_CURVE('',#9665,#9696,#9698,.T.);
#9696 = VERTEX_POINT('',#9697);
#9697 = CARTESIAN_POINT('',(1.6,-1.09,0.15));
#9698 = LINE('',#9699,#9700);
#9699 = CARTESIAN_POINT('',(1.6,-0.41,0.15));
#9700 = VECTOR('',#9701,1.);
#9701 = DIRECTION('',(0.,-1.,0.));
#9702 = ORIENTED_EDGE('',*,*,#9703,.F.);
#9703 = EDGE_CURVE('',#9704,#9696,#9706,.T.);
#9704 = VERTEX_POINT('',#9705);
#9705 = CARTESIAN_POINT('',(1.6,-1.09,0.));
#9706 = LINE('',#9707,#9708);
#9707 = CARTESIAN_POINT('',(1.6,-1.09,0.));
#9708 = VECTOR('',#9709,1.);
#9709 = DIRECTION('',(0.,0.,1.));
#9710 = ORIENTED_EDGE('',*,*,#9711,.F.);
#9711 = EDGE_CURVE('',#9673,#9704,#9712,.T.);
#9712 = LINE('',#9713,#9714);
#9713 = CARTESIAN_POINT('',(1.6,-0.41,0.));
#9714 = VECTOR('',#9715,1.);
#9715 = DIRECTION('',(0.,-1.,0.));
#9716 = PLANE('',#9717);
#9717 = AXIS2_PLACEMENT_3D('',#9718,#9719,#9720);
#9718 = CARTESIAN_POINT('',(1.6,-0.41,0.));
#9719 = DIRECTION('',(1.,0.,0.));
#9720 = DIRECTION('',(0.,-1.,0.));
#9721 = ADVANCED_FACE('',(#9722),#9738,.F.);
#9722 = FACE_BOUND('',#9723,.F.);
#9723 = EDGE_LOOP('',(#9724,#9725,#9731,#9732));
#9724 = ORIENTED_EDGE('',*,*,#9703,.T.);
#9725 = ORIENTED_EDGE('',*,*,#9726,.T.);
#9726 = EDGE_CURVE('',#9696,#9626,#9727,.T.);
#9727 = LINE('',#9728,#9729);
#9728 = CARTESIAN_POINT('',(1.6,-1.09,0.15));
#9729 = VECTOR('',#9730,1.);
#9730 = DIRECTION('',(1.,0.,0.));
#9731 = ORIENTED_EDGE('',*,*,#9623,.F.);
#9732 = ORIENTED_EDGE('',*,*,#9733,.F.);
#9733 = EDGE_CURVE('',#9704,#9624,#9734,.T.);
#9734 = LINE('',#9735,#9736);
#9735 = CARTESIAN_POINT('',(1.6,-1.09,0.));
#9736 = VECTOR('',#9737,1.);
#9737 = DIRECTION('',(1.,0.,0.));
#9738 = PLANE('',#9739);
#9739 = AXIS2_PLACEMENT_3D('',#9740,#9741,#9742);
#9740 = CARTESIAN_POINT('',(1.6,-1.09,0.));
#9741 = DIRECTION('',(0.,1.,0.));
#9742 = DIRECTION('',(1.,0.,0.));
#9743 = ADVANCED_FACE('',(#9744),#9750,.F.);
#9744 = FACE_BOUND('',#9745,.F.);
#9745 = EDGE_LOOP('',(#9746,#9747,#9748,#9749));
#9746 = ORIENTED_EDGE('',*,*,#9649,.T.);
#9747 = ORIENTED_EDGE('',*,*,#9680,.T.);
#9748 = ORIENTED_EDGE('',*,*,#9711,.T.);
#9749 = ORIENTED_EDGE('',*,*,#9733,.T.);
#9750 = PLANE('',#9751);
#9751 = AXIS2_PLACEMENT_3D('',#9752,#9753,#9754);
#9752 = CARTESIAN_POINT('',(2.27,-0.75,0.));
#9753 = DIRECTION('',(0.,0.,1.));
#9754 = DIRECTION('',(1.,0.,-0.));
#9755 = ADVANCED_FACE('',(#9756),#9762,.T.);
#9756 = FACE_BOUND('',#9757,.T.);
#9757 = EDGE_LOOP('',(#9758,#9759,#9760,#9761));
#9758 = ORIENTED_EDGE('',*,*,#9633,.T.);
#9759 = ORIENTED_EDGE('',*,*,#9664,.T.);
#9760 = ORIENTED_EDGE('',*,*,#9695,.T.);
#9761 = ORIENTED_EDGE('',*,*,#9726,.T.);
#9762 = PLANE('',#9763);
#9763 = AXIS2_PLACEMENT_3D('',#9764,#9765,#9766);
#9764 = CARTESIAN_POINT('',(2.27,-0.75,0.15));
#9765 = DIRECTION('',(0.,0.,1.));
#9766 = DIRECTION('',(1.,0.,-0.));
#9767 = ( GEOMETRIC_REPRESENTATION_CONTEXT(3) 
GLOBAL_UNCERTAINTY_ASSIGNED_CONTEXT((#9771)) 
GLOBAL_UNIT_ASSIGNED_CONTEXT((#9768,#9769,#9770)) REPRESENTATION_CONTEXT
('Context #1','3D Context with UNIT and UNCERTAINTY') );
#9768 = ( LENGTH_UNIT() NAMED_UNIT(*) SI_UNIT(.MILLI.,.METRE.) );
#9769 = ( NAMED_UNIT(*) PLANE_ANGLE_UNIT() SI_UNIT($,.RADIAN.) );
#9770 = ( NAMED_UNIT(*) SI_UNIT($,.STERADIAN.) SOLID_ANGLE_UNIT() );
#9771 = UNCERTAINTY_MEASURE_WITH_UNIT(LENGTH_MEASURE(1.E-07),#9768,
  'distance_accuracy_value','confusion accuracy');
#9772 = CONTEXT_DEPENDENT_SHAPE_REPRESENTATION(#9773,#9775);
#9773 = ( REPRESENTATION_RELATIONSHIP('','',#9616,#8168) 
REPRESENTATION_RELATIONSHIP_WITH_TRANSFORMATION(#9774) 
SHAPE_REPRESENTATION_RELATIONSHIP() );
#9774 = ITEM_DEFINED_TRANSFORMATION('','',#11,#8185);
#9775 = PRODUCT_DEFINITION_SHAPE('Placement','Placement of an item',
  #9776);
#9776 = NEXT_ASSEMBLY_USAGE_OCCURRENCE('18','Pin4','',#8163,#9611,$);
#9777 = PRODUCT_RELATED_PRODUCT_CATEGORY('part',$,(#9613));
#9778 = CONTEXT_DEPENDENT_SHAPE_REPRESENTATION(#9779,#9781);
#9779 = ( REPRESENTATION_RELATIONSHIP('','',#8168,#10) 
REPRESENTATION_RELATIONSHIP_WITH_TRANSFORMATION(#9780) 
SHAPE_REPRESENTATION_RELATIONSHIP() );
#9780 = ITEM_DEFINED_TRANSFORMATION('','',#11,#71);
#9781 = PRODUCT_DEFINITION_SHAPE('Placement','Placement of an item',
  #9782);
#9782 = NEXT_ASSEMBLY_USAGE_OCCURRENCE('20','D23','',#5,#8163,$);
#9783 = SHAPE_DEFINITION_REPRESENTATION(#9784,#9790);
#9784 = PRODUCT_DEFINITION_SHAPE('','',#9785);
#9785 = PRODUCT_DEFINITION('design','',#9786,#9789);
#9786 = PRODUCT_DEFINITION_FORMATION('','',#9787);
#9787 = PRODUCT('finger-mods_PCB','finger-mods_PCB','',(#9788));
#9788 = PRODUCT_CONTEXT('',#2,'mechanical');
#9789 = PRODUCT_DEFINITION_CONTEXT('part definition',#2,'design');
#9790 = ADVANCED_BREP_SHAPE_REPRESENTATION('',(#11,#9791),#12673);
#9791 = MANIFOLD_SOLID_BREP('',#9792);
#9792 = CLOSED_SHELL('',(#9793,#9833,#10584,#10609,#11352,#11369,#11386,
    #11403,#11420,#11437,#11454,#11471,#11488,#11505,#11522,#11534,
    #11551,#11568,#11585,#11602,#11619,#11636,#11653,#11670,#11687,
    #11704,#11721,#11738,#11755,#11772,#11789,#11806,#11823,#11840,
    #11857,#11874,#11891,#11913,#11930,#11947,#11964,#11981,#11998,
    #12015,#12032,#12049,#12066,#12083,#12100,#12117,#12134,#12151,
    #12168,#12185,#12202,#12219,#12231,#12248,#12265,#12282,#12299,
    #12316,#12333,#12355,#12372,#12389,#12406,#12423,#12440,#12457,
    #12474,#12491,#12508,#12525,#12542,#12559,#12576,#12593,#12610,
    #12627,#12644,#12661));
#9793 = ADVANCED_FACE('',(#9794),#9828,.T.);
#9794 = FACE_BOUND('',#9795,.T.);
#9795 = EDGE_LOOP('',(#9796,#9806,#9814,#9822));
#9796 = ORIENTED_EDGE('',*,*,#9797,.F.);
#9797 = EDGE_CURVE('',#9798,#9800,#9802,.T.);
#9798 = VERTEX_POINT('',#9799);
#9799 = CARTESIAN_POINT('',(50.,-74.4,0.));
#9800 = VERTEX_POINT('',#9801);
#9801 = CARTESIAN_POINT('',(50.,-79.7,0.));
#9802 = LINE('',#9803,#9804);
#9803 = CARTESIAN_POINT('',(50.,-74.4,0.));
#9804 = VECTOR('',#9805,1.);
#9805 = DIRECTION('',(0.,-1.,0.));
#9806 = ORIENTED_EDGE('',*,*,#9807,.T.);
#9807 = EDGE_CURVE('',#9798,#9808,#9810,.T.);
#9808 = VERTEX_POINT('',#9809);
#9809 = CARTESIAN_POINT('',(50.,-74.4,1.51));
#9810 = LINE('',#9811,#9812);
#9811 = CARTESIAN_POINT('',(50.,-74.4,0.));
#9812 = VECTOR('',#9813,1.);
#9813 = DIRECTION('',(0.,0.,1.));
#9814 = ORIENTED_EDGE('',*,*,#9815,.T.);
#9815 = EDGE_CURVE('',#9808,#9816,#9818,.T.);
#9816 = VERTEX_POINT('',#9817);
#9817 = CARTESIAN_POINT('',(50.,-79.7,1.51));
#9818 = LINE('',#9819,#9820);
#9819 = CARTESIAN_POINT('',(50.,-74.4,1.51));
#9820 = VECTOR('',#9821,1.);
#9821 = DIRECTION('',(0.,-1.,0.));
#9822 = ORIENTED_EDGE('',*,*,#9823,.T.);
#9823 = EDGE_CURVE('',#9816,#9800,#9824,.T.);
#9824 = LINE('',#9825,#9826);
#9825 = CARTESIAN_POINT('',(50.,-79.7,-4.6E-02));
#9826 = VECTOR('',#9827,1.);
#9827 = DIRECTION('',(-0.,-0.,-1.));
#9828 = PLANE('',#9829);
#9829 = AXIS2_PLACEMENT_3D('',#9830,#9831,#9832);
#9830 = CARTESIAN_POINT('',(50.,-74.4,0.));
#9831 = DIRECTION('',(1.,0.,-0.));
#9832 = DIRECTION('',(0.,-1.,0.));
#9833 = ADVANCED_FACE('',(#9834,#9934,#9945,#9956,#9967,#9978,#9989,
    #10000,#10011,#10022,#10033,#10044,#10055,#10066,#10077,#10088,
    #10099,#10110,#10121,#10132,#10143,#10154,#10165,#10339,#10350,
    #10361,#10372,#10383,#10394,#10405),#10579,.F.);
#9834 = FACE_BOUND('',#9835,.F.);
#9835 = EDGE_LOOP('',(#9836,#9845,#9846,#9854,#9862,#9870,#9878,#9887,
    #9895,#9903,#9911,#9919,#9927));
#9836 = ORIENTED_EDGE('',*,*,#9837,.T.);
#9837 = EDGE_CURVE('',#9838,#9800,#9840,.T.);
#9838 = VERTEX_POINT('',#9839);
#9839 = CARTESIAN_POINT('',(50.2,-80.1,0.));
#9840 = CIRCLE('',#9841,0.25);
#9841 = AXIS2_PLACEMENT_3D('',#9842,#9843,#9844);
#9842 = CARTESIAN_POINT('',(50.2,-79.85,0.));
#9843 = DIRECTION('',(-0.,0.,-1.));
#9844 = DIRECTION('',(-0.,-1.,0.));
#9845 = ORIENTED_EDGE('',*,*,#9797,.F.);
#9846 = ORIENTED_EDGE('',*,*,#9847,.F.);
#9847 = EDGE_CURVE('',#9848,#9798,#9850,.T.);
#9848 = VERTEX_POINT('',#9849);
#9849 = CARTESIAN_POINT('',(33.8,-74.4,0.));
#9850 = LINE('',#9851,#9852);
#9851 = CARTESIAN_POINT('',(33.8,-74.4,0.));
#9852 = VECTOR('',#9853,1.);
#9853 = DIRECTION('',(1.,0.,0.));
#9854 = ORIENTED_EDGE('',*,*,#9855,.F.);
#9855 = EDGE_CURVE('',#9856,#9848,#9858,.T.);
#9856 = VERTEX_POINT('',#9857);
#9857 = CARTESIAN_POINT('',(33.8,-95.6,0.));
#9858 = LINE('',#9859,#9860);
#9859 = CARTESIAN_POINT('',(33.8,-95.6,0.));
#9860 = VECTOR('',#9861,1.);
#9861 = DIRECTION('',(0.,1.,0.));
#9862 = ORIENTED_EDGE('',*,*,#9863,.F.);
#9863 = EDGE_CURVE('',#9864,#9856,#9866,.T.);
#9864 = VERTEX_POINT('',#9865);
#9865 = CARTESIAN_POINT('',(50.,-95.6,0.));
#9866 = LINE('',#9867,#9868);
#9867 = CARTESIAN_POINT('',(50.,-95.6,0.));
#9868 = VECTOR('',#9869,1.);
#9869 = DIRECTION('',(-1.,0.,0.));
#9870 = ORIENTED_EDGE('',*,*,#9871,.F.);
#9871 = EDGE_CURVE('',#9872,#9864,#9874,.T.);
#9872 = VERTEX_POINT('',#9873);
#9873 = CARTESIAN_POINT('',(50.,-88.49999999998,0.));
#9874 = LINE('',#9875,#9876);
#9875 = CARTESIAN_POINT('',(50.,-88.4,0.));
#9876 = VECTOR('',#9877,1.);
#9877 = DIRECTION('',(0.,-1.,0.));
#9878 = ORIENTED_EDGE('',*,*,#9879,.T.);
#9879 = EDGE_CURVE('',#9872,#9880,#9882,.T.);
#9880 = VERTEX_POINT('',#9881);
#9881 = CARTESIAN_POINT('',(50.4,-88.49999999999,0.));
#9882 = CIRCLE('',#9883,0.25);
#9883 = AXIS2_PLACEMENT_3D('',#9884,#9885,#9886);
#9884 = CARTESIAN_POINT('',(50.2,-88.35,0.));
#9885 = DIRECTION('',(-0.,0.,-1.));
#9886 = DIRECTION('',(-0.,-1.,0.));
#9887 = ORIENTED_EDGE('',*,*,#9888,.F.);
#9888 = EDGE_CURVE('',#9889,#9880,#9891,.T.);
#9889 = VERTEX_POINT('',#9890);
#9890 = CARTESIAN_POINT('',(50.4,-95.6,0.));
#9891 = LINE('',#9892,#9893);
#9892 = CARTESIAN_POINT('',(50.4,-95.6,0.));
#9893 = VECTOR('',#9894,1.);
#9894 = DIRECTION('',(0.,1.,0.));
#9895 = ORIENTED_EDGE('',*,*,#9896,.F.);
#9896 = EDGE_CURVE('',#9897,#9889,#9899,.T.);
#9897 = VERTEX_POINT('',#9898);
#9898 = CARTESIAN_POINT('',(66.6,-95.6,0.));
#9899 = LINE('',#9900,#9901);
#9900 = CARTESIAN_POINT('',(66.6,-95.6,0.));
#9901 = VECTOR('',#9902,1.);
#9902 = DIRECTION('',(-1.,0.,0.));
#9903 = ORIENTED_EDGE('',*,*,#9904,.F.);
#9904 = EDGE_CURVE('',#9905,#9897,#9907,.T.);
#9905 = VERTEX_POINT('',#9906);
#9906 = CARTESIAN_POINT('',(66.6,-78.4,0.));
#9907 = LINE('',#9908,#9909);
#9908 = CARTESIAN_POINT('',(66.6,-78.4,0.));
#9909 = VECTOR('',#9910,1.);
#9910 = DIRECTION('',(0.,-1.,0.));
#9911 = ORIENTED_EDGE('',*,*,#9912,.F.);
#9912 = EDGE_CURVE('',#9913,#9905,#9915,.T.);
#9913 = VERTEX_POINT('',#9914);
#9914 = CARTESIAN_POINT('',(50.4,-78.4,0.));
#9915 = LINE('',#9916,#9917);
#9916 = CARTESIAN_POINT('',(50.4,-78.4,0.));
#9917 = VECTOR('',#9918,1.);
#9918 = DIRECTION('',(1.,0.,0.));
#9919 = ORIENTED_EDGE('',*,*,#9920,.F.);
#9920 = EDGE_CURVE('',#9921,#9913,#9923,.T.);
#9921 = VERTEX_POINT('',#9922);
#9922 = CARTESIAN_POINT('',(50.4,-79.69999999999,0.));
#9923 = LINE('',#9924,#9925);
#9924 = CARTESIAN_POINT('',(50.4,-79.8,0.));
#9925 = VECTOR('',#9926,1.);
#9926 = DIRECTION('',(0.,1.,0.));
#9927 = ORIENTED_EDGE('',*,*,#9928,.T.);
#9928 = EDGE_CURVE('',#9921,#9838,#9929,.T.);
#9929 = CIRCLE('',#9930,0.25);
#9930 = AXIS2_PLACEMENT_3D('',#9931,#9932,#9933);
#9931 = CARTESIAN_POINT('',(50.2,-79.85,0.));
#9932 = DIRECTION('',(-0.,0.,-1.));
#9933 = DIRECTION('',(-0.,-1.,0.));
#9934 = FACE_BOUND('',#9935,.F.);
#9935 = EDGE_LOOP('',(#9936));
#9936 = ORIENTED_EDGE('',*,*,#9937,.T.);
#9937 = EDGE_CURVE('',#9938,#9938,#9940,.T.);
#9938 = VERTEX_POINT('',#9939);
#9939 = CARTESIAN_POINT('',(35.6,-94.3,0.));
#9940 = CIRCLE('',#9941,0.5);
#9941 = AXIS2_PLACEMENT_3D('',#9942,#9943,#9944);
#9942 = CARTESIAN_POINT('',(35.6,-93.8,0.));
#9943 = DIRECTION('',(-0.,0.,-1.));
#9944 = DIRECTION('',(-0.,-1.,0.));
#9945 = FACE_BOUND('',#9946,.F.);
#9946 = EDGE_LOOP('',(#9947));
#9947 = ORIENTED_EDGE('',*,*,#9948,.T.);
#9948 = EDGE_CURVE('',#9949,#9949,#9951,.T.);
#9949 = VERTEX_POINT('',#9950);
#9950 = CARTESIAN_POINT('',(38.14,-94.3,0.));
#9951 = CIRCLE('',#9952,0.5);
#9952 = AXIS2_PLACEMENT_3D('',#9953,#9954,#9955);
#9953 = CARTESIAN_POINT('',(38.14,-93.8,0.));
#9954 = DIRECTION('',(-0.,0.,-1.));
#9955 = DIRECTION('',(-0.,-1.,0.));
#9956 = FACE_BOUND('',#9957,.F.);
#9957 = EDGE_LOOP('',(#9958));
#9958 = ORIENTED_EDGE('',*,*,#9959,.T.);
#9959 = EDGE_CURVE('',#9960,#9960,#9962,.T.);
#9960 = VERTEX_POINT('',#9961);
#9961 = CARTESIAN_POINT('',(40.68,-94.3,0.));
#9962 = CIRCLE('',#9963,0.5);
#9963 = AXIS2_PLACEMENT_3D('',#9964,#9965,#9966);
#9964 = CARTESIAN_POINT('',(40.68,-93.8,0.));
#9965 = DIRECTION('',(-0.,0.,-1.));
#9966 = DIRECTION('',(-0.,-1.,0.));
#9967 = FACE_BOUND('',#9968,.F.);
#9968 = EDGE_LOOP('',(#9969));
#9969 = ORIENTED_EDGE('',*,*,#9970,.T.);
#9970 = EDGE_CURVE('',#9971,#9971,#9973,.T.);
#9971 = VERTEX_POINT('',#9972);
#9972 = CARTESIAN_POINT('',(43.22,-94.3,0.));
#9973 = CIRCLE('',#9974,0.5);
#9974 = AXIS2_PLACEMENT_3D('',#9975,#9976,#9977);
#9975 = CARTESIAN_POINT('',(43.22,-93.8,0.));
#9976 = DIRECTION('',(-0.,0.,-1.));
#9977 = DIRECTION('',(-0.,-1.,0.));
#9978 = FACE_BOUND('',#9979,.F.);
#9979 = EDGE_LOOP('',(#9980));
#9980 = ORIENTED_EDGE('',*,*,#9981,.T.);
#9981 = EDGE_CURVE('',#9982,#9982,#9984,.T.);
#9982 = VERTEX_POINT('',#9983);
#9983 = CARTESIAN_POINT('',(45.76,-94.3,0.));
#9984 = CIRCLE('',#9985,0.5);
#9985 = AXIS2_PLACEMENT_3D('',#9986,#9987,#9988);
#9986 = CARTESIAN_POINT('',(45.76,-93.8,0.));
#9987 = DIRECTION('',(-0.,0.,-1.));
#9988 = DIRECTION('',(-0.,-1.,0.));
#9989 = FACE_BOUND('',#9990,.F.);
#9990 = EDGE_LOOP('',(#9991));
#9991 = ORIENTED_EDGE('',*,*,#9992,.T.);
#9992 = EDGE_CURVE('',#9993,#9993,#9995,.T.);
#9993 = VERTEX_POINT('',#9994);
#9994 = CARTESIAN_POINT('',(48.3,-94.3,0.));
#9995 = CIRCLE('',#9996,0.5);
#9996 = AXIS2_PLACEMENT_3D('',#9997,#9998,#9999);
#9997 = CARTESIAN_POINT('',(48.3,-93.8,0.));
#9998 = DIRECTION('',(-0.,0.,-1.));
#9999 = DIRECTION('',(-0.,-1.,0.));
#10000 = FACE_BOUND('',#10001,.F.);
#10001 = EDGE_LOOP('',(#10002));
#10002 = ORIENTED_EDGE('',*,*,#10003,.T.);
#10003 = EDGE_CURVE('',#10004,#10004,#10006,.T.);
#10004 = VERTEX_POINT('',#10005);
#10005 = CARTESIAN_POINT('',(50.2,-87.75,0.));
#10006 = CIRCLE('',#10007,0.25);
#10007 = AXIS2_PLACEMENT_3D('',#10008,#10009,#10010);
#10008 = CARTESIAN_POINT('',(50.2,-87.5,0.));
#10009 = DIRECTION('',(-0.,0.,-1.));
#10010 = DIRECTION('',(-0.,-1.,0.));
#10011 = FACE_BOUND('',#10012,.F.);
#10012 = EDGE_LOOP('',(#10013));
#10013 = ORIENTED_EDGE('',*,*,#10014,.T.);
#10014 = EDGE_CURVE('',#10015,#10015,#10017,.T.);
#10015 = VERTEX_POINT('',#10016);
#10016 = CARTESIAN_POINT('',(50.2,-86.9,0.));
#10017 = CIRCLE('',#10018,0.25);
#10018 = AXIS2_PLACEMENT_3D('',#10019,#10020,#10021);
#10019 = CARTESIAN_POINT('',(50.2,-86.65,0.));
#10020 = DIRECTION('',(-0.,0.,-1.));
#10021 = DIRECTION('',(-0.,-1.,0.));
#10022 = FACE_BOUND('',#10023,.F.);
#10023 = EDGE_LOOP('',(#10024));
#10024 = ORIENTED_EDGE('',*,*,#10025,.T.);
#10025 = EDGE_CURVE('',#10026,#10026,#10028,.T.);
#10026 = VERTEX_POINT('',#10027);
#10027 = CARTESIAN_POINT('',(50.2,-86.05,0.));
#10028 = CIRCLE('',#10029,0.25);
#10029 = AXIS2_PLACEMENT_3D('',#10030,#10031,#10032);
#10030 = CARTESIAN_POINT('',(50.2,-85.8,0.));
#10031 = DIRECTION('',(-0.,0.,-1.));
#10032 = DIRECTION('',(-0.,-1.,0.));
#10033 = FACE_BOUND('',#10034,.F.);
#10034 = EDGE_LOOP('',(#10035));
#10035 = ORIENTED_EDGE('',*,*,#10036,.T.);
#10036 = EDGE_CURVE('',#10037,#10037,#10039,.T.);
#10037 = VERTEX_POINT('',#10038);
#10038 = CARTESIAN_POINT('',(52.12875,-94.3,0.));
#10039 = CIRCLE('',#10040,0.5);
#10040 = AXIS2_PLACEMENT_3D('',#10041,#10042,#10043);
#10041 = CARTESIAN_POINT('',(52.12875,-93.8,0.));
#10042 = DIRECTION('',(-0.,0.,-1.));
#10043 = DIRECTION('',(-0.,-1.,0.));
#10044 = FACE_BOUND('',#10045,.F.);
#10045 = EDGE_LOOP('',(#10046));
#10046 = ORIENTED_EDGE('',*,*,#10047,.T.);
#10047 = EDGE_CURVE('',#10048,#10048,#10050,.T.);
#10048 = VERTEX_POINT('',#10049);
#10049 = CARTESIAN_POINT('',(54.66875,-94.3,0.));
#10050 = CIRCLE('',#10051,0.5);
#10051 = AXIS2_PLACEMENT_3D('',#10052,#10053,#10054);
#10052 = CARTESIAN_POINT('',(54.66875,-93.8,0.));
#10053 = DIRECTION('',(-0.,0.,-1.));
#10054 = DIRECTION('',(-0.,-1.,0.));
#10055 = FACE_BOUND('',#10056,.F.);
#10056 = EDGE_LOOP('',(#10057));
#10057 = ORIENTED_EDGE('',*,*,#10058,.T.);
#10058 = EDGE_CURVE('',#10059,#10059,#10061,.T.);
#10059 = VERTEX_POINT('',#10060);
#10060 = CARTESIAN_POINT('',(57.20875,-94.3,0.));
#10061 = CIRCLE('',#10062,0.5);
#10062 = AXIS2_PLACEMENT_3D('',#10063,#10064,#10065);
#10063 = CARTESIAN_POINT('',(57.20875,-93.8,0.));
#10064 = DIRECTION('',(-0.,0.,-1.));
#10065 = DIRECTION('',(-0.,-1.,0.));
#10066 = FACE_BOUND('',#10067,.F.);
#10067 = EDGE_LOOP('',(#10068));
#10068 = ORIENTED_EDGE('',*,*,#10069,.T.);
#10069 = EDGE_CURVE('',#10070,#10070,#10072,.T.);
#10070 = VERTEX_POINT('',#10071);
#10071 = CARTESIAN_POINT('',(59.74875,-94.3,0.));
#10072 = CIRCLE('',#10073,0.5);
#10073 = AXIS2_PLACEMENT_3D('',#10074,#10075,#10076);
#10074 = CARTESIAN_POINT('',(59.74875,-93.8,0.));
#10075 = DIRECTION('',(-0.,0.,-1.));
#10076 = DIRECTION('',(-0.,-1.,0.));
#10077 = FACE_BOUND('',#10078,.F.);
#10078 = EDGE_LOOP('',(#10079));
#10079 = ORIENTED_EDGE('',*,*,#10080,.T.);
#10080 = EDGE_CURVE('',#10081,#10081,#10083,.T.);
#10081 = VERTEX_POINT('',#10082);
#10082 = CARTESIAN_POINT('',(62.28875,-94.3,0.));
#10083 = CIRCLE('',#10084,0.5);
#10084 = AXIS2_PLACEMENT_3D('',#10085,#10086,#10087);
#10085 = CARTESIAN_POINT('',(62.28875,-93.8,0.));
#10086 = DIRECTION('',(-0.,0.,-1.));
#10087 = DIRECTION('',(-0.,-1.,0.));
#10088 = FACE_BOUND('',#10089,.F.);
#10089 = EDGE_LOOP('',(#10090));
#10090 = ORIENTED_EDGE('',*,*,#10091,.T.);
#10091 = EDGE_CURVE('',#10092,#10092,#10094,.T.);
#10092 = VERTEX_POINT('',#10093);
#10093 = CARTESIAN_POINT('',(64.82875,-94.3,0.));
#10094 = CIRCLE('',#10095,0.5);
#10095 = AXIS2_PLACEMENT_3D('',#10096,#10097,#10098);
#10096 = CARTESIAN_POINT('',(64.82875,-93.8,0.));
#10097 = DIRECTION('',(-0.,0.,-1.));
#10098 = DIRECTION('',(-0.,-1.,0.));
#10099 = FACE_BOUND('',#10100,.F.);
#10100 = EDGE_LOOP('',(#10101));
#10101 = ORIENTED_EDGE('',*,*,#10102,.T.);
#10102 = EDGE_CURVE('',#10103,#10103,#10105,.T.);
#10103 = VERTEX_POINT('',#10104);
#10104 = CARTESIAN_POINT('',(50.2,-85.2,0.));
#10105 = CIRCLE('',#10106,0.25);
#10106 = AXIS2_PLACEMENT_3D('',#10107,#10108,#10109);
#10107 = CARTESIAN_POINT('',(50.2,-84.95,0.));
#10108 = DIRECTION('',(-0.,0.,-1.));
#10109 = DIRECTION('',(-0.,-1.,0.));
#10110 = FACE_BOUND('',#10111,.F.);
#10111 = EDGE_LOOP('',(#10112));
#10112 = ORIENTED_EDGE('',*,*,#10113,.T.);
#10113 = EDGE_CURVE('',#10114,#10114,#10116,.T.);
#10114 = VERTEX_POINT('',#10115);
#10115 = CARTESIAN_POINT('',(50.2,-84.35,0.));
#10116 = CIRCLE('',#10117,0.25);
#10117 = AXIS2_PLACEMENT_3D('',#10118,#10119,#10120);
#10118 = CARTESIAN_POINT('',(50.2,-84.1,0.));
#10119 = DIRECTION('',(-0.,0.,-1.));
#10120 = DIRECTION('',(-0.,-1.,0.));
#10121 = FACE_BOUND('',#10122,.F.);
#10122 = EDGE_LOOP('',(#10123));
#10123 = ORIENTED_EDGE('',*,*,#10124,.T.);
#10124 = EDGE_CURVE('',#10125,#10125,#10127,.T.);
#10125 = VERTEX_POINT('',#10126);
#10126 = CARTESIAN_POINT('',(50.2,-83.5,0.));
#10127 = CIRCLE('',#10128,0.25);
#10128 = AXIS2_PLACEMENT_3D('',#10129,#10130,#10131);
#10129 = CARTESIAN_POINT('',(50.2,-83.25,0.));
#10130 = DIRECTION('',(-0.,0.,-1.));
#10131 = DIRECTION('',(-0.,-1.,0.));
#10132 = FACE_BOUND('',#10133,.F.);
#10133 = EDGE_LOOP('',(#10134));
#10134 = ORIENTED_EDGE('',*,*,#10135,.T.);
#10135 = EDGE_CURVE('',#10136,#10136,#10138,.T.);
#10136 = VERTEX_POINT('',#10137);
#10137 = CARTESIAN_POINT('',(50.2,-82.65,0.));
#10138 = CIRCLE('',#10139,0.25);
#10139 = AXIS2_PLACEMENT_3D('',#10140,#10141,#10142);
#10140 = CARTESIAN_POINT('',(50.2,-82.4,0.));
#10141 = DIRECTION('',(-0.,0.,-1.));
#10142 = DIRECTION('',(-0.,-1.,0.));
#10143 = FACE_BOUND('',#10144,.F.);
#10144 = EDGE_LOOP('',(#10145));
#10145 = ORIENTED_EDGE('',*,*,#10146,.T.);
#10146 = EDGE_CURVE('',#10147,#10147,#10149,.T.);
#10147 = VERTEX_POINT('',#10148);
#10148 = CARTESIAN_POINT('',(50.2,-81.8,0.));
#10149 = CIRCLE('',#10150,0.25);
#10150 = AXIS2_PLACEMENT_3D('',#10151,#10152,#10153);
#10151 = CARTESIAN_POINT('',(50.2,-81.55,0.));
#10152 = DIRECTION('',(-0.,0.,-1.));
#10153 = DIRECTION('',(-0.,-1.,0.));
#10154 = FACE_BOUND('',#10155,.F.);
#10155 = EDGE_LOOP('',(#10156));
#10156 = ORIENTED_EDGE('',*,*,#10157,.T.);
#10157 = EDGE_CURVE('',#10158,#10158,#10160,.T.);
#10158 = VERTEX_POINT('',#10159);
#10159 = CARTESIAN_POINT('',(50.2,-80.95,0.));
#10160 = CIRCLE('',#10161,0.25);
#10161 = AXIS2_PLACEMENT_3D('',#10162,#10163,#10164);
#10162 = CARTESIAN_POINT('',(50.2,-80.7,0.));
#10163 = DIRECTION('',(-0.,0.,-1.));
#10164 = DIRECTION('',(-0.,-1.,0.));
#10165 = FACE_BOUND('',#10166,.F.);
#10166 = EDGE_LOOP('',(#10167,#10178,#10187,#10195,#10203,#10212,#10221,
    #10230,#10238,#10246,#10255,#10264,#10273,#10281,#10289,#10298,
    #10307,#10316,#10324,#10332));
#10167 = ORIENTED_EDGE('',*,*,#10168,.F.);
#10168 = EDGE_CURVE('',#10169,#10171,#10173,.T.);
#10169 = VERTEX_POINT('',#10170);
#10170 = CARTESIAN_POINT('',(43.743934,-79.343345,0.));
#10171 = VERTEX_POINT('',#10172);
#10172 = CARTESIAN_POINT('',(43.056655,-78.656066,0.));
#10173 = CIRCLE('',#10174,0.499999603944);
#10174 = AXIS2_PLACEMENT_3D('',#10175,#10176,#10177);
#10175 = CARTESIAN_POINT('',(43.31715788946,-79.08284211054,0.));
#10176 = DIRECTION('',(0.,0.,1.));
#10177 = DIRECTION('',(0.853552897188,-0.521006191615,0.));
#10178 = ORIENTED_EDGE('',*,*,#10179,.F.);
#10179 = EDGE_CURVE('',#10180,#10169,#10182,.T.);
#10180 = VERTEX_POINT('',#10181);
#10181 = CARTESIAN_POINT('',(43.7,-79.499647,0.));
#10182 = CIRCLE('',#10183,0.299991600078);
#10183 = AXIS2_PLACEMENT_3D('',#10184,#10185,#10186);
#10184 = CARTESIAN_POINT('',(43.999991600065,-79.49964428203,0.));
#10185 = DIRECTION('',(0.,0.,-1.));
#10186 = DIRECTION('',(-0.999999999959,-9.06012357246E-06,-0.));
#10187 = ORIENTED_EDGE('',*,*,#10188,.F.);
#10188 = EDGE_CURVE('',#10189,#10180,#10191,.T.);
#10189 = VERTEX_POINT('',#10190);
#10190 = CARTESIAN_POINT('',(43.7,-80.2,0.));
#10191 = LINE('',#10192,#10193);
#10192 = CARTESIAN_POINT('',(43.7,-80.2,0.));
#10193 = VECTOR('',#10194,1.);
#10194 = DIRECTION('',(0.,1.,0.));
#10195 = ORIENTED_EDGE('',*,*,#10196,.F.);
#10196 = EDGE_CURVE('',#10197,#10189,#10199,.T.);
#10197 = VERTEX_POINT('',#10198);
#10198 = CARTESIAN_POINT('',(43.7,-80.900353,0.));
#10199 = LINE('',#10200,#10201);
#10200 = CARTESIAN_POINT('',(43.7,-80.900353,0.));
#10201 = VECTOR('',#10202,1.);
#10202 = DIRECTION('',(0.,1.,0.));
#10203 = ORIENTED_EDGE('',*,*,#10204,.F.);
#10204 = EDGE_CURVE('',#10205,#10197,#10207,.T.);
#10205 = VERTEX_POINT('',#10206);
#10206 = CARTESIAN_POINT('',(43.743934,-81.056655,0.));
#10207 = CIRCLE('',#10208,0.299991600077);
#10208 = AXIS2_PLACEMENT_3D('',#10209,#10210,#10211);
#10209 = CARTESIAN_POINT('',(43.999991600065,-80.90035571796,0.));
#10210 = DIRECTION('',(0.,0.,-1.));
#10211 = DIRECTION('',(-0.853549232709,-0.521012195004,-0.));
#10212 = ORIENTED_EDGE('',*,*,#10213,.F.);
#10213 = EDGE_CURVE('',#10214,#10205,#10216,.T.);
#10214 = VERTEX_POINT('',#10215);
#10215 = CARTESIAN_POINT('',(43.056655,-81.743934,0.));
#10216 = CIRCLE('',#10217,0.499999603944);
#10217 = AXIS2_PLACEMENT_3D('',#10218,#10219,#10220);
#10218 = CARTESIAN_POINT('',(43.31715788946,-81.31715788946,0.));
#10219 = DIRECTION('',(0.,0.,1.));
#10220 = DIRECTION('',(-0.521006191616,-0.853552897188,0.));
#10221 = ORIENTED_EDGE('',*,*,#10222,.F.);
#10222 = EDGE_CURVE('',#10223,#10214,#10225,.T.);
#10223 = VERTEX_POINT('',#10224);
#10224 = CARTESIAN_POINT('',(42.900353,-81.7,0.));
#10225 = CIRCLE('',#10226,0.299991600078);
#10226 = AXIS2_PLACEMENT_3D('',#10227,#10228,#10229);
#10227 = CARTESIAN_POINT('',(42.900355717961,-81.99999160006,0.));
#10228 = DIRECTION('',(0.,0.,-1.));
#10229 = DIRECTION('',(-9.060123596144E-06,0.999999999959,0.));
#10230 = ORIENTED_EDGE('',*,*,#10231,.F.);
#10231 = EDGE_CURVE('',#10232,#10223,#10234,.T.);
#10232 = VERTEX_POINT('',#10233);
#10233 = CARTESIAN_POINT('',(42.,-81.7,0.));
#10234 = LINE('',#10235,#10236);
#10235 = CARTESIAN_POINT('',(42.,-81.7,0.));
#10236 = VECTOR('',#10237,1.);
#10237 = DIRECTION('',(1.,0.,0.));
#10238 = ORIENTED_EDGE('',*,*,#10239,.F.);
#10239 = EDGE_CURVE('',#10240,#10232,#10242,.T.);
#10240 = VERTEX_POINT('',#10241);
#10241 = CARTESIAN_POINT('',(41.099647,-81.7,0.));
#10242 = LINE('',#10243,#10244);
#10243 = CARTESIAN_POINT('',(41.099647,-81.7,0.));
#10244 = VECTOR('',#10245,1.);
#10245 = DIRECTION('',(1.,0.,0.));
#10246 = ORIENTED_EDGE('',*,*,#10247,.F.);
#10247 = EDGE_CURVE('',#10248,#10240,#10250,.T.);
#10248 = VERTEX_POINT('',#10249);
#10249 = CARTESIAN_POINT('',(40.943345,-81.743934,0.));
#10250 = CIRCLE('',#10251,0.299966762338);
#10251 = AXIS2_PLACEMENT_3D('',#10252,#10253,#10254);
#10252 = CARTESIAN_POINT('',(41.099637300506,-81.99996676218,0.));
#10253 = DIRECTION('',(0.,0.,-1.));
#10254 = DIRECTION('',(-0.521032061311,0.853537105864,0.));
#10255 = ORIENTED_EDGE('',*,*,#10256,.F.);
#10256 = EDGE_CURVE('',#10257,#10248,#10259,.T.);
#10257 = VERTEX_POINT('',#10258);
#10258 = CARTESIAN_POINT('',(40.256066,-81.056655,0.));
#10259 = CIRCLE('',#10260,0.499999603944);
#10260 = AXIS2_PLACEMENT_3D('',#10261,#10262,#10263);
#10261 = CARTESIAN_POINT('',(40.68284211054,-81.31715788946,0.));
#10262 = DIRECTION('',(0.,0.,1.));
#10263 = DIRECTION('',(-0.853552897188,0.521006191615,0.));
#10264 = ORIENTED_EDGE('',*,*,#10265,.F.);
#10265 = EDGE_CURVE('',#10266,#10257,#10268,.T.);
#10266 = VERTEX_POINT('',#10267);
#10267 = CARTESIAN_POINT('',(40.3,-80.900353,0.));
#10268 = CIRCLE('',#10269,0.299683785035);
#10269 = AXIS2_PLACEMENT_3D('',#10270,#10271,#10272);
#10270 = CARTESIAN_POINT('',(40.000316228253,-80.90044224359,0.));
#10271 = DIRECTION('',(0.,0.,-1.));
#10272 = DIRECTION('',(0.99999995566,2.977925315491E-04,0.));
#10273 = ORIENTED_EDGE('',*,*,#10274,.F.);
#10274 = EDGE_CURVE('',#10275,#10266,#10277,.T.);
#10275 = VERTEX_POINT('',#10276);
#10276 = CARTESIAN_POINT('',(40.3,-80.2,0.));
#10277 = LINE('',#10278,#10279);
#10278 = CARTESIAN_POINT('',(40.3,-80.2,0.));
#10279 = VECTOR('',#10280,1.);
#10280 = DIRECTION('',(0.,-1.,0.));
#10281 = ORIENTED_EDGE('',*,*,#10282,.F.);
#10282 = EDGE_CURVE('',#10283,#10275,#10285,.T.);
#10283 = VERTEX_POINT('',#10284);
#10284 = CARTESIAN_POINT('',(40.3,-79.499647,0.));
#10285 = LINE('',#10286,#10287);
#10286 = CARTESIAN_POINT('',(40.3,-79.499647,0.));
#10287 = VECTOR('',#10288,1.);
#10288 = DIRECTION('',(0.,-1.,0.));
#10289 = ORIENTED_EDGE('',*,*,#10290,.F.);
#10290 = EDGE_CURVE('',#10291,#10283,#10293,.T.);
#10291 = VERTEX_POINT('',#10292);
#10292 = CARTESIAN_POINT('',(40.256066,-79.343345,0.));
#10293 = CIRCLE('',#10294,0.299966762338);
#10294 = AXIS2_PLACEMENT_3D('',#10295,#10296,#10297);
#10295 = CARTESIAN_POINT('',(40.000033237819,-79.4996373005,0.));
#10296 = DIRECTION('',(0.,0.,-1.));
#10297 = DIRECTION('',(0.853537105863,0.521032061311,0.));
#10298 = ORIENTED_EDGE('',*,*,#10299,.F.);
#10299 = EDGE_CURVE('',#10300,#10291,#10302,.T.);
#10300 = VERTEX_POINT('',#10301);
#10301 = CARTESIAN_POINT('',(40.943345,-78.656066,0.));
#10302 = CIRCLE('',#10303,0.499998734392);
#10303 = AXIS2_PLACEMENT_3D('',#10304,#10305,#10306);
#10304 = CARTESIAN_POINT('',(40.682839495673,-79.08283949567,0.));
#10305 = DIRECTION('',(0.,0.,1.));
#10306 = DIRECTION('',(0.521012327448,0.853549151864,-0.));
#10307 = ORIENTED_EDGE('',*,*,#10308,.F.);
#10308 = EDGE_CURVE('',#10309,#10300,#10311,.T.);
#10309 = VERTEX_POINT('',#10310);
#10310 = CARTESIAN_POINT('',(41.099647,-78.7,0.));
#10311 = CIRCLE('',#10312,0.300023425677);
#10312 = AXIS2_PLACEMENT_3D('',#10313,#10314,#10315);
#10313 = CARTESIAN_POINT('',(41.099653227693,-78.39997657438,0.));
#10314 = DIRECTION('',(0.,0.,-1.));
#10315 = DIRECTION('',(-2.075735536471E-05,-0.999999999785,-0.));
#10316 = ORIENTED_EDGE('',*,*,#10317,.F.);
#10317 = EDGE_CURVE('',#10318,#10309,#10320,.T.);
#10318 = VERTEX_POINT('',#10319);
#10319 = CARTESIAN_POINT('',(42.,-78.7,0.));
#10320 = LINE('',#10321,#10322);
#10321 = CARTESIAN_POINT('',(42.,-78.7,0.));
#10322 = VECTOR('',#10323,1.);
#10323 = DIRECTION('',(-1.,0.,0.));
#10324 = ORIENTED_EDGE('',*,*,#10325,.F.);
#10325 = EDGE_CURVE('',#10326,#10318,#10328,.T.);
#10326 = VERTEX_POINT('',#10327);
#10327 = CARTESIAN_POINT('',(42.900353,-78.7,0.));
#10328 = LINE('',#10329,#10330);
#10329 = CARTESIAN_POINT('',(42.900353,-78.7,0.));
#10330 = VECTOR('',#10331,1.);
#10331 = DIRECTION('',(-1.,0.,0.));
#10332 = ORIENTED_EDGE('',*,*,#10333,.F.);
#10333 = EDGE_CURVE('',#10171,#10326,#10334,.T.);
#10334 = CIRCLE('',#10335,0.299991600078);
#10335 = AXIS2_PLACEMENT_3D('',#10336,#10337,#10338);
#10336 = CARTESIAN_POINT('',(42.900355717961,-78.40000839993,0.));
#10337 = DIRECTION('',(0.,0.,-1.));
#10338 = DIRECTION('',(0.521012195003,-0.853549232709,0.));
#10339 = FACE_BOUND('',#10340,.F.);
#10340 = EDGE_LOOP('',(#10341));
#10341 = ORIENTED_EDGE('',*,*,#10342,.T.);
#10342 = EDGE_CURVE('',#10343,#10343,#10345,.T.);
#10343 = VERTEX_POINT('',#10344);
#10344 = CARTESIAN_POINT('',(35.6,-76.7,0.));
#10345 = CIRCLE('',#10346,0.5);
#10346 = AXIS2_PLACEMENT_3D('',#10347,#10348,#10349);
#10347 = CARTESIAN_POINT('',(35.6,-76.2,0.));
#10348 = DIRECTION('',(-0.,0.,-1.));
#10349 = DIRECTION('',(-0.,-1.,0.));
#10350 = FACE_BOUND('',#10351,.F.);
#10351 = EDGE_LOOP('',(#10352));
#10352 = ORIENTED_EDGE('',*,*,#10353,.T.);
#10353 = EDGE_CURVE('',#10354,#10354,#10356,.T.);
#10354 = VERTEX_POINT('',#10355);
#10355 = CARTESIAN_POINT('',(38.14,-76.7,0.));
#10356 = CIRCLE('',#10357,0.5);
#10357 = AXIS2_PLACEMENT_3D('',#10358,#10359,#10360);
#10358 = CARTESIAN_POINT('',(38.14,-76.2,0.));
#10359 = DIRECTION('',(-0.,0.,-1.));
#10360 = DIRECTION('',(-0.,-1.,0.));
#10361 = FACE_BOUND('',#10362,.F.);
#10362 = EDGE_LOOP('',(#10363));
#10363 = ORIENTED_EDGE('',*,*,#10364,.T.);
#10364 = EDGE_CURVE('',#10365,#10365,#10367,.T.);
#10365 = VERTEX_POINT('',#10366);
#10366 = CARTESIAN_POINT('',(40.68,-76.7,0.));
#10367 = CIRCLE('',#10368,0.5);
#10368 = AXIS2_PLACEMENT_3D('',#10369,#10370,#10371);
#10369 = CARTESIAN_POINT('',(40.68,-76.2,0.));
#10370 = DIRECTION('',(-0.,0.,-1.));
#10371 = DIRECTION('',(-0.,-1.,0.));
#10372 = FACE_BOUND('',#10373,.F.);
#10373 = EDGE_LOOP('',(#10374));
#10374 = ORIENTED_EDGE('',*,*,#10375,.T.);
#10375 = EDGE_CURVE('',#10376,#10376,#10378,.T.);
#10376 = VERTEX_POINT('',#10377);
#10377 = CARTESIAN_POINT('',(43.22,-76.7,0.));
#10378 = CIRCLE('',#10379,0.5);
#10379 = AXIS2_PLACEMENT_3D('',#10380,#10381,#10382);
#10380 = CARTESIAN_POINT('',(43.22,-76.2,0.));
#10381 = DIRECTION('',(-0.,0.,-1.));
#10382 = DIRECTION('',(-0.,-1.,0.));
#10383 = FACE_BOUND('',#10384,.F.);
#10384 = EDGE_LOOP('',(#10385));
#10385 = ORIENTED_EDGE('',*,*,#10386,.T.);
#10386 = EDGE_CURVE('',#10387,#10387,#10389,.T.);
#10387 = VERTEX_POINT('',#10388);
#10388 = CARTESIAN_POINT('',(45.76,-76.7,0.));
#10389 = CIRCLE('',#10390,0.5);
#10390 = AXIS2_PLACEMENT_3D('',#10391,#10392,#10393);
#10391 = CARTESIAN_POINT('',(45.76,-76.2,0.));
#10392 = DIRECTION('',(-0.,0.,-1.));
#10393 = DIRECTION('',(-0.,-1.,0.));
#10394 = FACE_BOUND('',#10395,.F.);
#10395 = EDGE_LOOP('',(#10396));
#10396 = ORIENTED_EDGE('',*,*,#10397,.T.);
#10397 = EDGE_CURVE('',#10398,#10398,#10400,.T.);
#10398 = VERTEX_POINT('',#10399);
#10399 = CARTESIAN_POINT('',(48.3,-76.7,0.));
#10400 = CIRCLE('',#10401,0.5);
#10401 = AXIS2_PLACEMENT_3D('',#10402,#10403,#10404);
#10402 = CARTESIAN_POINT('',(48.3,-76.2,0.));
#10403 = DIRECTION('',(-0.,0.,-1.));
#10404 = DIRECTION('',(-0.,-1.,0.));
#10405 = FACE_BOUND('',#10406,.F.);
#10406 = EDGE_LOOP('',(#10407,#10418,#10427,#10435,#10443,#10452,#10461,
    #10470,#10478,#10486,#10495,#10504,#10513,#10521,#10529,#10538,
    #10547,#10556,#10564,#10572));
#10407 = ORIENTED_EDGE('',*,*,#10408,.F.);
#10408 = EDGE_CURVE('',#10409,#10411,#10413,.T.);
#10409 = VERTEX_POINT('',#10410);
#10410 = CARTESIAN_POINT('',(58.012095,-79.256066,0.));
#10411 = VERTEX_POINT('',#10412);
#10412 = CARTESIAN_POINT('',(57.324816,-79.943345,0.));
#10413 = CIRCLE('',#10414,0.499998734392);
#10414 = AXIS2_PLACEMENT_3D('',#10415,#10416,#10417);
#10415 = CARTESIAN_POINT('',(57.751589495673,-79.68283949567,0.));
#10416 = DIRECTION('',(0.,0.,1.));
#10417 = DIRECTION('',(0.521012327448,0.853549151864,-0.));
#10418 = ORIENTED_EDGE('',*,*,#10419,.F.);
#10419 = EDGE_CURVE('',#10420,#10409,#10422,.T.);
#10420 = VERTEX_POINT('',#10421);
#10421 = CARTESIAN_POINT('',(58.168397,-79.3,0.));
#10422 = CIRCLE('',#10423,0.300023425677);
#10423 = AXIS2_PLACEMENT_3D('',#10424,#10425,#10426);
#10424 = CARTESIAN_POINT('',(58.168403227693,-78.99997657438,0.));
#10425 = DIRECTION('',(0.,0.,-1.));
#10426 = DIRECTION('',(-2.075735517526E-05,-0.999999999785,-0.));
#10427 = ORIENTED_EDGE('',*,*,#10428,.F.);
#10428 = EDGE_CURVE('',#10429,#10420,#10431,.T.);
#10429 = VERTEX_POINT('',#10430);
#10430 = CARTESIAN_POINT('',(59.06875,-79.3,0.));
#10431 = LINE('',#10432,#10433);
#10432 = CARTESIAN_POINT('',(59.06875,-79.3,0.));
#10433 = VECTOR('',#10434,1.);
#10434 = DIRECTION('',(-1.,0.,0.));
#10435 = ORIENTED_EDGE('',*,*,#10436,.F.);
#10436 = EDGE_CURVE('',#10437,#10429,#10439,.T.);
#10437 = VERTEX_POINT('',#10438);
#10438 = CARTESIAN_POINT('',(59.969103,-79.3,0.));
#10439 = LINE('',#10440,#10441);
#10440 = CARTESIAN_POINT('',(59.969103,-79.3,0.));
#10441 = VECTOR('',#10442,1.);
#10442 = DIRECTION('',(-1.,0.,0.));
#10443 = ORIENTED_EDGE('',*,*,#10444,.F.);
#10444 = EDGE_CURVE('',#10445,#10437,#10447,.T.);
#10445 = VERTEX_POINT('',#10446);
#10446 = CARTESIAN_POINT('',(60.125405,-79.256066,0.));
#10447 = CIRCLE('',#10448,0.299991600078);
#10448 = AXIS2_PLACEMENT_3D('',#10449,#10450,#10451);
#10449 = CARTESIAN_POINT('',(59.969105717961,-79.00000839993,0.));
#10450 = DIRECTION('',(0.,0.,-1.));
#10451 = DIRECTION('',(0.521012195004,-0.853549232709,0.));
#10452 = ORIENTED_EDGE('',*,*,#10453,.F.);
#10453 = EDGE_CURVE('',#10454,#10445,#10456,.T.);
#10454 = VERTEX_POINT('',#10455);
#10455 = CARTESIAN_POINT('',(60.812684,-79.943345,0.));
#10456 = CIRCLE('',#10457,0.499999603944);
#10457 = AXIS2_PLACEMENT_3D('',#10458,#10459,#10460);
#10458 = CARTESIAN_POINT('',(60.38590788946,-79.68284211054,0.));
#10459 = DIRECTION('',(0.,0.,1.));
#10460 = DIRECTION('',(0.853552897188,-0.521006191616,0.));
#10461 = ORIENTED_EDGE('',*,*,#10462,.F.);
#10462 = EDGE_CURVE('',#10463,#10454,#10465,.T.);
#10463 = VERTEX_POINT('',#10464);
#10464 = CARTESIAN_POINT('',(60.76875,-80.099647,0.));
#10465 = CIRCLE('',#10466,0.299991600078);
#10466 = AXIS2_PLACEMENT_3D('',#10467,#10468,#10469);
#10467 = CARTESIAN_POINT('',(61.068741600065,-80.09964428203,0.));
#10468 = DIRECTION('',(0.,0.,-1.));
#10469 = DIRECTION('',(-0.999999999959,-9.060123477714E-06,-0.));
#10470 = ORIENTED_EDGE('',*,*,#10471,.F.);
#10471 = EDGE_CURVE('',#10472,#10463,#10474,.T.);
#10472 = VERTEX_POINT('',#10473);
#10473 = CARTESIAN_POINT('',(60.76875,-80.8,0.));
#10474 = LINE('',#10475,#10476);
#10475 = CARTESIAN_POINT('',(60.76875,-80.8,0.));
#10476 = VECTOR('',#10477,1.);
#10477 = DIRECTION('',(0.,1.,0.));
#10478 = ORIENTED_EDGE('',*,*,#10479,.F.);
#10479 = EDGE_CURVE('',#10480,#10472,#10482,.T.);
#10480 = VERTEX_POINT('',#10481);
#10481 = CARTESIAN_POINT('',(60.76875,-81.500353,0.));
#10482 = LINE('',#10483,#10484);
#10483 = CARTESIAN_POINT('',(60.76875,-81.500353,0.));
#10484 = VECTOR('',#10485,1.);
#10485 = DIRECTION('',(0.,1.,0.));
#10486 = ORIENTED_EDGE('',*,*,#10487,.F.);
#10487 = EDGE_CURVE('',#10488,#10480,#10490,.T.);
#10488 = VERTEX_POINT('',#10489);
#10489 = CARTESIAN_POINT('',(60.812684,-81.656655,0.));
#10490 = CIRCLE('',#10491,0.299991600078);
#10491 = AXIS2_PLACEMENT_3D('',#10492,#10493,#10494);
#10492 = CARTESIAN_POINT('',(61.068741600065,-81.50035571796,0.));
#10493 = DIRECTION('',(0.,0.,-1.));
#10494 = DIRECTION('',(-0.853549232709,-0.521012195003,-0.));
#10495 = ORIENTED_EDGE('',*,*,#10496,.F.);
#10496 = EDGE_CURVE('',#10497,#10488,#10499,.T.);
#10497 = VERTEX_POINT('',#10498);
#10498 = CARTESIAN_POINT('',(60.125405,-82.343934,0.));
#10499 = CIRCLE('',#10500,0.499999603944);
#10500 = AXIS2_PLACEMENT_3D('',#10501,#10502,#10503);
#10501 = CARTESIAN_POINT('',(60.38590788946,-81.91715788946,0.));
#10502 = DIRECTION('',(0.,0.,1.));
#10503 = DIRECTION('',(-0.521006191616,-0.853552897188,0.));
#10504 = ORIENTED_EDGE('',*,*,#10505,.F.);
#10505 = EDGE_CURVE('',#10506,#10497,#10508,.T.);
#10506 = VERTEX_POINT('',#10507);
#10507 = CARTESIAN_POINT('',(59.969103,-82.3,0.));
#10508 = CIRCLE('',#10509,0.299991600078);
#10509 = AXIS2_PLACEMENT_3D('',#10510,#10511,#10512);
#10510 = CARTESIAN_POINT('',(59.969105717961,-82.59999160006,0.));
#10511 = DIRECTION('',(0.,0.,-1.));
#10512 = DIRECTION('',(-9.060123335599E-06,0.999999999959,0.));
#10513 = ORIENTED_EDGE('',*,*,#10514,.F.);
#10514 = EDGE_CURVE('',#10515,#10506,#10517,.T.);
#10515 = VERTEX_POINT('',#10516);
#10516 = CARTESIAN_POINT('',(59.06875,-82.3,0.));
#10517 = LINE('',#10518,#10519);
#10518 = CARTESIAN_POINT('',(59.06875,-82.3,0.));
#10519 = VECTOR('',#10520,1.);
#10520 = DIRECTION('',(1.,0.,0.));
#10521 = ORIENTED_EDGE('',*,*,#10522,.F.);
#10522 = EDGE_CURVE('',#10523,#10515,#10525,.T.);
#10523 = VERTEX_POINT('',#10524);
#10524 = CARTESIAN_POINT('',(58.168397,-82.3,0.));
#10525 = LINE('',#10526,#10527);
#10526 = CARTESIAN_POINT('',(58.168397,-82.3,0.));
#10527 = VECTOR('',#10528,1.);
#10528 = DIRECTION('',(1.,0.,0.));
#10529 = ORIENTED_EDGE('',*,*,#10530,.F.);
#10530 = EDGE_CURVE('',#10531,#10523,#10533,.T.);
#10531 = VERTEX_POINT('',#10532);
#10532 = CARTESIAN_POINT('',(58.012095,-82.343934,0.));
#10533 = CIRCLE('',#10534,0.299966762338);
#10534 = AXIS2_PLACEMENT_3D('',#10535,#10536,#10537);
#10535 = CARTESIAN_POINT('',(58.168387300506,-82.59996676218,0.));
#10536 = DIRECTION('',(0.,0.,-1.));
#10537 = DIRECTION('',(-0.521032061311,0.853537105863,0.));
#10538 = ORIENTED_EDGE('',*,*,#10539,.F.);
#10539 = EDGE_CURVE('',#10540,#10531,#10542,.T.);
#10540 = VERTEX_POINT('',#10541);
#10541 = CARTESIAN_POINT('',(57.324816,-81.656655,0.));
#10542 = CIRCLE('',#10543,0.499999603944);
#10543 = AXIS2_PLACEMENT_3D('',#10544,#10545,#10546);
#10544 = CARTESIAN_POINT('',(57.75159211054,-81.91715788946,0.));
#10545 = DIRECTION('',(0.,0.,1.));
#10546 = DIRECTION('',(-0.853552897188,0.521006191616,0.));
#10547 = ORIENTED_EDGE('',*,*,#10548,.F.);
#10548 = EDGE_CURVE('',#10549,#10540,#10551,.T.);
#10549 = VERTEX_POINT('',#10550);
#10550 = CARTESIAN_POINT('',(57.36875,-81.500353,0.));
#10551 = CIRCLE('',#10552,0.299683785035);
#10552 = AXIS2_PLACEMENT_3D('',#10553,#10554,#10555);
#10553 = CARTESIAN_POINT('',(57.069066228253,-81.50044224359,0.));
#10554 = DIRECTION('',(0.,0.,-1.));
#10555 = DIRECTION('',(0.99999995566,2.977925314543E-04,0.));
#10556 = ORIENTED_EDGE('',*,*,#10557,.F.);
#10557 = EDGE_CURVE('',#10558,#10549,#10560,.T.);
#10558 = VERTEX_POINT('',#10559);
#10559 = CARTESIAN_POINT('',(57.36875,-80.8,0.));
#10560 = LINE('',#10561,#10562);
#10561 = CARTESIAN_POINT('',(57.36875,-80.8,0.));
#10562 = VECTOR('',#10563,1.);
#10563 = DIRECTION('',(0.,-1.,0.));
#10564 = ORIENTED_EDGE('',*,*,#10565,.F.);
#10565 = EDGE_CURVE('',#10566,#10558,#10568,.T.);
#10566 = VERTEX_POINT('',#10567);
#10567 = CARTESIAN_POINT('',(57.36875,-80.099647,0.));
#10568 = LINE('',#10569,#10570);
#10569 = CARTESIAN_POINT('',(57.36875,-80.099647,0.));
#10570 = VECTOR('',#10571,1.);
#10571 = DIRECTION('',(0.,-1.,0.));
#10572 = ORIENTED_EDGE('',*,*,#10573,.F.);
#10573 = EDGE_CURVE('',#10411,#10566,#10574,.T.);
#10574 = CIRCLE('',#10575,0.299966762338);
#10575 = AXIS2_PLACEMENT_3D('',#10576,#10577,#10578);
#10576 = CARTESIAN_POINT('',(57.068783237819,-80.0996373005,0.));
#10577 = DIRECTION('',(0.,0.,-1.));
#10578 = DIRECTION('',(0.853537105863,0.521032061311,0.));
#10579 = PLANE('',#10580);
#10580 = AXIS2_PLACEMENT_3D('',#10581,#10582,#10583);
#10581 = CARTESIAN_POINT('',(0.,0.,0.));
#10582 = DIRECTION('',(0.,0.,1.));
#10583 = DIRECTION('',(1.,0.,-0.));
#10584 = ADVANCED_FACE('',(#10585),#10604,.F.);
#10585 = FACE_BOUND('',#10586,.T.);
#10586 = EDGE_LOOP('',(#10587,#10595,#10596,#10597));
#10587 = ORIENTED_EDGE('',*,*,#10588,.F.);
#10588 = EDGE_CURVE('',#9838,#10589,#10591,.T.);
#10589 = VERTEX_POINT('',#10590);
#10590 = CARTESIAN_POINT('',(50.2,-80.1,1.51));
#10591 = LINE('',#10592,#10593);
#10592 = CARTESIAN_POINT('',(50.2,-80.1,-4.6E-02));
#10593 = VECTOR('',#10594,1.);
#10594 = DIRECTION('',(0.,0.,1.));
#10595 = ORIENTED_EDGE('',*,*,#9837,.T.);
#10596 = ORIENTED_EDGE('',*,*,#9823,.F.);
#10597 = ORIENTED_EDGE('',*,*,#10598,.F.);
#10598 = EDGE_CURVE('',#10589,#9816,#10599,.T.);
#10599 = CIRCLE('',#10600,0.25);
#10600 = AXIS2_PLACEMENT_3D('',#10601,#10602,#10603);
#10601 = CARTESIAN_POINT('',(50.2,-79.85,1.51));
#10602 = DIRECTION('',(-0.,0.,-1.));
#10603 = DIRECTION('',(-0.,-1.,0.));
#10604 = CYLINDRICAL_SURFACE('',#10605,0.25);
#10605 = AXIS2_PLACEMENT_3D('',#10606,#10607,#10608);
#10606 = CARTESIAN_POINT('',(50.2,-79.85,-4.6E-02));
#10607 = DIRECTION('',(-0.,-0.,-1.));
#10608 = DIRECTION('',(-0.,-1.,0.));
#10609 = ADVANCED_FACE('',(#10610,#10702,#10713,#10724,#10735,#10746,
    #10757,#10768,#10779,#10790,#10801,#10812,#10823,#10834,#10845,
    #10856,#10867,#10878,#10889,#10900,#10911,#10922,#10933,#11107,
    #11118,#11129,#11140,#11151,#11162,#11173),#11347,.T.);
#10610 = FACE_BOUND('',#10611,.T.);
#10611 = EDGE_LOOP('',(#10612,#10613,#10614,#10622,#10630,#10638,#10646,
    #10655,#10663,#10671,#10679,#10687,#10695));
#10612 = ORIENTED_EDGE('',*,*,#10598,.T.);
#10613 = ORIENTED_EDGE('',*,*,#9815,.F.);
#10614 = ORIENTED_EDGE('',*,*,#10615,.F.);
#10615 = EDGE_CURVE('',#10616,#9808,#10618,.T.);
#10616 = VERTEX_POINT('',#10617);
#10617 = CARTESIAN_POINT('',(33.8,-74.4,1.51));
#10618 = LINE('',#10619,#10620);
#10619 = CARTESIAN_POINT('',(33.8,-74.4,1.51));
#10620 = VECTOR('',#10621,1.);
#10621 = DIRECTION('',(1.,0.,0.));
#10622 = ORIENTED_EDGE('',*,*,#10623,.F.);
#10623 = EDGE_CURVE('',#10624,#10616,#10626,.T.);
#10624 = VERTEX_POINT('',#10625);
#10625 = CARTESIAN_POINT('',(33.8,-95.6,1.51));
#10626 = LINE('',#10627,#10628);
#10627 = CARTESIAN_POINT('',(33.8,-95.6,1.51));
#10628 = VECTOR('',#10629,1.);
#10629 = DIRECTION('',(0.,1.,0.));
#10630 = ORIENTED_EDGE('',*,*,#10631,.F.);
#10631 = EDGE_CURVE('',#10632,#10624,#10634,.T.);
#10632 = VERTEX_POINT('',#10633);
#10633 = CARTESIAN_POINT('',(50.,-95.6,1.51));
#10634 = LINE('',#10635,#10636);
#10635 = CARTESIAN_POINT('',(50.,-95.6,1.51));
#10636 = VECTOR('',#10637,1.);
#10637 = DIRECTION('',(-1.,0.,0.));
#10638 = ORIENTED_EDGE('',*,*,#10639,.F.);
#10639 = EDGE_CURVE('',#10640,#10632,#10642,.T.);
#10640 = VERTEX_POINT('',#10641);
#10641 = CARTESIAN_POINT('',(50.,-88.49999999998,1.51));
#10642 = LINE('',#10643,#10644);
#10643 = CARTESIAN_POINT('',(50.,-88.4,1.51));
#10644 = VECTOR('',#10645,1.);
#10645 = DIRECTION('',(0.,-1.,0.));
#10646 = ORIENTED_EDGE('',*,*,#10647,.T.);
#10647 = EDGE_CURVE('',#10640,#10648,#10650,.T.);
#10648 = VERTEX_POINT('',#10649);
#10649 = CARTESIAN_POINT('',(50.4,-88.49999999999,1.51));
#10650 = CIRCLE('',#10651,0.25);
#10651 = AXIS2_PLACEMENT_3D('',#10652,#10653,#10654);
#10652 = CARTESIAN_POINT('',(50.2,-88.35,1.51));
#10653 = DIRECTION('',(-0.,0.,-1.));
#10654 = DIRECTION('',(-0.,-1.,0.));
#10655 = ORIENTED_EDGE('',*,*,#10656,.F.);
#10656 = EDGE_CURVE('',#10657,#10648,#10659,.T.);
#10657 = VERTEX_POINT('',#10658);
#10658 = CARTESIAN_POINT('',(50.4,-95.6,1.51));
#10659 = LINE('',#10660,#10661);
#10660 = CARTESIAN_POINT('',(50.4,-95.6,1.51));
#10661 = VECTOR('',#10662,1.);
#10662 = DIRECTION('',(0.,1.,0.));
#10663 = ORIENTED_EDGE('',*,*,#10664,.F.);
#10664 = EDGE_CURVE('',#10665,#10657,#10667,.T.);
#10665 = VERTEX_POINT('',#10666);
#10666 = CARTESIAN_POINT('',(66.6,-95.6,1.51));
#10667 = LINE('',#10668,#10669);
#10668 = CARTESIAN_POINT('',(66.6,-95.6,1.51));
#10669 = VECTOR('',#10670,1.);
#10670 = DIRECTION('',(-1.,0.,0.));
#10671 = ORIENTED_EDGE('',*,*,#10672,.F.);
#10672 = EDGE_CURVE('',#10673,#10665,#10675,.T.);
#10673 = VERTEX_POINT('',#10674);
#10674 = CARTESIAN_POINT('',(66.6,-78.4,1.51));
#10675 = LINE('',#10676,#10677);
#10676 = CARTESIAN_POINT('',(66.6,-78.4,1.51));
#10677 = VECTOR('',#10678,1.);
#10678 = DIRECTION('',(0.,-1.,0.));
#10679 = ORIENTED_EDGE('',*,*,#10680,.F.);
#10680 = EDGE_CURVE('',#10681,#10673,#10683,.T.);
#10681 = VERTEX_POINT('',#10682);
#10682 = CARTESIAN_POINT('',(50.4,-78.4,1.51));
#10683 = LINE('',#10684,#10685);
#10684 = CARTESIAN_POINT('',(50.4,-78.4,1.51));
#10685 = VECTOR('',#10686,1.);
#10686 = DIRECTION('',(1.,0.,0.));
#10687 = ORIENTED_EDGE('',*,*,#10688,.F.);
#10688 = EDGE_CURVE('',#10689,#10681,#10691,.T.);
#10689 = VERTEX_POINT('',#10690);
#10690 = CARTESIAN_POINT('',(50.4,-79.69999999999,1.51));
#10691 = LINE('',#10692,#10693);
#10692 = CARTESIAN_POINT('',(50.4,-79.8,1.51));
#10693 = VECTOR('',#10694,1.);
#10694 = DIRECTION('',(0.,1.,0.));
#10695 = ORIENTED_EDGE('',*,*,#10696,.T.);
#10696 = EDGE_CURVE('',#10689,#10589,#10697,.T.);
#10697 = CIRCLE('',#10698,0.25);
#10698 = AXIS2_PLACEMENT_3D('',#10699,#10700,#10701);
#10699 = CARTESIAN_POINT('',(50.2,-79.85,1.51));
#10700 = DIRECTION('',(-0.,0.,-1.));
#10701 = DIRECTION('',(-0.,-1.,0.));
#10702 = FACE_BOUND('',#10703,.T.);
#10703 = EDGE_LOOP('',(#10704));
#10704 = ORIENTED_EDGE('',*,*,#10705,.T.);
#10705 = EDGE_CURVE('',#10706,#10706,#10708,.T.);
#10706 = VERTEX_POINT('',#10707);
#10707 = CARTESIAN_POINT('',(35.6,-94.3,1.51));
#10708 = CIRCLE('',#10709,0.5);
#10709 = AXIS2_PLACEMENT_3D('',#10710,#10711,#10712);
#10710 = CARTESIAN_POINT('',(35.6,-93.8,1.51));
#10711 = DIRECTION('',(-0.,0.,-1.));
#10712 = DIRECTION('',(-0.,-1.,0.));
#10713 = FACE_BOUND('',#10714,.T.);
#10714 = EDGE_LOOP('',(#10715));
#10715 = ORIENTED_EDGE('',*,*,#10716,.T.);
#10716 = EDGE_CURVE('',#10717,#10717,#10719,.T.);
#10717 = VERTEX_POINT('',#10718);
#10718 = CARTESIAN_POINT('',(38.14,-94.3,1.51));
#10719 = CIRCLE('',#10720,0.5);
#10720 = AXIS2_PLACEMENT_3D('',#10721,#10722,#10723);
#10721 = CARTESIAN_POINT('',(38.14,-93.8,1.51));
#10722 = DIRECTION('',(-0.,0.,-1.));
#10723 = DIRECTION('',(-0.,-1.,0.));
#10724 = FACE_BOUND('',#10725,.T.);
#10725 = EDGE_LOOP('',(#10726));
#10726 = ORIENTED_EDGE('',*,*,#10727,.T.);
#10727 = EDGE_CURVE('',#10728,#10728,#10730,.T.);
#10728 = VERTEX_POINT('',#10729);
#10729 = CARTESIAN_POINT('',(40.68,-94.3,1.51));
#10730 = CIRCLE('',#10731,0.5);
#10731 = AXIS2_PLACEMENT_3D('',#10732,#10733,#10734);
#10732 = CARTESIAN_POINT('',(40.68,-93.8,1.51));
#10733 = DIRECTION('',(-0.,0.,-1.));
#10734 = DIRECTION('',(-0.,-1.,0.));
#10735 = FACE_BOUND('',#10736,.T.);
#10736 = EDGE_LOOP('',(#10737));
#10737 = ORIENTED_EDGE('',*,*,#10738,.T.);
#10738 = EDGE_CURVE('',#10739,#10739,#10741,.T.);
#10739 = VERTEX_POINT('',#10740);
#10740 = CARTESIAN_POINT('',(43.22,-94.3,1.51));
#10741 = CIRCLE('',#10742,0.5);
#10742 = AXIS2_PLACEMENT_3D('',#10743,#10744,#10745);
#10743 = CARTESIAN_POINT('',(43.22,-93.8,1.51));
#10744 = DIRECTION('',(-0.,0.,-1.));
#10745 = DIRECTION('',(-0.,-1.,0.));
#10746 = FACE_BOUND('',#10747,.T.);
#10747 = EDGE_LOOP('',(#10748));
#10748 = ORIENTED_EDGE('',*,*,#10749,.T.);
#10749 = EDGE_CURVE('',#10750,#10750,#10752,.T.);
#10750 = VERTEX_POINT('',#10751);
#10751 = CARTESIAN_POINT('',(45.76,-94.3,1.51));
#10752 = CIRCLE('',#10753,0.5);
#10753 = AXIS2_PLACEMENT_3D('',#10754,#10755,#10756);
#10754 = CARTESIAN_POINT('',(45.76,-93.8,1.51));
#10755 = DIRECTION('',(-0.,0.,-1.));
#10756 = DIRECTION('',(-0.,-1.,0.));
#10757 = FACE_BOUND('',#10758,.T.);
#10758 = EDGE_LOOP('',(#10759));
#10759 = ORIENTED_EDGE('',*,*,#10760,.T.);
#10760 = EDGE_CURVE('',#10761,#10761,#10763,.T.);
#10761 = VERTEX_POINT('',#10762);
#10762 = CARTESIAN_POINT('',(48.3,-94.3,1.51));
#10763 = CIRCLE('',#10764,0.5);
#10764 = AXIS2_PLACEMENT_3D('',#10765,#10766,#10767);
#10765 = CARTESIAN_POINT('',(48.3,-93.8,1.51));
#10766 = DIRECTION('',(-0.,0.,-1.));
#10767 = DIRECTION('',(-0.,-1.,0.));
#10768 = FACE_BOUND('',#10769,.T.);
#10769 = EDGE_LOOP('',(#10770));
#10770 = ORIENTED_EDGE('',*,*,#10771,.T.);
#10771 = EDGE_CURVE('',#10772,#10772,#10774,.T.);
#10772 = VERTEX_POINT('',#10773);
#10773 = CARTESIAN_POINT('',(50.2,-87.75,1.51));
#10774 = CIRCLE('',#10775,0.25);
#10775 = AXIS2_PLACEMENT_3D('',#10776,#10777,#10778);
#10776 = CARTESIAN_POINT('',(50.2,-87.5,1.51));
#10777 = DIRECTION('',(-0.,0.,-1.));
#10778 = DIRECTION('',(-0.,-1.,0.));
#10779 = FACE_BOUND('',#10780,.T.);
#10780 = EDGE_LOOP('',(#10781));
#10781 = ORIENTED_EDGE('',*,*,#10782,.T.);
#10782 = EDGE_CURVE('',#10783,#10783,#10785,.T.);
#10783 = VERTEX_POINT('',#10784);
#10784 = CARTESIAN_POINT('',(50.2,-86.9,1.51));
#10785 = CIRCLE('',#10786,0.25);
#10786 = AXIS2_PLACEMENT_3D('',#10787,#10788,#10789);
#10787 = CARTESIAN_POINT('',(50.2,-86.65,1.51));
#10788 = DIRECTION('',(-0.,0.,-1.));
#10789 = DIRECTION('',(-0.,-1.,0.));
#10790 = FACE_BOUND('',#10791,.T.);
#10791 = EDGE_LOOP('',(#10792));
#10792 = ORIENTED_EDGE('',*,*,#10793,.T.);
#10793 = EDGE_CURVE('',#10794,#10794,#10796,.T.);
#10794 = VERTEX_POINT('',#10795);
#10795 = CARTESIAN_POINT('',(50.2,-86.05,1.51));
#10796 = CIRCLE('',#10797,0.25);
#10797 = AXIS2_PLACEMENT_3D('',#10798,#10799,#10800);
#10798 = CARTESIAN_POINT('',(50.2,-85.8,1.51));
#10799 = DIRECTION('',(-0.,0.,-1.));
#10800 = DIRECTION('',(-0.,-1.,0.));
#10801 = FACE_BOUND('',#10802,.T.);
#10802 = EDGE_LOOP('',(#10803));
#10803 = ORIENTED_EDGE('',*,*,#10804,.T.);
#10804 = EDGE_CURVE('',#10805,#10805,#10807,.T.);
#10805 = VERTEX_POINT('',#10806);
#10806 = CARTESIAN_POINT('',(52.12875,-94.3,1.51));
#10807 = CIRCLE('',#10808,0.5);
#10808 = AXIS2_PLACEMENT_3D('',#10809,#10810,#10811);
#10809 = CARTESIAN_POINT('',(52.12875,-93.8,1.51));
#10810 = DIRECTION('',(-0.,0.,-1.));
#10811 = DIRECTION('',(-0.,-1.,0.));
#10812 = FACE_BOUND('',#10813,.T.);
#10813 = EDGE_LOOP('',(#10814));
#10814 = ORIENTED_EDGE('',*,*,#10815,.T.);
#10815 = EDGE_CURVE('',#10816,#10816,#10818,.T.);
#10816 = VERTEX_POINT('',#10817);
#10817 = CARTESIAN_POINT('',(54.66875,-94.3,1.51));
#10818 = CIRCLE('',#10819,0.5);
#10819 = AXIS2_PLACEMENT_3D('',#10820,#10821,#10822);
#10820 = CARTESIAN_POINT('',(54.66875,-93.8,1.51));
#10821 = DIRECTION('',(-0.,0.,-1.));
#10822 = DIRECTION('',(-0.,-1.,0.));
#10823 = FACE_BOUND('',#10824,.T.);
#10824 = EDGE_LOOP('',(#10825));
#10825 = ORIENTED_EDGE('',*,*,#10826,.T.);
#10826 = EDGE_CURVE('',#10827,#10827,#10829,.T.);
#10827 = VERTEX_POINT('',#10828);
#10828 = CARTESIAN_POINT('',(57.20875,-94.3,1.51));
#10829 = CIRCLE('',#10830,0.5);
#10830 = AXIS2_PLACEMENT_3D('',#10831,#10832,#10833);
#10831 = CARTESIAN_POINT('',(57.20875,-93.8,1.51));
#10832 = DIRECTION('',(-0.,0.,-1.));
#10833 = DIRECTION('',(-0.,-1.,0.));
#10834 = FACE_BOUND('',#10835,.T.);
#10835 = EDGE_LOOP('',(#10836));
#10836 = ORIENTED_EDGE('',*,*,#10837,.T.);
#10837 = EDGE_CURVE('',#10838,#10838,#10840,.T.);
#10838 = VERTEX_POINT('',#10839);
#10839 = CARTESIAN_POINT('',(59.74875,-94.3,1.51));
#10840 = CIRCLE('',#10841,0.5);
#10841 = AXIS2_PLACEMENT_3D('',#10842,#10843,#10844);
#10842 = CARTESIAN_POINT('',(59.74875,-93.8,1.51));
#10843 = DIRECTION('',(-0.,0.,-1.));
#10844 = DIRECTION('',(-0.,-1.,0.));
#10845 = FACE_BOUND('',#10846,.T.);
#10846 = EDGE_LOOP('',(#10847));
#10847 = ORIENTED_EDGE('',*,*,#10848,.T.);
#10848 = EDGE_CURVE('',#10849,#10849,#10851,.T.);
#10849 = VERTEX_POINT('',#10850);
#10850 = CARTESIAN_POINT('',(62.28875,-94.3,1.51));
#10851 = CIRCLE('',#10852,0.5);
#10852 = AXIS2_PLACEMENT_3D('',#10853,#10854,#10855);
#10853 = CARTESIAN_POINT('',(62.28875,-93.8,1.51));
#10854 = DIRECTION('',(-0.,0.,-1.));
#10855 = DIRECTION('',(-0.,-1.,0.));
#10856 = FACE_BOUND('',#10857,.T.);
#10857 = EDGE_LOOP('',(#10858));
#10858 = ORIENTED_EDGE('',*,*,#10859,.T.);
#10859 = EDGE_CURVE('',#10860,#10860,#10862,.T.);
#10860 = VERTEX_POINT('',#10861);
#10861 = CARTESIAN_POINT('',(64.82875,-94.3,1.51));
#10862 = CIRCLE('',#10863,0.5);
#10863 = AXIS2_PLACEMENT_3D('',#10864,#10865,#10866);
#10864 = CARTESIAN_POINT('',(64.82875,-93.8,1.51));
#10865 = DIRECTION('',(-0.,0.,-1.));
#10866 = DIRECTION('',(-0.,-1.,0.));
#10867 = FACE_BOUND('',#10868,.T.);
#10868 = EDGE_LOOP('',(#10869));
#10869 = ORIENTED_EDGE('',*,*,#10870,.T.);
#10870 = EDGE_CURVE('',#10871,#10871,#10873,.T.);
#10871 = VERTEX_POINT('',#10872);
#10872 = CARTESIAN_POINT('',(50.2,-85.2,1.51));
#10873 = CIRCLE('',#10874,0.25);
#10874 = AXIS2_PLACEMENT_3D('',#10875,#10876,#10877);
#10875 = CARTESIAN_POINT('',(50.2,-84.95,1.51));
#10876 = DIRECTION('',(-0.,0.,-1.));
#10877 = DIRECTION('',(-0.,-1.,0.));
#10878 = FACE_BOUND('',#10879,.T.);
#10879 = EDGE_LOOP('',(#10880));
#10880 = ORIENTED_EDGE('',*,*,#10881,.T.);
#10881 = EDGE_CURVE('',#10882,#10882,#10884,.T.);
#10882 = VERTEX_POINT('',#10883);
#10883 = CARTESIAN_POINT('',(50.2,-84.35,1.51));
#10884 = CIRCLE('',#10885,0.25);
#10885 = AXIS2_PLACEMENT_3D('',#10886,#10887,#10888);
#10886 = CARTESIAN_POINT('',(50.2,-84.1,1.51));
#10887 = DIRECTION('',(-0.,0.,-1.));
#10888 = DIRECTION('',(-0.,-1.,0.));
#10889 = FACE_BOUND('',#10890,.T.);
#10890 = EDGE_LOOP('',(#10891));
#10891 = ORIENTED_EDGE('',*,*,#10892,.T.);
#10892 = EDGE_CURVE('',#10893,#10893,#10895,.T.);
#10893 = VERTEX_POINT('',#10894);
#10894 = CARTESIAN_POINT('',(50.2,-83.5,1.51));
#10895 = CIRCLE('',#10896,0.25);
#10896 = AXIS2_PLACEMENT_3D('',#10897,#10898,#10899);
#10897 = CARTESIAN_POINT('',(50.2,-83.25,1.51));
#10898 = DIRECTION('',(-0.,0.,-1.));
#10899 = DIRECTION('',(-0.,-1.,0.));
#10900 = FACE_BOUND('',#10901,.T.);
#10901 = EDGE_LOOP('',(#10902));
#10902 = ORIENTED_EDGE('',*,*,#10903,.T.);
#10903 = EDGE_CURVE('',#10904,#10904,#10906,.T.);
#10904 = VERTEX_POINT('',#10905);
#10905 = CARTESIAN_POINT('',(50.2,-82.65,1.51));
#10906 = CIRCLE('',#10907,0.25);
#10907 = AXIS2_PLACEMENT_3D('',#10908,#10909,#10910);
#10908 = CARTESIAN_POINT('',(50.2,-82.4,1.51));
#10909 = DIRECTION('',(-0.,0.,-1.));
#10910 = DIRECTION('',(-0.,-1.,0.));
#10911 = FACE_BOUND('',#10912,.T.);
#10912 = EDGE_LOOP('',(#10913));
#10913 = ORIENTED_EDGE('',*,*,#10914,.T.);
#10914 = EDGE_CURVE('',#10915,#10915,#10917,.T.);
#10915 = VERTEX_POINT('',#10916);
#10916 = CARTESIAN_POINT('',(50.2,-81.8,1.51));
#10917 = CIRCLE('',#10918,0.25);
#10918 = AXIS2_PLACEMENT_3D('',#10919,#10920,#10921);
#10919 = CARTESIAN_POINT('',(50.2,-81.55,1.51));
#10920 = DIRECTION('',(-0.,0.,-1.));
#10921 = DIRECTION('',(-0.,-1.,0.));
#10922 = FACE_BOUND('',#10923,.T.);
#10923 = EDGE_LOOP('',(#10924));
#10924 = ORIENTED_EDGE('',*,*,#10925,.T.);
#10925 = EDGE_CURVE('',#10926,#10926,#10928,.T.);
#10926 = VERTEX_POINT('',#10927);
#10927 = CARTESIAN_POINT('',(50.2,-80.95,1.51));
#10928 = CIRCLE('',#10929,0.25);
#10929 = AXIS2_PLACEMENT_3D('',#10930,#10931,#10932);
#10930 = CARTESIAN_POINT('',(50.2,-80.7,1.51));
#10931 = DIRECTION('',(-0.,0.,-1.));
#10932 = DIRECTION('',(-0.,-1.,0.));
#10933 = FACE_BOUND('',#10934,.T.);
#10934 = EDGE_LOOP('',(#10935,#10946,#10955,#10963,#10971,#10980,#10989,
    #10998,#11006,#11014,#11023,#11032,#11041,#11049,#11057,#11066,
    #11075,#11084,#11092,#11100));
#10935 = ORIENTED_EDGE('',*,*,#10936,.F.);
#10936 = EDGE_CURVE('',#10937,#10939,#10941,.T.);
#10937 = VERTEX_POINT('',#10938);
#10938 = CARTESIAN_POINT('',(43.743934,-79.343345,1.51));
#10939 = VERTEX_POINT('',#10940);
#10940 = CARTESIAN_POINT('',(43.056655,-78.656066,1.51));
#10941 = CIRCLE('',#10942,0.499999603944);
#10942 = AXIS2_PLACEMENT_3D('',#10943,#10944,#10945);
#10943 = CARTESIAN_POINT('',(43.31715788946,-79.08284211054,1.51));
#10944 = DIRECTION('',(0.,0.,1.));
#10945 = DIRECTION('',(0.853552897188,-0.521006191615,0.));
#10946 = ORIENTED_EDGE('',*,*,#10947,.F.);
#10947 = EDGE_CURVE('',#10948,#10937,#10950,.T.);
#10948 = VERTEX_POINT('',#10949);
#10949 = CARTESIAN_POINT('',(43.7,-79.499647,1.51));
#10950 = CIRCLE('',#10951,0.299991600078);
#10951 = AXIS2_PLACEMENT_3D('',#10952,#10953,#10954);
#10952 = CARTESIAN_POINT('',(43.999991600065,-79.49964428203,1.51));
#10953 = DIRECTION('',(0.,0.,-1.));
#10954 = DIRECTION('',(-0.999999999959,-9.06012357246E-06,-0.));
#10955 = ORIENTED_EDGE('',*,*,#10956,.F.);
#10956 = EDGE_CURVE('',#10957,#10948,#10959,.T.);
#10957 = VERTEX_POINT('',#10958);
#10958 = CARTESIAN_POINT('',(43.7,-80.2,1.51));
#10959 = LINE('',#10960,#10961);
#10960 = CARTESIAN_POINT('',(43.7,-80.2,1.51));
#10961 = VECTOR('',#10962,1.);
#10962 = DIRECTION('',(0.,1.,0.));
#10963 = ORIENTED_EDGE('',*,*,#10964,.F.);
#10964 = EDGE_CURVE('',#10965,#10957,#10967,.T.);
#10965 = VERTEX_POINT('',#10966);
#10966 = CARTESIAN_POINT('',(43.7,-80.900353,1.51));
#10967 = LINE('',#10968,#10969);
#10968 = CARTESIAN_POINT('',(43.7,-80.900353,1.51));
#10969 = VECTOR('',#10970,1.);
#10970 = DIRECTION('',(0.,1.,0.));
#10971 = ORIENTED_EDGE('',*,*,#10972,.F.);
#10972 = EDGE_CURVE('',#10973,#10965,#10975,.T.);
#10973 = VERTEX_POINT('',#10974);
#10974 = CARTESIAN_POINT('',(43.743934,-81.056655,1.51));
#10975 = CIRCLE('',#10976,0.299991600077);
#10976 = AXIS2_PLACEMENT_3D('',#10977,#10978,#10979);
#10977 = CARTESIAN_POINT('',(43.999991600065,-80.90035571796,1.51));
#10978 = DIRECTION('',(0.,0.,-1.));
#10979 = DIRECTION('',(-0.853549232709,-0.521012195004,-0.));
#10980 = ORIENTED_EDGE('',*,*,#10981,.F.);
#10981 = EDGE_CURVE('',#10982,#10973,#10984,.T.);
#10982 = VERTEX_POINT('',#10983);
#10983 = CARTESIAN_POINT('',(43.056655,-81.743934,1.51));
#10984 = CIRCLE('',#10985,0.499999603944);
#10985 = AXIS2_PLACEMENT_3D('',#10986,#10987,#10988);
#10986 = CARTESIAN_POINT('',(43.31715788946,-81.31715788946,1.51));
#10987 = DIRECTION('',(0.,0.,1.));
#10988 = DIRECTION('',(-0.521006191616,-0.853552897188,0.));
#10989 = ORIENTED_EDGE('',*,*,#10990,.F.);
#10990 = EDGE_CURVE('',#10991,#10982,#10993,.T.);
#10991 = VERTEX_POINT('',#10992);
#10992 = CARTESIAN_POINT('',(42.900353,-81.7,1.51));
#10993 = CIRCLE('',#10994,0.299991600078);
#10994 = AXIS2_PLACEMENT_3D('',#10995,#10996,#10997);
#10995 = CARTESIAN_POINT('',(42.900355717961,-81.99999160006,1.51));
#10996 = DIRECTION('',(0.,0.,-1.));
#10997 = DIRECTION('',(-9.060123596144E-06,0.999999999959,0.));
#10998 = ORIENTED_EDGE('',*,*,#10999,.F.);
#10999 = EDGE_CURVE('',#11000,#10991,#11002,.T.);
#11000 = VERTEX_POINT('',#11001);
#11001 = CARTESIAN_POINT('',(42.,-81.7,1.51));
#11002 = LINE('',#11003,#11004);
#11003 = CARTESIAN_POINT('',(42.,-81.7,1.51));
#11004 = VECTOR('',#11005,1.);
#11005 = DIRECTION('',(1.,0.,0.));
#11006 = ORIENTED_EDGE('',*,*,#11007,.F.);
#11007 = EDGE_CURVE('',#11008,#11000,#11010,.T.);
#11008 = VERTEX_POINT('',#11009);
#11009 = CARTESIAN_POINT('',(41.099647,-81.7,1.51));
#11010 = LINE('',#11011,#11012);
#11011 = CARTESIAN_POINT('',(41.099647,-81.7,1.51));
#11012 = VECTOR('',#11013,1.);
#11013 = DIRECTION('',(1.,0.,0.));
#11014 = ORIENTED_EDGE('',*,*,#11015,.F.);
#11015 = EDGE_CURVE('',#11016,#11008,#11018,.T.);
#11016 = VERTEX_POINT('',#11017);
#11017 = CARTESIAN_POINT('',(40.943345,-81.743934,1.51));
#11018 = CIRCLE('',#11019,0.299966762338);
#11019 = AXIS2_PLACEMENT_3D('',#11020,#11021,#11022);
#11020 = CARTESIAN_POINT('',(41.099637300506,-81.99996676218,1.51));
#11021 = DIRECTION('',(0.,0.,-1.));
#11022 = DIRECTION('',(-0.521032061311,0.853537105864,0.));
#11023 = ORIENTED_EDGE('',*,*,#11024,.F.);
#11024 = EDGE_CURVE('',#11025,#11016,#11027,.T.);
#11025 = VERTEX_POINT('',#11026);
#11026 = CARTESIAN_POINT('',(40.256066,-81.056655,1.51));
#11027 = CIRCLE('',#11028,0.499999603944);
#11028 = AXIS2_PLACEMENT_3D('',#11029,#11030,#11031);
#11029 = CARTESIAN_POINT('',(40.68284211054,-81.31715788946,1.51));
#11030 = DIRECTION('',(0.,0.,1.));
#11031 = DIRECTION('',(-0.853552897188,0.521006191615,0.));
#11032 = ORIENTED_EDGE('',*,*,#11033,.F.);
#11033 = EDGE_CURVE('',#11034,#11025,#11036,.T.);
#11034 = VERTEX_POINT('',#11035);
#11035 = CARTESIAN_POINT('',(40.3,-80.900353,1.51));
#11036 = CIRCLE('',#11037,0.299683785035);
#11037 = AXIS2_PLACEMENT_3D('',#11038,#11039,#11040);
#11038 = CARTESIAN_POINT('',(40.000316228253,-80.90044224359,1.51));
#11039 = DIRECTION('',(0.,0.,-1.));
#11040 = DIRECTION('',(0.99999995566,2.977925315491E-04,0.));
#11041 = ORIENTED_EDGE('',*,*,#11042,.F.);
#11042 = EDGE_CURVE('',#11043,#11034,#11045,.T.);
#11043 = VERTEX_POINT('',#11044);
#11044 = CARTESIAN_POINT('',(40.3,-80.2,1.51));
#11045 = LINE('',#11046,#11047);
#11046 = CARTESIAN_POINT('',(40.3,-80.2,1.51));
#11047 = VECTOR('',#11048,1.);
#11048 = DIRECTION('',(0.,-1.,0.));
#11049 = ORIENTED_EDGE('',*,*,#11050,.F.);
#11050 = EDGE_CURVE('',#11051,#11043,#11053,.T.);
#11051 = VERTEX_POINT('',#11052);
#11052 = CARTESIAN_POINT('',(40.3,-79.499647,1.51));
#11053 = LINE('',#11054,#11055);
#11054 = CARTESIAN_POINT('',(40.3,-79.499647,1.51));
#11055 = VECTOR('',#11056,1.);
#11056 = DIRECTION('',(0.,-1.,0.));
#11057 = ORIENTED_EDGE('',*,*,#11058,.F.);
#11058 = EDGE_CURVE('',#11059,#11051,#11061,.T.);
#11059 = VERTEX_POINT('',#11060);
#11060 = CARTESIAN_POINT('',(40.256066,-79.343345,1.51));
#11061 = CIRCLE('',#11062,0.299966762338);
#11062 = AXIS2_PLACEMENT_3D('',#11063,#11064,#11065);
#11063 = CARTESIAN_POINT('',(40.000033237819,-79.4996373005,1.51));
#11064 = DIRECTION('',(0.,0.,-1.));
#11065 = DIRECTION('',(0.853537105863,0.521032061311,0.));
#11066 = ORIENTED_EDGE('',*,*,#11067,.F.);
#11067 = EDGE_CURVE('',#11068,#11059,#11070,.T.);
#11068 = VERTEX_POINT('',#11069);
#11069 = CARTESIAN_POINT('',(40.943345,-78.656066,1.51));
#11070 = CIRCLE('',#11071,0.499998734392);
#11071 = AXIS2_PLACEMENT_3D('',#11072,#11073,#11074);
#11072 = CARTESIAN_POINT('',(40.682839495673,-79.08283949567,1.51));
#11073 = DIRECTION('',(0.,0.,1.));
#11074 = DIRECTION('',(0.521012327448,0.853549151864,-0.));
#11075 = ORIENTED_EDGE('',*,*,#11076,.F.);
#11076 = EDGE_CURVE('',#11077,#11068,#11079,.T.);
#11077 = VERTEX_POINT('',#11078);
#11078 = CARTESIAN_POINT('',(41.099647,-78.7,1.51));
#11079 = CIRCLE('',#11080,0.300023425677);
#11080 = AXIS2_PLACEMENT_3D('',#11081,#11082,#11083);
#11081 = CARTESIAN_POINT('',(41.099653227693,-78.39997657438,1.51));
#11082 = DIRECTION('',(0.,0.,-1.));
#11083 = DIRECTION('',(-2.075735536471E-05,-0.999999999785,-0.));
#11084 = ORIENTED_EDGE('',*,*,#11085,.F.);
#11085 = EDGE_CURVE('',#11086,#11077,#11088,.T.);
#11086 = VERTEX_POINT('',#11087);
#11087 = CARTESIAN_POINT('',(42.,-78.7,1.51));
#11088 = LINE('',#11089,#11090);
#11089 = CARTESIAN_POINT('',(42.,-78.7,1.51));
#11090 = VECTOR('',#11091,1.);
#11091 = DIRECTION('',(-1.,0.,0.));
#11092 = ORIENTED_EDGE('',*,*,#11093,.F.);
#11093 = EDGE_CURVE('',#11094,#11086,#11096,.T.);
#11094 = VERTEX_POINT('',#11095);
#11095 = CARTESIAN_POINT('',(42.900353,-78.7,1.51));
#11096 = LINE('',#11097,#11098);
#11097 = CARTESIAN_POINT('',(42.900353,-78.7,1.51));
#11098 = VECTOR('',#11099,1.);
#11099 = DIRECTION('',(-1.,0.,0.));
#11100 = ORIENTED_EDGE('',*,*,#11101,.F.);
#11101 = EDGE_CURVE('',#10939,#11094,#11102,.T.);
#11102 = CIRCLE('',#11103,0.299991600078);
#11103 = AXIS2_PLACEMENT_3D('',#11104,#11105,#11106);
#11104 = CARTESIAN_POINT('',(42.900355717961,-78.40000839993,1.51));
#11105 = DIRECTION('',(0.,0.,-1.));
#11106 = DIRECTION('',(0.521012195003,-0.853549232709,0.));
#11107 = FACE_BOUND('',#11108,.T.);
#11108 = EDGE_LOOP('',(#11109));
#11109 = ORIENTED_EDGE('',*,*,#11110,.T.);
#11110 = EDGE_CURVE('',#11111,#11111,#11113,.T.);
#11111 = VERTEX_POINT('',#11112);
#11112 = CARTESIAN_POINT('',(35.6,-76.7,1.51));
#11113 = CIRCLE('',#11114,0.5);
#11114 = AXIS2_PLACEMENT_3D('',#11115,#11116,#11117);
#11115 = CARTESIAN_POINT('',(35.6,-76.2,1.51));
#11116 = DIRECTION('',(-0.,0.,-1.));
#11117 = DIRECTION('',(-0.,-1.,0.));
#11118 = FACE_BOUND('',#11119,.T.);
#11119 = EDGE_LOOP('',(#11120));
#11120 = ORIENTED_EDGE('',*,*,#11121,.T.);
#11121 = EDGE_CURVE('',#11122,#11122,#11124,.T.);
#11122 = VERTEX_POINT('',#11123);
#11123 = CARTESIAN_POINT('',(38.14,-76.7,1.51));
#11124 = CIRCLE('',#11125,0.5);
#11125 = AXIS2_PLACEMENT_3D('',#11126,#11127,#11128);
#11126 = CARTESIAN_POINT('',(38.14,-76.2,1.51));
#11127 = DIRECTION('',(-0.,0.,-1.));
#11128 = DIRECTION('',(-0.,-1.,0.));
#11129 = FACE_BOUND('',#11130,.T.);
#11130 = EDGE_LOOP('',(#11131));
#11131 = ORIENTED_EDGE('',*,*,#11132,.T.);
#11132 = EDGE_CURVE('',#11133,#11133,#11135,.T.);
#11133 = VERTEX_POINT('',#11134);
#11134 = CARTESIAN_POINT('',(40.68,-76.7,1.51));
#11135 = CIRCLE('',#11136,0.5);
#11136 = AXIS2_PLACEMENT_3D('',#11137,#11138,#11139);
#11137 = CARTESIAN_POINT('',(40.68,-76.2,1.51));
#11138 = DIRECTION('',(-0.,0.,-1.));
#11139 = DIRECTION('',(-0.,-1.,0.));
#11140 = FACE_BOUND('',#11141,.T.);
#11141 = EDGE_LOOP('',(#11142));
#11142 = ORIENTED_EDGE('',*,*,#11143,.T.);
#11143 = EDGE_CURVE('',#11144,#11144,#11146,.T.);
#11144 = VERTEX_POINT('',#11145);
#11145 = CARTESIAN_POINT('',(43.22,-76.7,1.51));
#11146 = CIRCLE('',#11147,0.5);
#11147 = AXIS2_PLACEMENT_3D('',#11148,#11149,#11150);
#11148 = CARTESIAN_POINT('',(43.22,-76.2,1.51));
#11149 = DIRECTION('',(-0.,0.,-1.));
#11150 = DIRECTION('',(-0.,-1.,0.));
#11151 = FACE_BOUND('',#11152,.T.);
#11152 = EDGE_LOOP('',(#11153));
#11153 = ORIENTED_EDGE('',*,*,#11154,.T.);
#11154 = EDGE_CURVE('',#11155,#11155,#11157,.T.);
#11155 = VERTEX_POINT('',#11156);
#11156 = CARTESIAN_POINT('',(45.76,-76.7,1.51));
#11157 = CIRCLE('',#11158,0.5);
#11158 = AXIS2_PLACEMENT_3D('',#11159,#11160,#11161);
#11159 = CARTESIAN_POINT('',(45.76,-76.2,1.51));
#11160 = DIRECTION('',(-0.,0.,-1.));
#11161 = DIRECTION('',(-0.,-1.,0.));
#11162 = FACE_BOUND('',#11163,.T.);
#11163 = EDGE_LOOP('',(#11164));
#11164 = ORIENTED_EDGE('',*,*,#11165,.T.);
#11165 = EDGE_CURVE('',#11166,#11166,#11168,.T.);
#11166 = VERTEX_POINT('',#11167);
#11167 = CARTESIAN_POINT('',(48.3,-76.7,1.51));
#11168 = CIRCLE('',#11169,0.5);
#11169 = AXIS2_PLACEMENT_3D('',#11170,#11171,#11172);
#11170 = CARTESIAN_POINT('',(48.3,-76.2,1.51));
#11171 = DIRECTION('',(-0.,0.,-1.));
#11172 = DIRECTION('',(-0.,-1.,0.));
#11173 = FACE_BOUND('',#11174,.T.);
#11174 = EDGE_LOOP('',(#11175,#11186,#11195,#11203,#11211,#11220,#11229,
    #11238,#11246,#11254,#11263,#11272,#11281,#11289,#11297,#11306,
    #11315,#11324,#11332,#11340));
#11175 = ORIENTED_EDGE('',*,*,#11176,.F.);
#11176 = EDGE_CURVE('',#11177,#11179,#11181,.T.);
#11177 = VERTEX_POINT('',#11178);
#11178 = CARTESIAN_POINT('',(58.012095,-79.256066,1.51));
#11179 = VERTEX_POINT('',#11180);
#11180 = CARTESIAN_POINT('',(57.324816,-79.943345,1.51));
#11181 = CIRCLE('',#11182,0.499998734392);
#11182 = AXIS2_PLACEMENT_3D('',#11183,#11184,#11185);
#11183 = CARTESIAN_POINT('',(57.751589495673,-79.68283949567,1.51));
#11184 = DIRECTION('',(0.,0.,1.));
#11185 = DIRECTION('',(0.521012327448,0.853549151864,-0.));
#11186 = ORIENTED_EDGE('',*,*,#11187,.F.);
#11187 = EDGE_CURVE('',#11188,#11177,#11190,.T.);
#11188 = VERTEX_POINT('',#11189);
#11189 = CARTESIAN_POINT('',(58.168397,-79.3,1.51));
#11190 = CIRCLE('',#11191,0.300023425677);
#11191 = AXIS2_PLACEMENT_3D('',#11192,#11193,#11194);
#11192 = CARTESIAN_POINT('',(58.168403227693,-78.99997657438,1.51));
#11193 = DIRECTION('',(0.,0.,-1.));
#11194 = DIRECTION('',(-2.075735517526E-05,-0.999999999785,-0.));
#11195 = ORIENTED_EDGE('',*,*,#11196,.F.);
#11196 = EDGE_CURVE('',#11197,#11188,#11199,.T.);
#11197 = VERTEX_POINT('',#11198);
#11198 = CARTESIAN_POINT('',(59.06875,-79.3,1.51));
#11199 = LINE('',#11200,#11201);
#11200 = CARTESIAN_POINT('',(59.06875,-79.3,1.51));
#11201 = VECTOR('',#11202,1.);
#11202 = DIRECTION('',(-1.,0.,0.));
#11203 = ORIENTED_EDGE('',*,*,#11204,.F.);
#11204 = EDGE_CURVE('',#11205,#11197,#11207,.T.);
#11205 = VERTEX_POINT('',#11206);
#11206 = CARTESIAN_POINT('',(59.969103,-79.3,1.51));
#11207 = LINE('',#11208,#11209);
#11208 = CARTESIAN_POINT('',(59.969103,-79.3,1.51));
#11209 = VECTOR('',#11210,1.);
#11210 = DIRECTION('',(-1.,0.,0.));
#11211 = ORIENTED_EDGE('',*,*,#11212,.F.);
#11212 = EDGE_CURVE('',#11213,#11205,#11215,.T.);
#11213 = VERTEX_POINT('',#11214);
#11214 = CARTESIAN_POINT('',(60.125405,-79.256066,1.51));
#11215 = CIRCLE('',#11216,0.299991600078);
#11216 = AXIS2_PLACEMENT_3D('',#11217,#11218,#11219);
#11217 = CARTESIAN_POINT('',(59.969105717961,-79.00000839993,1.51));
#11218 = DIRECTION('',(0.,0.,-1.));
#11219 = DIRECTION('',(0.521012195004,-0.853549232709,0.));
#11220 = ORIENTED_EDGE('',*,*,#11221,.F.);
#11221 = EDGE_CURVE('',#11222,#11213,#11224,.T.);
#11222 = VERTEX_POINT('',#11223);
#11223 = CARTESIAN_POINT('',(60.812684,-79.943345,1.51));
#11224 = CIRCLE('',#11225,0.499999603944);
#11225 = AXIS2_PLACEMENT_3D('',#11226,#11227,#11228);
#11226 = CARTESIAN_POINT('',(60.38590788946,-79.68284211054,1.51));
#11227 = DIRECTION('',(0.,0.,1.));
#11228 = DIRECTION('',(0.853552897188,-0.521006191616,0.));
#11229 = ORIENTED_EDGE('',*,*,#11230,.F.);
#11230 = EDGE_CURVE('',#11231,#11222,#11233,.T.);
#11231 = VERTEX_POINT('',#11232);
#11232 = CARTESIAN_POINT('',(60.76875,-80.099647,1.51));
#11233 = CIRCLE('',#11234,0.299991600078);
#11234 = AXIS2_PLACEMENT_3D('',#11235,#11236,#11237);
#11235 = CARTESIAN_POINT('',(61.068741600065,-80.09964428203,1.51));
#11236 = DIRECTION('',(0.,0.,-1.));
#11237 = DIRECTION('',(-0.999999999959,-9.060123477714E-06,-0.));
#11238 = ORIENTED_EDGE('',*,*,#11239,.F.);
#11239 = EDGE_CURVE('',#11240,#11231,#11242,.T.);
#11240 = VERTEX_POINT('',#11241);
#11241 = CARTESIAN_POINT('',(60.76875,-80.8,1.51));
#11242 = LINE('',#11243,#11244);
#11243 = CARTESIAN_POINT('',(60.76875,-80.8,1.51));
#11244 = VECTOR('',#11245,1.);
#11245 = DIRECTION('',(0.,1.,0.));
#11246 = ORIENTED_EDGE('',*,*,#11247,.F.);
#11247 = EDGE_CURVE('',#11248,#11240,#11250,.T.);
#11248 = VERTEX_POINT('',#11249);
#11249 = CARTESIAN_POINT('',(60.76875,-81.500353,1.51));
#11250 = LINE('',#11251,#11252);
#11251 = CARTESIAN_POINT('',(60.76875,-81.500353,1.51));
#11252 = VECTOR('',#11253,1.);
#11253 = DIRECTION('',(0.,1.,0.));
#11254 = ORIENTED_EDGE('',*,*,#11255,.F.);
#11255 = EDGE_CURVE('',#11256,#11248,#11258,.T.);
#11256 = VERTEX_POINT('',#11257);
#11257 = CARTESIAN_POINT('',(60.812684,-81.656655,1.51));
#11258 = CIRCLE('',#11259,0.299991600078);
#11259 = AXIS2_PLACEMENT_3D('',#11260,#11261,#11262);
#11260 = CARTESIAN_POINT('',(61.068741600065,-81.50035571796,1.51));
#11261 = DIRECTION('',(0.,0.,-1.));
#11262 = DIRECTION('',(-0.853549232709,-0.521012195003,-0.));
#11263 = ORIENTED_EDGE('',*,*,#11264,.F.);
#11264 = EDGE_CURVE('',#11265,#11256,#11267,.T.);
#11265 = VERTEX_POINT('',#11266);
#11266 = CARTESIAN_POINT('',(60.125405,-82.343934,1.51));
#11267 = CIRCLE('',#11268,0.499999603944);
#11268 = AXIS2_PLACEMENT_3D('',#11269,#11270,#11271);
#11269 = CARTESIAN_POINT('',(60.38590788946,-81.91715788946,1.51));
#11270 = DIRECTION('',(0.,0.,1.));
#11271 = DIRECTION('',(-0.521006191616,-0.853552897188,0.));
#11272 = ORIENTED_EDGE('',*,*,#11273,.F.);
#11273 = EDGE_CURVE('',#11274,#11265,#11276,.T.);
#11274 = VERTEX_POINT('',#11275);
#11275 = CARTESIAN_POINT('',(59.969103,-82.3,1.51));
#11276 = CIRCLE('',#11277,0.299991600078);
#11277 = AXIS2_PLACEMENT_3D('',#11278,#11279,#11280);
#11278 = CARTESIAN_POINT('',(59.969105717961,-82.59999160006,1.51));
#11279 = DIRECTION('',(0.,0.,-1.));
#11280 = DIRECTION('',(-9.060123335599E-06,0.999999999959,0.));
#11281 = ORIENTED_EDGE('',*,*,#11282,.F.);
#11282 = EDGE_CURVE('',#11283,#11274,#11285,.T.);
#11283 = VERTEX_POINT('',#11284);
#11284 = CARTESIAN_POINT('',(59.06875,-82.3,1.51));
#11285 = LINE('',#11286,#11287);
#11286 = CARTESIAN_POINT('',(59.06875,-82.3,1.51));
#11287 = VECTOR('',#11288,1.);
#11288 = DIRECTION('',(1.,0.,0.));
#11289 = ORIENTED_EDGE('',*,*,#11290,.F.);
#11290 = EDGE_CURVE('',#11291,#11283,#11293,.T.);
#11291 = VERTEX_POINT('',#11292);
#11292 = CARTESIAN_POINT('',(58.168397,-82.3,1.51));
#11293 = LINE('',#11294,#11295);
#11294 = CARTESIAN_POINT('',(58.168397,-82.3,1.51));
#11295 = VECTOR('',#11296,1.);
#11296 = DIRECTION('',(1.,0.,0.));
#11297 = ORIENTED_EDGE('',*,*,#11298,.F.);
#11298 = EDGE_CURVE('',#11299,#11291,#11301,.T.);
#11299 = VERTEX_POINT('',#11300);
#11300 = CARTESIAN_POINT('',(58.012095,-82.343934,1.51));
#11301 = CIRCLE('',#11302,0.299966762338);
#11302 = AXIS2_PLACEMENT_3D('',#11303,#11304,#11305);
#11303 = CARTESIAN_POINT('',(58.168387300506,-82.59996676218,1.51));
#11304 = DIRECTION('',(0.,0.,-1.));
#11305 = DIRECTION('',(-0.521032061311,0.853537105863,0.));
#11306 = ORIENTED_EDGE('',*,*,#11307,.F.);
#11307 = EDGE_CURVE('',#11308,#11299,#11310,.T.);
#11308 = VERTEX_POINT('',#11309);
#11309 = CARTESIAN_POINT('',(57.324816,-81.656655,1.51));
#11310 = CIRCLE('',#11311,0.499999603944);
#11311 = AXIS2_PLACEMENT_3D('',#11312,#11313,#11314);
#11312 = CARTESIAN_POINT('',(57.75159211054,-81.91715788946,1.51));
#11313 = DIRECTION('',(0.,0.,1.));
#11314 = DIRECTION('',(-0.853552897188,0.521006191616,0.));
#11315 = ORIENTED_EDGE('',*,*,#11316,.F.);
#11316 = EDGE_CURVE('',#11317,#11308,#11319,.T.);
#11317 = VERTEX_POINT('',#11318);
#11318 = CARTESIAN_POINT('',(57.36875,-81.500353,1.51));
#11319 = CIRCLE('',#11320,0.299683785035);
#11320 = AXIS2_PLACEMENT_3D('',#11321,#11322,#11323);
#11321 = CARTESIAN_POINT('',(57.069066228253,-81.50044224359,1.51));
#11322 = DIRECTION('',(0.,0.,-1.));
#11323 = DIRECTION('',(0.99999995566,2.977925314543E-04,0.));
#11324 = ORIENTED_EDGE('',*,*,#11325,.F.);
#11325 = EDGE_CURVE('',#11326,#11317,#11328,.T.);
#11326 = VERTEX_POINT('',#11327);
#11327 = CARTESIAN_POINT('',(57.36875,-80.8,1.51));
#11328 = LINE('',#11329,#11330);
#11329 = CARTESIAN_POINT('',(57.36875,-80.8,1.51));
#11330 = VECTOR('',#11331,1.);
#11331 = DIRECTION('',(0.,-1.,0.));
#11332 = ORIENTED_EDGE('',*,*,#11333,.F.);
#11333 = EDGE_CURVE('',#11334,#11326,#11336,.T.);
#11334 = VERTEX_POINT('',#11335);
#11335 = CARTESIAN_POINT('',(57.36875,-80.099647,1.51));
#11336 = LINE('',#11337,#11338);
#11337 = CARTESIAN_POINT('',(57.36875,-80.099647,1.51));
#11338 = VECTOR('',#11339,1.);
#11339 = DIRECTION('',(0.,-1.,0.));
#11340 = ORIENTED_EDGE('',*,*,#11341,.F.);
#11341 = EDGE_CURVE('',#11179,#11334,#11342,.T.);
#11342 = CIRCLE('',#11343,0.299966762338);
#11343 = AXIS2_PLACEMENT_3D('',#11344,#11345,#11346);
#11344 = CARTESIAN_POINT('',(57.068783237819,-80.0996373005,1.51));
#11345 = DIRECTION('',(0.,0.,-1.));
#11346 = DIRECTION('',(0.853537105863,0.521032061311,0.));
#11347 = PLANE('',#11348);
#11348 = AXIS2_PLACEMENT_3D('',#11349,#11350,#11351);
#11349 = CARTESIAN_POINT('',(0.,0.,1.51));
#11350 = DIRECTION('',(0.,0.,1.));
#11351 = DIRECTION('',(1.,0.,-0.));
#11352 = ADVANCED_FACE('',(#11353),#11364,.T.);
#11353 = FACE_BOUND('',#11354,.T.);
#11354 = EDGE_LOOP('',(#11355,#11361,#11362,#11363));
#11355 = ORIENTED_EDGE('',*,*,#11356,.T.);
#11356 = EDGE_CURVE('',#9848,#10616,#11357,.T.);
#11357 = LINE('',#11358,#11359);
#11358 = CARTESIAN_POINT('',(33.8,-74.4,0.));
#11359 = VECTOR('',#11360,1.);
#11360 = DIRECTION('',(0.,0.,1.));
#11361 = ORIENTED_EDGE('',*,*,#10615,.T.);
#11362 = ORIENTED_EDGE('',*,*,#9807,.F.);
#11363 = ORIENTED_EDGE('',*,*,#9847,.F.);
#11364 = PLANE('',#11365);
#11365 = AXIS2_PLACEMENT_3D('',#11366,#11367,#11368);
#11366 = CARTESIAN_POINT('',(33.8,-74.4,0.));
#11367 = DIRECTION('',(0.,1.,0.));
#11368 = DIRECTION('',(1.,0.,0.));
#11369 = ADVANCED_FACE('',(#11370),#11381,.F.);
#11370 = FACE_BOUND('',#11371,.T.);
#11371 = EDGE_LOOP('',(#11372,#11373,#11374,#11375));
#11372 = ORIENTED_EDGE('',*,*,#9928,.T.);
#11373 = ORIENTED_EDGE('',*,*,#10588,.T.);
#11374 = ORIENTED_EDGE('',*,*,#10696,.F.);
#11375 = ORIENTED_EDGE('',*,*,#11376,.T.);
#11376 = EDGE_CURVE('',#10689,#9921,#11377,.T.);
#11377 = LINE('',#11378,#11379);
#11378 = CARTESIAN_POINT('',(50.4,-79.7,-4.6E-02));
#11379 = VECTOR('',#11380,1.);
#11380 = DIRECTION('',(-0.,-0.,-1.));
#11381 = CYLINDRICAL_SURFACE('',#11382,0.25);
#11382 = AXIS2_PLACEMENT_3D('',#11383,#11384,#11385);
#11383 = CARTESIAN_POINT('',(50.2,-79.85,-4.6E-02));
#11384 = DIRECTION('',(-0.,-0.,-1.));
#11385 = DIRECTION('',(-0.,-1.,0.));
#11386 = ADVANCED_FACE('',(#11387),#11398,.T.);
#11387 = FACE_BOUND('',#11388,.T.);
#11388 = EDGE_LOOP('',(#11389,#11390,#11391,#11392));
#11389 = ORIENTED_EDGE('',*,*,#9920,.F.);
#11390 = ORIENTED_EDGE('',*,*,#11376,.F.);
#11391 = ORIENTED_EDGE('',*,*,#10688,.T.);
#11392 = ORIENTED_EDGE('',*,*,#11393,.F.);
#11393 = EDGE_CURVE('',#9913,#10681,#11394,.T.);
#11394 = LINE('',#11395,#11396);
#11395 = CARTESIAN_POINT('',(50.4,-78.4,0.));
#11396 = VECTOR('',#11397,1.);
#11397 = DIRECTION('',(0.,0.,1.));
#11398 = PLANE('',#11399);
#11399 = AXIS2_PLACEMENT_3D('',#11400,#11401,#11402);
#11400 = CARTESIAN_POINT('',(50.4,-79.8,0.));
#11401 = DIRECTION('',(-1.,0.,0.));
#11402 = DIRECTION('',(0.,1.,0.));
#11403 = ADVANCED_FACE('',(#11404),#11415,.T.);
#11404 = FACE_BOUND('',#11405,.T.);
#11405 = EDGE_LOOP('',(#11406,#11407,#11408,#11414));
#11406 = ORIENTED_EDGE('',*,*,#11393,.T.);
#11407 = ORIENTED_EDGE('',*,*,#10680,.T.);
#11408 = ORIENTED_EDGE('',*,*,#11409,.F.);
#11409 = EDGE_CURVE('',#9905,#10673,#11410,.T.);
#11410 = LINE('',#11411,#11412);
#11411 = CARTESIAN_POINT('',(66.6,-78.4,0.));
#11412 = VECTOR('',#11413,1.);
#11413 = DIRECTION('',(0.,0.,1.));
#11414 = ORIENTED_EDGE('',*,*,#9912,.F.);
#11415 = PLANE('',#11416);
#11416 = AXIS2_PLACEMENT_3D('',#11417,#11418,#11419);
#11417 = CARTESIAN_POINT('',(50.4,-78.4,0.));
#11418 = DIRECTION('',(0.,1.,0.));
#11419 = DIRECTION('',(1.,0.,0.));
#11420 = ADVANCED_FACE('',(#11421),#11432,.T.);
#11421 = FACE_BOUND('',#11422,.T.);
#11422 = EDGE_LOOP('',(#11423,#11424,#11425,#11431));
#11423 = ORIENTED_EDGE('',*,*,#11409,.T.);
#11424 = ORIENTED_EDGE('',*,*,#10672,.T.);
#11425 = ORIENTED_EDGE('',*,*,#11426,.F.);
#11426 = EDGE_CURVE('',#9897,#10665,#11427,.T.);
#11427 = LINE('',#11428,#11429);
#11428 = CARTESIAN_POINT('',(66.6,-95.6,0.));
#11429 = VECTOR('',#11430,1.);
#11430 = DIRECTION('',(0.,0.,1.));
#11431 = ORIENTED_EDGE('',*,*,#9904,.F.);
#11432 = PLANE('',#11433);
#11433 = AXIS2_PLACEMENT_3D('',#11434,#11435,#11436);
#11434 = CARTESIAN_POINT('',(66.6,-78.4,0.));
#11435 = DIRECTION('',(1.,0.,-0.));
#11436 = DIRECTION('',(0.,-1.,0.));
#11437 = ADVANCED_FACE('',(#11438),#11449,.T.);
#11438 = FACE_BOUND('',#11439,.T.);
#11439 = EDGE_LOOP('',(#11440,#11441,#11442,#11448));
#11440 = ORIENTED_EDGE('',*,*,#11426,.T.);
#11441 = ORIENTED_EDGE('',*,*,#10664,.T.);
#11442 = ORIENTED_EDGE('',*,*,#11443,.F.);
#11443 = EDGE_CURVE('',#9889,#10657,#11444,.T.);
#11444 = LINE('',#11445,#11446);
#11445 = CARTESIAN_POINT('',(50.4,-95.6,0.));
#11446 = VECTOR('',#11447,1.);
#11447 = DIRECTION('',(0.,0.,1.));
#11448 = ORIENTED_EDGE('',*,*,#9896,.F.);
#11449 = PLANE('',#11450);
#11450 = AXIS2_PLACEMENT_3D('',#11451,#11452,#11453);
#11451 = CARTESIAN_POINT('',(66.6,-95.6,0.));
#11452 = DIRECTION('',(0.,-1.,0.));
#11453 = DIRECTION('',(-1.,0.,0.));
#11454 = ADVANCED_FACE('',(#11455),#11466,.T.);
#11455 = FACE_BOUND('',#11456,.T.);
#11456 = EDGE_LOOP('',(#11457,#11458,#11459,#11460));
#11457 = ORIENTED_EDGE('',*,*,#9888,.F.);
#11458 = ORIENTED_EDGE('',*,*,#11443,.T.);
#11459 = ORIENTED_EDGE('',*,*,#10656,.T.);
#11460 = ORIENTED_EDGE('',*,*,#11461,.T.);
#11461 = EDGE_CURVE('',#10648,#9880,#11462,.T.);
#11462 = LINE('',#11463,#11464);
#11463 = CARTESIAN_POINT('',(50.4,-88.5,-4.6E-02));
#11464 = VECTOR('',#11465,1.);
#11465 = DIRECTION('',(-0.,-0.,-1.));
#11466 = PLANE('',#11467);
#11467 = AXIS2_PLACEMENT_3D('',#11468,#11469,#11470);
#11468 = CARTESIAN_POINT('',(50.4,-95.6,0.));
#11469 = DIRECTION('',(-1.,0.,0.));
#11470 = DIRECTION('',(0.,1.,0.));
#11471 = ADVANCED_FACE('',(#11472),#11483,.F.);
#11472 = FACE_BOUND('',#11473,.T.);
#11473 = EDGE_LOOP('',(#11474,#11475,#11476,#11482));
#11474 = ORIENTED_EDGE('',*,*,#11461,.F.);
#11475 = ORIENTED_EDGE('',*,*,#10647,.F.);
#11476 = ORIENTED_EDGE('',*,*,#11477,.T.);
#11477 = EDGE_CURVE('',#10640,#9872,#11478,.T.);
#11478 = LINE('',#11479,#11480);
#11479 = CARTESIAN_POINT('',(50.,-88.5,-4.6E-02));
#11480 = VECTOR('',#11481,1.);
#11481 = DIRECTION('',(-0.,-0.,-1.));
#11482 = ORIENTED_EDGE('',*,*,#9879,.T.);
#11483 = CYLINDRICAL_SURFACE('',#11484,0.25);
#11484 = AXIS2_PLACEMENT_3D('',#11485,#11486,#11487);
#11485 = CARTESIAN_POINT('',(50.2,-88.35,-4.6E-02));
#11486 = DIRECTION('',(-0.,-0.,-1.));
#11487 = DIRECTION('',(-0.,-1.,0.));
#11488 = ADVANCED_FACE('',(#11489),#11500,.T.);
#11489 = FACE_BOUND('',#11490,.T.);
#11490 = EDGE_LOOP('',(#11491,#11492,#11493,#11494));
#11491 = ORIENTED_EDGE('',*,*,#9871,.F.);
#11492 = ORIENTED_EDGE('',*,*,#11477,.F.);
#11493 = ORIENTED_EDGE('',*,*,#10639,.T.);
#11494 = ORIENTED_EDGE('',*,*,#11495,.F.);
#11495 = EDGE_CURVE('',#9864,#10632,#11496,.T.);
#11496 = LINE('',#11497,#11498);
#11497 = CARTESIAN_POINT('',(50.,-95.6,0.));
#11498 = VECTOR('',#11499,1.);
#11499 = DIRECTION('',(0.,0.,1.));
#11500 = PLANE('',#11501);
#11501 = AXIS2_PLACEMENT_3D('',#11502,#11503,#11504);
#11502 = CARTESIAN_POINT('',(50.,-88.4,0.));
#11503 = DIRECTION('',(1.,0.,-0.));
#11504 = DIRECTION('',(0.,-1.,0.));
#11505 = ADVANCED_FACE('',(#11506),#11517,.T.);
#11506 = FACE_BOUND('',#11507,.T.);
#11507 = EDGE_LOOP('',(#11508,#11509,#11510,#11516));
#11508 = ORIENTED_EDGE('',*,*,#11495,.T.);
#11509 = ORIENTED_EDGE('',*,*,#10631,.T.);
#11510 = ORIENTED_EDGE('',*,*,#11511,.F.);
#11511 = EDGE_CURVE('',#9856,#10624,#11512,.T.);
#11512 = LINE('',#11513,#11514);
#11513 = CARTESIAN_POINT('',(33.8,-95.6,0.));
#11514 = VECTOR('',#11515,1.);
#11515 = DIRECTION('',(0.,0.,1.));
#11516 = ORIENTED_EDGE('',*,*,#9863,.F.);
#11517 = PLANE('',#11518);
#11518 = AXIS2_PLACEMENT_3D('',#11519,#11520,#11521);
#11519 = CARTESIAN_POINT('',(50.,-95.6,0.));
#11520 = DIRECTION('',(0.,-1.,0.));
#11521 = DIRECTION('',(-1.,0.,0.));
#11522 = ADVANCED_FACE('',(#11523),#11529,.T.);
#11523 = FACE_BOUND('',#11524,.T.);
#11524 = EDGE_LOOP('',(#11525,#11526,#11527,#11528));
#11525 = ORIENTED_EDGE('',*,*,#11511,.T.);
#11526 = ORIENTED_EDGE('',*,*,#10623,.T.);
#11527 = ORIENTED_EDGE('',*,*,#11356,.F.);
#11528 = ORIENTED_EDGE('',*,*,#9855,.F.);
#11529 = PLANE('',#11530);
#11530 = AXIS2_PLACEMENT_3D('',#11531,#11532,#11533);
#11531 = CARTESIAN_POINT('',(33.8,-95.6,0.));
#11532 = DIRECTION('',(-1.,0.,0.));
#11533 = DIRECTION('',(0.,1.,0.));
#11534 = ADVANCED_FACE('',(#11535),#11546,.F.);
#11535 = FACE_BOUND('',#11536,.T.);
#11536 = EDGE_LOOP('',(#11537,#11538,#11544,#11545));
#11537 = ORIENTED_EDGE('',*,*,#9937,.T.);
#11538 = ORIENTED_EDGE('',*,*,#11539,.T.);
#11539 = EDGE_CURVE('',#9938,#10706,#11540,.T.);
#11540 = LINE('',#11541,#11542);
#11541 = CARTESIAN_POINT('',(35.6,-94.3,-4.6E-02));
#11542 = VECTOR('',#11543,1.);
#11543 = DIRECTION('',(0.,0.,1.));
#11544 = ORIENTED_EDGE('',*,*,#10705,.F.);
#11545 = ORIENTED_EDGE('',*,*,#11539,.F.);
#11546 = CYLINDRICAL_SURFACE('',#11547,0.5);
#11547 = AXIS2_PLACEMENT_3D('',#11548,#11549,#11550);
#11548 = CARTESIAN_POINT('',(35.6,-93.8,-4.6E-02));
#11549 = DIRECTION('',(-0.,-0.,-1.));
#11550 = DIRECTION('',(-0.,-1.,0.));
#11551 = ADVANCED_FACE('',(#11552),#11563,.F.);
#11552 = FACE_BOUND('',#11553,.T.);
#11553 = EDGE_LOOP('',(#11554,#11555,#11561,#11562));
#11554 = ORIENTED_EDGE('',*,*,#9948,.T.);
#11555 = ORIENTED_EDGE('',*,*,#11556,.T.);
#11556 = EDGE_CURVE('',#9949,#10717,#11557,.T.);
#11557 = LINE('',#11558,#11559);
#11558 = CARTESIAN_POINT('',(38.14,-94.3,-4.6E-02));
#11559 = VECTOR('',#11560,1.);
#11560 = DIRECTION('',(0.,0.,1.));
#11561 = ORIENTED_EDGE('',*,*,#10716,.F.);
#11562 = ORIENTED_EDGE('',*,*,#11556,.F.);
#11563 = CYLINDRICAL_SURFACE('',#11564,0.5);
#11564 = AXIS2_PLACEMENT_3D('',#11565,#11566,#11567);
#11565 = CARTESIAN_POINT('',(38.14,-93.8,-4.6E-02));
#11566 = DIRECTION('',(-0.,-0.,-1.));
#11567 = DIRECTION('',(-0.,-1.,0.));
#11568 = ADVANCED_FACE('',(#11569),#11580,.F.);
#11569 = FACE_BOUND('',#11570,.T.);
#11570 = EDGE_LOOP('',(#11571,#11572,#11578,#11579));
#11571 = ORIENTED_EDGE('',*,*,#9959,.T.);
#11572 = ORIENTED_EDGE('',*,*,#11573,.T.);
#11573 = EDGE_CURVE('',#9960,#10728,#11574,.T.);
#11574 = LINE('',#11575,#11576);
#11575 = CARTESIAN_POINT('',(40.68,-94.3,-4.6E-02));
#11576 = VECTOR('',#11577,1.);
#11577 = DIRECTION('',(0.,0.,1.));
#11578 = ORIENTED_EDGE('',*,*,#10727,.F.);
#11579 = ORIENTED_EDGE('',*,*,#11573,.F.);
#11580 = CYLINDRICAL_SURFACE('',#11581,0.5);
#11581 = AXIS2_PLACEMENT_3D('',#11582,#11583,#11584);
#11582 = CARTESIAN_POINT('',(40.68,-93.8,-4.6E-02));
#11583 = DIRECTION('',(-0.,-0.,-1.));
#11584 = DIRECTION('',(-0.,-1.,0.));
#11585 = ADVANCED_FACE('',(#11586),#11597,.F.);
#11586 = FACE_BOUND('',#11587,.T.);
#11587 = EDGE_LOOP('',(#11588,#11589,#11595,#11596));
#11588 = ORIENTED_EDGE('',*,*,#9970,.T.);
#11589 = ORIENTED_EDGE('',*,*,#11590,.T.);
#11590 = EDGE_CURVE('',#9971,#10739,#11591,.T.);
#11591 = LINE('',#11592,#11593);
#11592 = CARTESIAN_POINT('',(43.22,-94.3,-4.6E-02));
#11593 = VECTOR('',#11594,1.);
#11594 = DIRECTION('',(0.,0.,1.));
#11595 = ORIENTED_EDGE('',*,*,#10738,.F.);
#11596 = ORIENTED_EDGE('',*,*,#11590,.F.);
#11597 = CYLINDRICAL_SURFACE('',#11598,0.5);
#11598 = AXIS2_PLACEMENT_3D('',#11599,#11600,#11601);
#11599 = CARTESIAN_POINT('',(43.22,-93.8,-4.6E-02));
#11600 = DIRECTION('',(-0.,-0.,-1.));
#11601 = DIRECTION('',(-0.,-1.,0.));
#11602 = ADVANCED_FACE('',(#11603),#11614,.F.);
#11603 = FACE_BOUND('',#11604,.T.);
#11604 = EDGE_LOOP('',(#11605,#11606,#11612,#11613));
#11605 = ORIENTED_EDGE('',*,*,#9981,.T.);
#11606 = ORIENTED_EDGE('',*,*,#11607,.T.);
#11607 = EDGE_CURVE('',#9982,#10750,#11608,.T.);
#11608 = LINE('',#11609,#11610);
#11609 = CARTESIAN_POINT('',(45.76,-94.3,-4.6E-02));
#11610 = VECTOR('',#11611,1.);
#11611 = DIRECTION('',(0.,0.,1.));
#11612 = ORIENTED_EDGE('',*,*,#10749,.F.);
#11613 = ORIENTED_EDGE('',*,*,#11607,.F.);
#11614 = CYLINDRICAL_SURFACE('',#11615,0.5);
#11615 = AXIS2_PLACEMENT_3D('',#11616,#11617,#11618);
#11616 = CARTESIAN_POINT('',(45.76,-93.8,-4.6E-02));
#11617 = DIRECTION('',(-0.,-0.,-1.));
#11618 = DIRECTION('',(-0.,-1.,0.));
#11619 = ADVANCED_FACE('',(#11620),#11631,.F.);
#11620 = FACE_BOUND('',#11621,.T.);
#11621 = EDGE_LOOP('',(#11622,#11623,#11629,#11630));
#11622 = ORIENTED_EDGE('',*,*,#9992,.T.);
#11623 = ORIENTED_EDGE('',*,*,#11624,.T.);
#11624 = EDGE_CURVE('',#9993,#10761,#11625,.T.);
#11625 = LINE('',#11626,#11627);
#11626 = CARTESIAN_POINT('',(48.3,-94.3,-4.6E-02));
#11627 = VECTOR('',#11628,1.);
#11628 = DIRECTION('',(0.,0.,1.));
#11629 = ORIENTED_EDGE('',*,*,#10760,.F.);
#11630 = ORIENTED_EDGE('',*,*,#11624,.F.);
#11631 = CYLINDRICAL_SURFACE('',#11632,0.5);
#11632 = AXIS2_PLACEMENT_3D('',#11633,#11634,#11635);
#11633 = CARTESIAN_POINT('',(48.3,-93.8,-4.6E-02));
#11634 = DIRECTION('',(-0.,-0.,-1.));
#11635 = DIRECTION('',(-0.,-1.,0.));
#11636 = ADVANCED_FACE('',(#11637),#11648,.F.);
#11637 = FACE_BOUND('',#11638,.T.);
#11638 = EDGE_LOOP('',(#11639,#11640,#11646,#11647));
#11639 = ORIENTED_EDGE('',*,*,#10003,.T.);
#11640 = ORIENTED_EDGE('',*,*,#11641,.T.);
#11641 = EDGE_CURVE('',#10004,#10772,#11642,.T.);
#11642 = LINE('',#11643,#11644);
#11643 = CARTESIAN_POINT('',(50.2,-87.75,-4.6E-02));
#11644 = VECTOR('',#11645,1.);
#11645 = DIRECTION('',(0.,0.,1.));
#11646 = ORIENTED_EDGE('',*,*,#10771,.F.);
#11647 = ORIENTED_EDGE('',*,*,#11641,.F.);
#11648 = CYLINDRICAL_SURFACE('',#11649,0.25);
#11649 = AXIS2_PLACEMENT_3D('',#11650,#11651,#11652);
#11650 = CARTESIAN_POINT('',(50.2,-87.5,-4.6E-02));
#11651 = DIRECTION('',(-0.,-0.,-1.));
#11652 = DIRECTION('',(-0.,-1.,0.));
#11653 = ADVANCED_FACE('',(#11654),#11665,.F.);
#11654 = FACE_BOUND('',#11655,.T.);
#11655 = EDGE_LOOP('',(#11656,#11657,#11663,#11664));
#11656 = ORIENTED_EDGE('',*,*,#10014,.T.);
#11657 = ORIENTED_EDGE('',*,*,#11658,.T.);
#11658 = EDGE_CURVE('',#10015,#10783,#11659,.T.);
#11659 = LINE('',#11660,#11661);
#11660 = CARTESIAN_POINT('',(50.2,-86.9,-4.6E-02));
#11661 = VECTOR('',#11662,1.);
#11662 = DIRECTION('',(0.,0.,1.));
#11663 = ORIENTED_EDGE('',*,*,#10782,.F.);
#11664 = ORIENTED_EDGE('',*,*,#11658,.F.);
#11665 = CYLINDRICAL_SURFACE('',#11666,0.25);
#11666 = AXIS2_PLACEMENT_3D('',#11667,#11668,#11669);
#11667 = CARTESIAN_POINT('',(50.2,-86.65,-4.6E-02));
#11668 = DIRECTION('',(-0.,-0.,-1.));
#11669 = DIRECTION('',(-0.,-1.,0.));
#11670 = ADVANCED_FACE('',(#11671),#11682,.F.);
#11671 = FACE_BOUND('',#11672,.T.);
#11672 = EDGE_LOOP('',(#11673,#11674,#11680,#11681));
#11673 = ORIENTED_EDGE('',*,*,#10025,.T.);
#11674 = ORIENTED_EDGE('',*,*,#11675,.T.);
#11675 = EDGE_CURVE('',#10026,#10794,#11676,.T.);
#11676 = LINE('',#11677,#11678);
#11677 = CARTESIAN_POINT('',(50.2,-86.05,-4.6E-02));
#11678 = VECTOR('',#11679,1.);
#11679 = DIRECTION('',(0.,0.,1.));
#11680 = ORIENTED_EDGE('',*,*,#10793,.F.);
#11681 = ORIENTED_EDGE('',*,*,#11675,.F.);
#11682 = CYLINDRICAL_SURFACE('',#11683,0.25);
#11683 = AXIS2_PLACEMENT_3D('',#11684,#11685,#11686);
#11684 = CARTESIAN_POINT('',(50.2,-85.8,-4.6E-02));
#11685 = DIRECTION('',(-0.,-0.,-1.));
#11686 = DIRECTION('',(-0.,-1.,0.));
#11687 = ADVANCED_FACE('',(#11688),#11699,.F.);
#11688 = FACE_BOUND('',#11689,.T.);
#11689 = EDGE_LOOP('',(#11690,#11691,#11697,#11698));
#11690 = ORIENTED_EDGE('',*,*,#10036,.T.);
#11691 = ORIENTED_EDGE('',*,*,#11692,.T.);
#11692 = EDGE_CURVE('',#10037,#10805,#11693,.T.);
#11693 = LINE('',#11694,#11695);
#11694 = CARTESIAN_POINT('',(52.12875,-94.3,-4.6E-02));
#11695 = VECTOR('',#11696,1.);
#11696 = DIRECTION('',(0.,0.,1.));
#11697 = ORIENTED_EDGE('',*,*,#10804,.F.);
#11698 = ORIENTED_EDGE('',*,*,#11692,.F.);
#11699 = CYLINDRICAL_SURFACE('',#11700,0.5);
#11700 = AXIS2_PLACEMENT_3D('',#11701,#11702,#11703);
#11701 = CARTESIAN_POINT('',(52.12875,-93.8,-4.6E-02));
#11702 = DIRECTION('',(-0.,-0.,-1.));
#11703 = DIRECTION('',(-0.,-1.,0.));
#11704 = ADVANCED_FACE('',(#11705),#11716,.F.);
#11705 = FACE_BOUND('',#11706,.T.);
#11706 = EDGE_LOOP('',(#11707,#11708,#11714,#11715));
#11707 = ORIENTED_EDGE('',*,*,#10047,.T.);
#11708 = ORIENTED_EDGE('',*,*,#11709,.T.);
#11709 = EDGE_CURVE('',#10048,#10816,#11710,.T.);
#11710 = LINE('',#11711,#11712);
#11711 = CARTESIAN_POINT('',(54.66875,-94.3,-4.6E-02));
#11712 = VECTOR('',#11713,1.);
#11713 = DIRECTION('',(0.,0.,1.));
#11714 = ORIENTED_EDGE('',*,*,#10815,.F.);
#11715 = ORIENTED_EDGE('',*,*,#11709,.F.);
#11716 = CYLINDRICAL_SURFACE('',#11717,0.5);
#11717 = AXIS2_PLACEMENT_3D('',#11718,#11719,#11720);
#11718 = CARTESIAN_POINT('',(54.66875,-93.8,-4.6E-02));
#11719 = DIRECTION('',(-0.,-0.,-1.));
#11720 = DIRECTION('',(-0.,-1.,0.));
#11721 = ADVANCED_FACE('',(#11722),#11733,.F.);
#11722 = FACE_BOUND('',#11723,.T.);
#11723 = EDGE_LOOP('',(#11724,#11725,#11731,#11732));
#11724 = ORIENTED_EDGE('',*,*,#10058,.T.);
#11725 = ORIENTED_EDGE('',*,*,#11726,.T.);
#11726 = EDGE_CURVE('',#10059,#10827,#11727,.T.);
#11727 = LINE('',#11728,#11729);
#11728 = CARTESIAN_POINT('',(57.20875,-94.3,-4.6E-02));
#11729 = VECTOR('',#11730,1.);
#11730 = DIRECTION('',(0.,0.,1.));
#11731 = ORIENTED_EDGE('',*,*,#10826,.F.);
#11732 = ORIENTED_EDGE('',*,*,#11726,.F.);
#11733 = CYLINDRICAL_SURFACE('',#11734,0.5);
#11734 = AXIS2_PLACEMENT_3D('',#11735,#11736,#11737);
#11735 = CARTESIAN_POINT('',(57.20875,-93.8,-4.6E-02));
#11736 = DIRECTION('',(-0.,-0.,-1.));
#11737 = DIRECTION('',(-0.,-1.,0.));
#11738 = ADVANCED_FACE('',(#11739),#11750,.F.);
#11739 = FACE_BOUND('',#11740,.T.);
#11740 = EDGE_LOOP('',(#11741,#11742,#11748,#11749));
#11741 = ORIENTED_EDGE('',*,*,#10069,.T.);
#11742 = ORIENTED_EDGE('',*,*,#11743,.T.);
#11743 = EDGE_CURVE('',#10070,#10838,#11744,.T.);
#11744 = LINE('',#11745,#11746);
#11745 = CARTESIAN_POINT('',(59.74875,-94.3,-4.6E-02));
#11746 = VECTOR('',#11747,1.);
#11747 = DIRECTION('',(0.,0.,1.));
#11748 = ORIENTED_EDGE('',*,*,#10837,.F.);
#11749 = ORIENTED_EDGE('',*,*,#11743,.F.);
#11750 = CYLINDRICAL_SURFACE('',#11751,0.5);
#11751 = AXIS2_PLACEMENT_3D('',#11752,#11753,#11754);
#11752 = CARTESIAN_POINT('',(59.74875,-93.8,-4.6E-02));
#11753 = DIRECTION('',(-0.,-0.,-1.));
#11754 = DIRECTION('',(-0.,-1.,0.));
#11755 = ADVANCED_FACE('',(#11756),#11767,.F.);
#11756 = FACE_BOUND('',#11757,.T.);
#11757 = EDGE_LOOP('',(#11758,#11759,#11765,#11766));
#11758 = ORIENTED_EDGE('',*,*,#10080,.T.);
#11759 = ORIENTED_EDGE('',*,*,#11760,.T.);
#11760 = EDGE_CURVE('',#10081,#10849,#11761,.T.);
#11761 = LINE('',#11762,#11763);
#11762 = CARTESIAN_POINT('',(62.28875,-94.3,-4.6E-02));
#11763 = VECTOR('',#11764,1.);
#11764 = DIRECTION('',(0.,0.,1.));
#11765 = ORIENTED_EDGE('',*,*,#10848,.F.);
#11766 = ORIENTED_EDGE('',*,*,#11760,.F.);
#11767 = CYLINDRICAL_SURFACE('',#11768,0.5);
#11768 = AXIS2_PLACEMENT_3D('',#11769,#11770,#11771);
#11769 = CARTESIAN_POINT('',(62.28875,-93.8,-4.6E-02));
#11770 = DIRECTION('',(-0.,-0.,-1.));
#11771 = DIRECTION('',(-0.,-1.,0.));
#11772 = ADVANCED_FACE('',(#11773),#11784,.F.);
#11773 = FACE_BOUND('',#11774,.T.);
#11774 = EDGE_LOOP('',(#11775,#11776,#11782,#11783));
#11775 = ORIENTED_EDGE('',*,*,#10091,.T.);
#11776 = ORIENTED_EDGE('',*,*,#11777,.T.);
#11777 = EDGE_CURVE('',#10092,#10860,#11778,.T.);
#11778 = LINE('',#11779,#11780);
#11779 = CARTESIAN_POINT('',(64.82875,-94.3,-4.6E-02));
#11780 = VECTOR('',#11781,1.);
#11781 = DIRECTION('',(0.,0.,1.));
#11782 = ORIENTED_EDGE('',*,*,#10859,.F.);
#11783 = ORIENTED_EDGE('',*,*,#11777,.F.);
#11784 = CYLINDRICAL_SURFACE('',#11785,0.5);
#11785 = AXIS2_PLACEMENT_3D('',#11786,#11787,#11788);
#11786 = CARTESIAN_POINT('',(64.82875,-93.8,-4.6E-02));
#11787 = DIRECTION('',(-0.,-0.,-1.));
#11788 = DIRECTION('',(-0.,-1.,0.));
#11789 = ADVANCED_FACE('',(#11790),#11801,.F.);
#11790 = FACE_BOUND('',#11791,.T.);
#11791 = EDGE_LOOP('',(#11792,#11793,#11799,#11800));
#11792 = ORIENTED_EDGE('',*,*,#10102,.T.);
#11793 = ORIENTED_EDGE('',*,*,#11794,.T.);
#11794 = EDGE_CURVE('',#10103,#10871,#11795,.T.);
#11795 = LINE('',#11796,#11797);
#11796 = CARTESIAN_POINT('',(50.2,-85.2,-4.6E-02));
#11797 = VECTOR('',#11798,1.);
#11798 = DIRECTION('',(0.,0.,1.));
#11799 = ORIENTED_EDGE('',*,*,#10870,.F.);
#11800 = ORIENTED_EDGE('',*,*,#11794,.F.);
#11801 = CYLINDRICAL_SURFACE('',#11802,0.25);
#11802 = AXIS2_PLACEMENT_3D('',#11803,#11804,#11805);
#11803 = CARTESIAN_POINT('',(50.2,-84.95,-4.6E-02));
#11804 = DIRECTION('',(-0.,-0.,-1.));
#11805 = DIRECTION('',(-0.,-1.,0.));
#11806 = ADVANCED_FACE('',(#11807),#11818,.F.);
#11807 = FACE_BOUND('',#11808,.T.);
#11808 = EDGE_LOOP('',(#11809,#11810,#11816,#11817));
#11809 = ORIENTED_EDGE('',*,*,#10113,.T.);
#11810 = ORIENTED_EDGE('',*,*,#11811,.T.);
#11811 = EDGE_CURVE('',#10114,#10882,#11812,.T.);
#11812 = LINE('',#11813,#11814);
#11813 = CARTESIAN_POINT('',(50.2,-84.35,-4.6E-02));
#11814 = VECTOR('',#11815,1.);
#11815 = DIRECTION('',(0.,0.,1.));
#11816 = ORIENTED_EDGE('',*,*,#10881,.F.);
#11817 = ORIENTED_EDGE('',*,*,#11811,.F.);
#11818 = CYLINDRICAL_SURFACE('',#11819,0.25);
#11819 = AXIS2_PLACEMENT_3D('',#11820,#11821,#11822);
#11820 = CARTESIAN_POINT('',(50.2,-84.1,-4.6E-02));
#11821 = DIRECTION('',(-0.,-0.,-1.));
#11822 = DIRECTION('',(-0.,-1.,0.));
#11823 = ADVANCED_FACE('',(#11824),#11835,.F.);
#11824 = FACE_BOUND('',#11825,.T.);
#11825 = EDGE_LOOP('',(#11826,#11827,#11833,#11834));
#11826 = ORIENTED_EDGE('',*,*,#10124,.T.);
#11827 = ORIENTED_EDGE('',*,*,#11828,.T.);
#11828 = EDGE_CURVE('',#10125,#10893,#11829,.T.);
#11829 = LINE('',#11830,#11831);
#11830 = CARTESIAN_POINT('',(50.2,-83.5,-4.6E-02));
#11831 = VECTOR('',#11832,1.);
#11832 = DIRECTION('',(0.,0.,1.));
#11833 = ORIENTED_EDGE('',*,*,#10892,.F.);
#11834 = ORIENTED_EDGE('',*,*,#11828,.F.);
#11835 = CYLINDRICAL_SURFACE('',#11836,0.25);
#11836 = AXIS2_PLACEMENT_3D('',#11837,#11838,#11839);
#11837 = CARTESIAN_POINT('',(50.2,-83.25,-4.6E-02));
#11838 = DIRECTION('',(-0.,-0.,-1.));
#11839 = DIRECTION('',(-0.,-1.,0.));
#11840 = ADVANCED_FACE('',(#11841),#11852,.F.);
#11841 = FACE_BOUND('',#11842,.T.);
#11842 = EDGE_LOOP('',(#11843,#11844,#11850,#11851));
#11843 = ORIENTED_EDGE('',*,*,#10135,.T.);
#11844 = ORIENTED_EDGE('',*,*,#11845,.T.);
#11845 = EDGE_CURVE('',#10136,#10904,#11846,.T.);
#11846 = LINE('',#11847,#11848);
#11847 = CARTESIAN_POINT('',(50.2,-82.65,-4.6E-02));
#11848 = VECTOR('',#11849,1.);
#11849 = DIRECTION('',(0.,0.,1.));
#11850 = ORIENTED_EDGE('',*,*,#10903,.F.);
#11851 = ORIENTED_EDGE('',*,*,#11845,.F.);
#11852 = CYLINDRICAL_SURFACE('',#11853,0.25);
#11853 = AXIS2_PLACEMENT_3D('',#11854,#11855,#11856);
#11854 = CARTESIAN_POINT('',(50.2,-82.4,-4.6E-02));
#11855 = DIRECTION('',(-0.,-0.,-1.));
#11856 = DIRECTION('',(-0.,-1.,0.));
#11857 = ADVANCED_FACE('',(#11858),#11869,.F.);
#11858 = FACE_BOUND('',#11859,.T.);
#11859 = EDGE_LOOP('',(#11860,#11861,#11867,#11868));
#11860 = ORIENTED_EDGE('',*,*,#10146,.T.);
#11861 = ORIENTED_EDGE('',*,*,#11862,.T.);
#11862 = EDGE_CURVE('',#10147,#10915,#11863,.T.);
#11863 = LINE('',#11864,#11865);
#11864 = CARTESIAN_POINT('',(50.2,-81.8,-4.6E-02));
#11865 = VECTOR('',#11866,1.);
#11866 = DIRECTION('',(0.,0.,1.));
#11867 = ORIENTED_EDGE('',*,*,#10914,.F.);
#11868 = ORIENTED_EDGE('',*,*,#11862,.F.);
#11869 = CYLINDRICAL_SURFACE('',#11870,0.25);
#11870 = AXIS2_PLACEMENT_3D('',#11871,#11872,#11873);
#11871 = CARTESIAN_POINT('',(50.2,-81.55,-4.6E-02));
#11872 = DIRECTION('',(-0.,-0.,-1.));
#11873 = DIRECTION('',(-0.,-1.,0.));
#11874 = ADVANCED_FACE('',(#11875),#11886,.F.);
#11875 = FACE_BOUND('',#11876,.T.);
#11876 = EDGE_LOOP('',(#11877,#11878,#11884,#11885));
#11877 = ORIENTED_EDGE('',*,*,#10157,.T.);
#11878 = ORIENTED_EDGE('',*,*,#11879,.T.);
#11879 = EDGE_CURVE('',#10158,#10926,#11880,.T.);
#11880 = LINE('',#11881,#11882);
#11881 = CARTESIAN_POINT('',(50.2,-80.95,-4.6E-02));
#11882 = VECTOR('',#11883,1.);
#11883 = DIRECTION('',(0.,0.,1.));
#11884 = ORIENTED_EDGE('',*,*,#10925,.F.);
#11885 = ORIENTED_EDGE('',*,*,#11879,.F.);
#11886 = CYLINDRICAL_SURFACE('',#11887,0.25);
#11887 = AXIS2_PLACEMENT_3D('',#11888,#11889,#11890);
#11888 = CARTESIAN_POINT('',(50.2,-80.7,-4.6E-02));
#11889 = DIRECTION('',(-0.,-0.,-1.));
#11890 = DIRECTION('',(-0.,-1.,0.));
#11891 = ADVANCED_FACE('',(#11892),#11908,.F.);
#11892 = FACE_BOUND('',#11893,.T.);
#11893 = EDGE_LOOP('',(#11894,#11900,#11901,#11907));
#11894 = ORIENTED_EDGE('',*,*,#11895,.T.);
#11895 = EDGE_CURVE('',#10169,#10937,#11896,.T.);
#11896 = LINE('',#11897,#11898);
#11897 = CARTESIAN_POINT('',(43.743934,-79.343345,0.));
#11898 = VECTOR('',#11899,1.);
#11899 = DIRECTION('',(0.,0.,1.));
#11900 = ORIENTED_EDGE('',*,*,#10936,.T.);
#11901 = ORIENTED_EDGE('',*,*,#11902,.F.);
#11902 = EDGE_CURVE('',#10171,#10939,#11903,.T.);
#11903 = LINE('',#11904,#11905);
#11904 = CARTESIAN_POINT('',(43.056655,-78.656066,0.));
#11905 = VECTOR('',#11906,1.);
#11906 = DIRECTION('',(0.,0.,1.));
#11907 = ORIENTED_EDGE('',*,*,#10168,.F.);
#11908 = CYLINDRICAL_SURFACE('',#11909,0.499999603944);
#11909 = AXIS2_PLACEMENT_3D('',#11910,#11911,#11912);
#11910 = CARTESIAN_POINT('',(43.31715788946,-79.08284211054,0.));
#11911 = DIRECTION('',(-0.,-0.,-1.));
#11912 = DIRECTION('',(0.853552897188,-0.521006191615,0.));
#11913 = ADVANCED_FACE('',(#11914),#11925,.T.);
#11914 = FACE_BOUND('',#11915,.T.);
#11915 = EDGE_LOOP('',(#11916,#11922,#11923,#11924));
#11916 = ORIENTED_EDGE('',*,*,#11917,.T.);
#11917 = EDGE_CURVE('',#10180,#10948,#11918,.T.);
#11918 = LINE('',#11919,#11920);
#11919 = CARTESIAN_POINT('',(43.7,-79.499647,0.));
#11920 = VECTOR('',#11921,1.);
#11921 = DIRECTION('',(0.,0.,1.));
#11922 = ORIENTED_EDGE('',*,*,#10947,.T.);
#11923 = ORIENTED_EDGE('',*,*,#11895,.F.);
#11924 = ORIENTED_EDGE('',*,*,#10179,.F.);
#11925 = CYLINDRICAL_SURFACE('',#11926,0.299991600078);
#11926 = AXIS2_PLACEMENT_3D('',#11927,#11928,#11929);
#11927 = CARTESIAN_POINT('',(43.999991600065,-79.49964428203,0.));
#11928 = DIRECTION('',(0.,0.,-1.));
#11929 = DIRECTION('',(-0.999999999959,-9.06012357246E-06,-0.));
#11930 = ADVANCED_FACE('',(#11931),#11942,.T.);
#11931 = FACE_BOUND('',#11932,.T.);
#11932 = EDGE_LOOP('',(#11933,#11934,#11935,#11941));
#11933 = ORIENTED_EDGE('',*,*,#11902,.T.);
#11934 = ORIENTED_EDGE('',*,*,#11101,.T.);
#11935 = ORIENTED_EDGE('',*,*,#11936,.F.);
#11936 = EDGE_CURVE('',#10326,#11094,#11937,.T.);
#11937 = LINE('',#11938,#11939);
#11938 = CARTESIAN_POINT('',(42.900353,-78.7,0.));
#11939 = VECTOR('',#11940,1.);
#11940 = DIRECTION('',(0.,0.,1.));
#11941 = ORIENTED_EDGE('',*,*,#10333,.F.);
#11942 = CYLINDRICAL_SURFACE('',#11943,0.299991600078);
#11943 = AXIS2_PLACEMENT_3D('',#11944,#11945,#11946);
#11944 = CARTESIAN_POINT('',(42.900355717961,-78.40000839993,0.));
#11945 = DIRECTION('',(0.,0.,-1.));
#11946 = DIRECTION('',(0.521012195003,-0.853549232709,0.));
#11947 = ADVANCED_FACE('',(#11948),#11959,.T.);
#11948 = FACE_BOUND('',#11949,.T.);
#11949 = EDGE_LOOP('',(#11950,#11956,#11957,#11958));
#11950 = ORIENTED_EDGE('',*,*,#11951,.T.);
#11951 = EDGE_CURVE('',#10189,#10957,#11952,.T.);
#11952 = LINE('',#11953,#11954);
#11953 = CARTESIAN_POINT('',(43.7,-80.2,0.));
#11954 = VECTOR('',#11955,1.);
#11955 = DIRECTION('',(0.,0.,1.));
#11956 = ORIENTED_EDGE('',*,*,#10956,.T.);
#11957 = ORIENTED_EDGE('',*,*,#11917,.F.);
#11958 = ORIENTED_EDGE('',*,*,#10188,.F.);
#11959 = PLANE('',#11960);
#11960 = AXIS2_PLACEMENT_3D('',#11961,#11962,#11963);
#11961 = CARTESIAN_POINT('',(43.7,-80.2,0.));
#11962 = DIRECTION('',(-1.,0.,0.));
#11963 = DIRECTION('',(0.,1.,0.));
#11964 = ADVANCED_FACE('',(#11965),#11976,.T.);
#11965 = FACE_BOUND('',#11966,.T.);
#11966 = EDGE_LOOP('',(#11967,#11968,#11969,#11975));
#11967 = ORIENTED_EDGE('',*,*,#11936,.T.);
#11968 = ORIENTED_EDGE('',*,*,#11093,.T.);
#11969 = ORIENTED_EDGE('',*,*,#11970,.F.);
#11970 = EDGE_CURVE('',#10318,#11086,#11971,.T.);
#11971 = LINE('',#11972,#11973);
#11972 = CARTESIAN_POINT('',(42.,-78.7,0.));
#11973 = VECTOR('',#11974,1.);
#11974 = DIRECTION('',(0.,0.,1.));
#11975 = ORIENTED_EDGE('',*,*,#10325,.F.);
#11976 = PLANE('',#11977);
#11977 = AXIS2_PLACEMENT_3D('',#11978,#11979,#11980);
#11978 = CARTESIAN_POINT('',(42.900353,-78.7,0.));
#11979 = DIRECTION('',(0.,-1.,0.));
#11980 = DIRECTION('',(-1.,0.,0.));
#11981 = ADVANCED_FACE('',(#11982),#11993,.T.);
#11982 = FACE_BOUND('',#11983,.T.);
#11983 = EDGE_LOOP('',(#11984,#11990,#11991,#11992));
#11984 = ORIENTED_EDGE('',*,*,#11985,.T.);
#11985 = EDGE_CURVE('',#10197,#10965,#11986,.T.);
#11986 = LINE('',#11987,#11988);
#11987 = CARTESIAN_POINT('',(43.7,-80.900353,0.));
#11988 = VECTOR('',#11989,1.);
#11989 = DIRECTION('',(0.,0.,1.));
#11990 = ORIENTED_EDGE('',*,*,#10964,.T.);
#11991 = ORIENTED_EDGE('',*,*,#11951,.F.);
#11992 = ORIENTED_EDGE('',*,*,#10196,.F.);
#11993 = PLANE('',#11994);
#11994 = AXIS2_PLACEMENT_3D('',#11995,#11996,#11997);
#11995 = CARTESIAN_POINT('',(43.7,-80.900353,0.));
#11996 = DIRECTION('',(-1.,0.,0.));
#11997 = DIRECTION('',(0.,1.,0.));
#11998 = ADVANCED_FACE('',(#11999),#12010,.T.);
#11999 = FACE_BOUND('',#12000,.T.);
#12000 = EDGE_LOOP('',(#12001,#12002,#12003,#12009));
#12001 = ORIENTED_EDGE('',*,*,#11970,.T.);
#12002 = ORIENTED_EDGE('',*,*,#11085,.T.);
#12003 = ORIENTED_EDGE('',*,*,#12004,.F.);
#12004 = EDGE_CURVE('',#10309,#11077,#12005,.T.);
#12005 = LINE('',#12006,#12007);
#12006 = CARTESIAN_POINT('',(41.099647,-78.7,0.));
#12007 = VECTOR('',#12008,1.);
#12008 = DIRECTION('',(0.,0.,1.));
#12009 = ORIENTED_EDGE('',*,*,#10317,.F.);
#12010 = PLANE('',#12011);
#12011 = AXIS2_PLACEMENT_3D('',#12012,#12013,#12014);
#12012 = CARTESIAN_POINT('',(42.,-78.7,0.));
#12013 = DIRECTION('',(0.,-1.,0.));
#12014 = DIRECTION('',(-1.,0.,0.));
#12015 = ADVANCED_FACE('',(#12016),#12027,.T.);
#12016 = FACE_BOUND('',#12017,.T.);
#12017 = EDGE_LOOP('',(#12018,#12024,#12025,#12026));
#12018 = ORIENTED_EDGE('',*,*,#12019,.T.);
#12019 = EDGE_CURVE('',#10205,#10973,#12020,.T.);
#12020 = LINE('',#12021,#12022);
#12021 = CARTESIAN_POINT('',(43.743934,-81.056655,0.));
#12022 = VECTOR('',#12023,1.);
#12023 = DIRECTION('',(0.,0.,1.));
#12024 = ORIENTED_EDGE('',*,*,#10972,.T.);
#12025 = ORIENTED_EDGE('',*,*,#11985,.F.);
#12026 = ORIENTED_EDGE('',*,*,#10204,.F.);
#12027 = CYLINDRICAL_SURFACE('',#12028,0.299991600077);
#12028 = AXIS2_PLACEMENT_3D('',#12029,#12030,#12031);
#12029 = CARTESIAN_POINT('',(43.999991600065,-80.90035571796,0.));
#12030 = DIRECTION('',(0.,0.,-1.));
#12031 = DIRECTION('',(-0.853549232709,-0.521012195004,-0.));
#12032 = ADVANCED_FACE('',(#12033),#12044,.T.);
#12033 = FACE_BOUND('',#12034,.T.);
#12034 = EDGE_LOOP('',(#12035,#12036,#12037,#12043));
#12035 = ORIENTED_EDGE('',*,*,#12004,.T.);
#12036 = ORIENTED_EDGE('',*,*,#11076,.T.);
#12037 = ORIENTED_EDGE('',*,*,#12038,.F.);
#12038 = EDGE_CURVE('',#10300,#11068,#12039,.T.);
#12039 = LINE('',#12040,#12041);
#12040 = CARTESIAN_POINT('',(40.943345,-78.656066,0.));
#12041 = VECTOR('',#12042,1.);
#12042 = DIRECTION('',(0.,0.,1.));
#12043 = ORIENTED_EDGE('',*,*,#10308,.F.);
#12044 = CYLINDRICAL_SURFACE('',#12045,0.300023425677);
#12045 = AXIS2_PLACEMENT_3D('',#12046,#12047,#12048);
#12046 = CARTESIAN_POINT('',(41.099653227693,-78.39997657438,0.));
#12047 = DIRECTION('',(0.,0.,-1.));
#12048 = DIRECTION('',(-2.075735536471E-05,-0.999999999785,-0.));
#12049 = ADVANCED_FACE('',(#12050),#12061,.F.);
#12050 = FACE_BOUND('',#12051,.T.);
#12051 = EDGE_LOOP('',(#12052,#12058,#12059,#12060));
#12052 = ORIENTED_EDGE('',*,*,#12053,.T.);
#12053 = EDGE_CURVE('',#10214,#10982,#12054,.T.);
#12054 = LINE('',#12055,#12056);
#12055 = CARTESIAN_POINT('',(43.056655,-81.743934,0.));
#12056 = VECTOR('',#12057,1.);
#12057 = DIRECTION('',(0.,0.,1.));
#12058 = ORIENTED_EDGE('',*,*,#10981,.T.);
#12059 = ORIENTED_EDGE('',*,*,#12019,.F.);
#12060 = ORIENTED_EDGE('',*,*,#10213,.F.);
#12061 = CYLINDRICAL_SURFACE('',#12062,0.499999603944);
#12062 = AXIS2_PLACEMENT_3D('',#12063,#12064,#12065);
#12063 = CARTESIAN_POINT('',(43.31715788946,-81.31715788946,0.));
#12064 = DIRECTION('',(-0.,-0.,-1.));
#12065 = DIRECTION('',(-0.521006191616,-0.853552897188,0.));
#12066 = ADVANCED_FACE('',(#12067),#12078,.F.);
#12067 = FACE_BOUND('',#12068,.T.);
#12068 = EDGE_LOOP('',(#12069,#12070,#12071,#12077));
#12069 = ORIENTED_EDGE('',*,*,#12038,.T.);
#12070 = ORIENTED_EDGE('',*,*,#11067,.T.);
#12071 = ORIENTED_EDGE('',*,*,#12072,.F.);
#12072 = EDGE_CURVE('',#10291,#11059,#12073,.T.);
#12073 = LINE('',#12074,#12075);
#12074 = CARTESIAN_POINT('',(40.256066,-79.343345,0.));
#12075 = VECTOR('',#12076,1.);
#12076 = DIRECTION('',(0.,0.,1.));
#12077 = ORIENTED_EDGE('',*,*,#10299,.F.);
#12078 = CYLINDRICAL_SURFACE('',#12079,0.499998734392);
#12079 = AXIS2_PLACEMENT_3D('',#12080,#12081,#12082);
#12080 = CARTESIAN_POINT('',(40.682839495673,-79.08283949567,0.));
#12081 = DIRECTION('',(-0.,-0.,-1.));
#12082 = DIRECTION('',(0.521012327448,0.853549151864,-0.));
#12083 = ADVANCED_FACE('',(#12084),#12095,.T.);
#12084 = FACE_BOUND('',#12085,.T.);
#12085 = EDGE_LOOP('',(#12086,#12092,#12093,#12094));
#12086 = ORIENTED_EDGE('',*,*,#12087,.T.);
#12087 = EDGE_CURVE('',#10223,#10991,#12088,.T.);
#12088 = LINE('',#12089,#12090);
#12089 = CARTESIAN_POINT('',(42.900353,-81.7,0.));
#12090 = VECTOR('',#12091,1.);
#12091 = DIRECTION('',(0.,0.,1.));
#12092 = ORIENTED_EDGE('',*,*,#10990,.T.);
#12093 = ORIENTED_EDGE('',*,*,#12053,.F.);
#12094 = ORIENTED_EDGE('',*,*,#10222,.F.);
#12095 = CYLINDRICAL_SURFACE('',#12096,0.299991600078);
#12096 = AXIS2_PLACEMENT_3D('',#12097,#12098,#12099);
#12097 = CARTESIAN_POINT('',(42.900355717961,-81.99999160006,0.));
#12098 = DIRECTION('',(0.,0.,-1.));
#12099 = DIRECTION('',(-9.060123596144E-06,0.999999999959,0.));
#12100 = ADVANCED_FACE('',(#12101),#12112,.T.);
#12101 = FACE_BOUND('',#12102,.T.);
#12102 = EDGE_LOOP('',(#12103,#12104,#12105,#12111));
#12103 = ORIENTED_EDGE('',*,*,#12072,.T.);
#12104 = ORIENTED_EDGE('',*,*,#11058,.T.);
#12105 = ORIENTED_EDGE('',*,*,#12106,.F.);
#12106 = EDGE_CURVE('',#10283,#11051,#12107,.T.);
#12107 = LINE('',#12108,#12109);
#12108 = CARTESIAN_POINT('',(40.3,-79.499647,0.));
#12109 = VECTOR('',#12110,1.);
#12110 = DIRECTION('',(0.,0.,1.));
#12111 = ORIENTED_EDGE('',*,*,#10290,.F.);
#12112 = CYLINDRICAL_SURFACE('',#12113,0.299966762338);
#12113 = AXIS2_PLACEMENT_3D('',#12114,#12115,#12116);
#12114 = CARTESIAN_POINT('',(40.000033237819,-79.4996373005,0.));
#12115 = DIRECTION('',(0.,0.,-1.));
#12116 = DIRECTION('',(0.853537105863,0.521032061311,0.));
#12117 = ADVANCED_FACE('',(#12118),#12129,.T.);
#12118 = FACE_BOUND('',#12119,.T.);
#12119 = EDGE_LOOP('',(#12120,#12126,#12127,#12128));
#12120 = ORIENTED_EDGE('',*,*,#12121,.T.);
#12121 = EDGE_CURVE('',#10232,#11000,#12122,.T.);
#12122 = LINE('',#12123,#12124);
#12123 = CARTESIAN_POINT('',(42.,-81.7,0.));
#12124 = VECTOR('',#12125,1.);
#12125 = DIRECTION('',(0.,0.,1.));
#12126 = ORIENTED_EDGE('',*,*,#10999,.T.);
#12127 = ORIENTED_EDGE('',*,*,#12087,.F.);
#12128 = ORIENTED_EDGE('',*,*,#10231,.F.);
#12129 = PLANE('',#12130);
#12130 = AXIS2_PLACEMENT_3D('',#12131,#12132,#12133);
#12131 = CARTESIAN_POINT('',(42.,-81.7,0.));
#12132 = DIRECTION('',(0.,1.,0.));
#12133 = DIRECTION('',(1.,0.,0.));
#12134 = ADVANCED_FACE('',(#12135),#12146,.T.);
#12135 = FACE_BOUND('',#12136,.T.);
#12136 = EDGE_LOOP('',(#12137,#12138,#12139,#12145));
#12137 = ORIENTED_EDGE('',*,*,#12106,.T.);
#12138 = ORIENTED_EDGE('',*,*,#11050,.T.);
#12139 = ORIENTED_EDGE('',*,*,#12140,.F.);
#12140 = EDGE_CURVE('',#10275,#11043,#12141,.T.);
#12141 = LINE('',#12142,#12143);
#12142 = CARTESIAN_POINT('',(40.3,-80.2,0.));
#12143 = VECTOR('',#12144,1.);
#12144 = DIRECTION('',(0.,0.,1.));
#12145 = ORIENTED_EDGE('',*,*,#10282,.F.);
#12146 = PLANE('',#12147);
#12147 = AXIS2_PLACEMENT_3D('',#12148,#12149,#12150);
#12148 = CARTESIAN_POINT('',(40.3,-79.499647,0.));
#12149 = DIRECTION('',(1.,0.,-0.));
#12150 = DIRECTION('',(0.,-1.,0.));
#12151 = ADVANCED_FACE('',(#12152),#12163,.T.);
#12152 = FACE_BOUND('',#12153,.T.);
#12153 = EDGE_LOOP('',(#12154,#12160,#12161,#12162));
#12154 = ORIENTED_EDGE('',*,*,#12155,.T.);
#12155 = EDGE_CURVE('',#10240,#11008,#12156,.T.);
#12156 = LINE('',#12157,#12158);
#12157 = CARTESIAN_POINT('',(41.099647,-81.7,0.));
#12158 = VECTOR('',#12159,1.);
#12159 = DIRECTION('',(0.,0.,1.));
#12160 = ORIENTED_EDGE('',*,*,#11007,.T.);
#12161 = ORIENTED_EDGE('',*,*,#12121,.F.);
#12162 = ORIENTED_EDGE('',*,*,#10239,.F.);
#12163 = PLANE('',#12164);
#12164 = AXIS2_PLACEMENT_3D('',#12165,#12166,#12167);
#12165 = CARTESIAN_POINT('',(41.099647,-81.7,0.));
#12166 = DIRECTION('',(0.,1.,0.));
#12167 = DIRECTION('',(1.,0.,0.));
#12168 = ADVANCED_FACE('',(#12169),#12180,.T.);
#12169 = FACE_BOUND('',#12170,.T.);
#12170 = EDGE_LOOP('',(#12171,#12172,#12173,#12179));
#12171 = ORIENTED_EDGE('',*,*,#12140,.T.);
#12172 = ORIENTED_EDGE('',*,*,#11042,.T.);
#12173 = ORIENTED_EDGE('',*,*,#12174,.F.);
#12174 = EDGE_CURVE('',#10266,#11034,#12175,.T.);
#12175 = LINE('',#12176,#12177);
#12176 = CARTESIAN_POINT('',(40.3,-80.900353,0.));
#12177 = VECTOR('',#12178,1.);
#12178 = DIRECTION('',(0.,0.,1.));
#12179 = ORIENTED_EDGE('',*,*,#10274,.F.);
#12180 = PLANE('',#12181);
#12181 = AXIS2_PLACEMENT_3D('',#12182,#12183,#12184);
#12182 = CARTESIAN_POINT('',(40.3,-80.2,0.));
#12183 = DIRECTION('',(1.,0.,-0.));
#12184 = DIRECTION('',(0.,-1.,0.));
#12185 = ADVANCED_FACE('',(#12186),#12197,.T.);
#12186 = FACE_BOUND('',#12187,.T.);
#12187 = EDGE_LOOP('',(#12188,#12194,#12195,#12196));
#12188 = ORIENTED_EDGE('',*,*,#12189,.T.);
#12189 = EDGE_CURVE('',#10248,#11016,#12190,.T.);
#12190 = LINE('',#12191,#12192);
#12191 = CARTESIAN_POINT('',(40.943345,-81.743934,0.));
#12192 = VECTOR('',#12193,1.);
#12193 = DIRECTION('',(0.,0.,1.));
#12194 = ORIENTED_EDGE('',*,*,#11015,.T.);
#12195 = ORIENTED_EDGE('',*,*,#12155,.F.);
#12196 = ORIENTED_EDGE('',*,*,#10247,.F.);
#12197 = CYLINDRICAL_SURFACE('',#12198,0.299966762338);
#12198 = AXIS2_PLACEMENT_3D('',#12199,#12200,#12201);
#12199 = CARTESIAN_POINT('',(41.099637300506,-81.99996676218,0.));
#12200 = DIRECTION('',(0.,0.,-1.));
#12201 = DIRECTION('',(-0.521032061311,0.853537105864,0.));
#12202 = ADVANCED_FACE('',(#12203),#12214,.T.);
#12203 = FACE_BOUND('',#12204,.T.);
#12204 = EDGE_LOOP('',(#12205,#12206,#12207,#12213));
#12205 = ORIENTED_EDGE('',*,*,#12174,.T.);
#12206 = ORIENTED_EDGE('',*,*,#11033,.T.);
#12207 = ORIENTED_EDGE('',*,*,#12208,.F.);
#12208 = EDGE_CURVE('',#10257,#11025,#12209,.T.);
#12209 = LINE('',#12210,#12211);
#12210 = CARTESIAN_POINT('',(40.256066,-81.056655,0.));
#12211 = VECTOR('',#12212,1.);
#12212 = DIRECTION('',(0.,0.,1.));
#12213 = ORIENTED_EDGE('',*,*,#10265,.F.);
#12214 = CYLINDRICAL_SURFACE('',#12215,0.299683785035);
#12215 = AXIS2_PLACEMENT_3D('',#12216,#12217,#12218);
#12216 = CARTESIAN_POINT('',(40.000316228253,-80.90044224359,0.));
#12217 = DIRECTION('',(0.,0.,-1.));
#12218 = DIRECTION('',(0.99999995566,2.977925315491E-04,0.));
#12219 = ADVANCED_FACE('',(#12220),#12226,.F.);
#12220 = FACE_BOUND('',#12221,.T.);
#12221 = EDGE_LOOP('',(#12222,#12223,#12224,#12225));
#12222 = ORIENTED_EDGE('',*,*,#12208,.T.);
#12223 = ORIENTED_EDGE('',*,*,#11024,.T.);
#12224 = ORIENTED_EDGE('',*,*,#12189,.F.);
#12225 = ORIENTED_EDGE('',*,*,#10256,.F.);
#12226 = CYLINDRICAL_SURFACE('',#12227,0.499999603944);
#12227 = AXIS2_PLACEMENT_3D('',#12228,#12229,#12230);
#12228 = CARTESIAN_POINT('',(40.68284211054,-81.31715788946,0.));
#12229 = DIRECTION('',(-0.,-0.,-1.));
#12230 = DIRECTION('',(-0.853552897188,0.521006191615,0.));
#12231 = ADVANCED_FACE('',(#12232),#12243,.F.);
#12232 = FACE_BOUND('',#12233,.T.);
#12233 = EDGE_LOOP('',(#12234,#12235,#12241,#12242));
#12234 = ORIENTED_EDGE('',*,*,#10342,.T.);
#12235 = ORIENTED_EDGE('',*,*,#12236,.T.);
#12236 = EDGE_CURVE('',#10343,#11111,#12237,.T.);
#12237 = LINE('',#12238,#12239);
#12238 = CARTESIAN_POINT('',(35.6,-76.7,-4.6E-02));
#12239 = VECTOR('',#12240,1.);
#12240 = DIRECTION('',(0.,0.,1.));
#12241 = ORIENTED_EDGE('',*,*,#11110,.F.);
#12242 = ORIENTED_EDGE('',*,*,#12236,.F.);
#12243 = CYLINDRICAL_SURFACE('',#12244,0.5);
#12244 = AXIS2_PLACEMENT_3D('',#12245,#12246,#12247);
#12245 = CARTESIAN_POINT('',(35.6,-76.2,-4.6E-02));
#12246 = DIRECTION('',(-0.,-0.,-1.));
#12247 = DIRECTION('',(-0.,-1.,0.));
#12248 = ADVANCED_FACE('',(#12249),#12260,.F.);
#12249 = FACE_BOUND('',#12250,.T.);
#12250 = EDGE_LOOP('',(#12251,#12252,#12258,#12259));
#12251 = ORIENTED_EDGE('',*,*,#10353,.T.);
#12252 = ORIENTED_EDGE('',*,*,#12253,.T.);
#12253 = EDGE_CURVE('',#10354,#11122,#12254,.T.);
#12254 = LINE('',#12255,#12256);
#12255 = CARTESIAN_POINT('',(38.14,-76.7,-4.6E-02));
#12256 = VECTOR('',#12257,1.);
#12257 = DIRECTION('',(0.,0.,1.));
#12258 = ORIENTED_EDGE('',*,*,#11121,.F.);
#12259 = ORIENTED_EDGE('',*,*,#12253,.F.);
#12260 = CYLINDRICAL_SURFACE('',#12261,0.5);
#12261 = AXIS2_PLACEMENT_3D('',#12262,#12263,#12264);
#12262 = CARTESIAN_POINT('',(38.14,-76.2,-4.6E-02));
#12263 = DIRECTION('',(-0.,-0.,-1.));
#12264 = DIRECTION('',(-0.,-1.,0.));
#12265 = ADVANCED_FACE('',(#12266),#12277,.F.);
#12266 = FACE_BOUND('',#12267,.T.);
#12267 = EDGE_LOOP('',(#12268,#12269,#12275,#12276));
#12268 = ORIENTED_EDGE('',*,*,#10364,.T.);
#12269 = ORIENTED_EDGE('',*,*,#12270,.T.);
#12270 = EDGE_CURVE('',#10365,#11133,#12271,.T.);
#12271 = LINE('',#12272,#12273);
#12272 = CARTESIAN_POINT('',(40.68,-76.7,-4.6E-02));
#12273 = VECTOR('',#12274,1.);
#12274 = DIRECTION('',(0.,0.,1.));
#12275 = ORIENTED_EDGE('',*,*,#11132,.F.);
#12276 = ORIENTED_EDGE('',*,*,#12270,.F.);
#12277 = CYLINDRICAL_SURFACE('',#12278,0.5);
#12278 = AXIS2_PLACEMENT_3D('',#12279,#12280,#12281);
#12279 = CARTESIAN_POINT('',(40.68,-76.2,-4.6E-02));
#12280 = DIRECTION('',(-0.,-0.,-1.));
#12281 = DIRECTION('',(-0.,-1.,0.));
#12282 = ADVANCED_FACE('',(#12283),#12294,.F.);
#12283 = FACE_BOUND('',#12284,.T.);
#12284 = EDGE_LOOP('',(#12285,#12286,#12292,#12293));
#12285 = ORIENTED_EDGE('',*,*,#10375,.T.);
#12286 = ORIENTED_EDGE('',*,*,#12287,.T.);
#12287 = EDGE_CURVE('',#10376,#11144,#12288,.T.);
#12288 = LINE('',#12289,#12290);
#12289 = CARTESIAN_POINT('',(43.22,-76.7,-4.6E-02));
#12290 = VECTOR('',#12291,1.);
#12291 = DIRECTION('',(0.,0.,1.));
#12292 = ORIENTED_EDGE('',*,*,#11143,.F.);
#12293 = ORIENTED_EDGE('',*,*,#12287,.F.);
#12294 = CYLINDRICAL_SURFACE('',#12295,0.5);
#12295 = AXIS2_PLACEMENT_3D('',#12296,#12297,#12298);
#12296 = CARTESIAN_POINT('',(43.22,-76.2,-4.6E-02));
#12297 = DIRECTION('',(-0.,-0.,-1.));
#12298 = DIRECTION('',(-0.,-1.,0.));
#12299 = ADVANCED_FACE('',(#12300),#12311,.F.);
#12300 = FACE_BOUND('',#12301,.T.);
#12301 = EDGE_LOOP('',(#12302,#12303,#12309,#12310));
#12302 = ORIENTED_EDGE('',*,*,#10386,.T.);
#12303 = ORIENTED_EDGE('',*,*,#12304,.T.);
#12304 = EDGE_CURVE('',#10387,#11155,#12305,.T.);
#12305 = LINE('',#12306,#12307);
#12306 = CARTESIAN_POINT('',(45.76,-76.7,-4.6E-02));
#12307 = VECTOR('',#12308,1.);
#12308 = DIRECTION('',(0.,0.,1.));
#12309 = ORIENTED_EDGE('',*,*,#11154,.F.);
#12310 = ORIENTED_EDGE('',*,*,#12304,.F.);
#12311 = CYLINDRICAL_SURFACE('',#12312,0.5);
#12312 = AXIS2_PLACEMENT_3D('',#12313,#12314,#12315);
#12313 = CARTESIAN_POINT('',(45.76,-76.2,-4.6E-02));
#12314 = DIRECTION('',(-0.,-0.,-1.));
#12315 = DIRECTION('',(-0.,-1.,0.));
#12316 = ADVANCED_FACE('',(#12317),#12328,.F.);
#12317 = FACE_BOUND('',#12318,.T.);
#12318 = EDGE_LOOP('',(#12319,#12320,#12326,#12327));
#12319 = ORIENTED_EDGE('',*,*,#10397,.T.);
#12320 = ORIENTED_EDGE('',*,*,#12321,.T.);
#12321 = EDGE_CURVE('',#10398,#11166,#12322,.T.);
#12322 = LINE('',#12323,#12324);
#12323 = CARTESIAN_POINT('',(48.3,-76.7,-4.6E-02));
#12324 = VECTOR('',#12325,1.);
#12325 = DIRECTION('',(0.,0.,1.));
#12326 = ORIENTED_EDGE('',*,*,#11165,.F.);
#12327 = ORIENTED_EDGE('',*,*,#12321,.F.);
#12328 = CYLINDRICAL_SURFACE('',#12329,0.5);
#12329 = AXIS2_PLACEMENT_3D('',#12330,#12331,#12332);
#12330 = CARTESIAN_POINT('',(48.3,-76.2,-4.6E-02));
#12331 = DIRECTION('',(-0.,-0.,-1.));
#12332 = DIRECTION('',(-0.,-1.,0.));
#12333 = ADVANCED_FACE('',(#12334),#12350,.F.);
#12334 = FACE_BOUND('',#12335,.T.);
#12335 = EDGE_LOOP('',(#12336,#12342,#12343,#12349));
#12336 = ORIENTED_EDGE('',*,*,#12337,.T.);
#12337 = EDGE_CURVE('',#10409,#11177,#12338,.T.);
#12338 = LINE('',#12339,#12340);
#12339 = CARTESIAN_POINT('',(58.012095,-79.256066,0.));
#12340 = VECTOR('',#12341,1.);
#12341 = DIRECTION('',(0.,0.,1.));
#12342 = ORIENTED_EDGE('',*,*,#11176,.T.);
#12343 = ORIENTED_EDGE('',*,*,#12344,.F.);
#12344 = EDGE_CURVE('',#10411,#11179,#12345,.T.);
#12345 = LINE('',#12346,#12347);
#12346 = CARTESIAN_POINT('',(57.324816,-79.943345,0.));
#12347 = VECTOR('',#12348,1.);
#12348 = DIRECTION('',(0.,0.,1.));
#12349 = ORIENTED_EDGE('',*,*,#10408,.F.);
#12350 = CYLINDRICAL_SURFACE('',#12351,0.499998734392);
#12351 = AXIS2_PLACEMENT_3D('',#12352,#12353,#12354);
#12352 = CARTESIAN_POINT('',(57.751589495673,-79.68283949567,0.));
#12353 = DIRECTION('',(-0.,-0.,-1.));
#12354 = DIRECTION('',(0.521012327448,0.853549151864,-0.));
#12355 = ADVANCED_FACE('',(#12356),#12367,.T.);
#12356 = FACE_BOUND('',#12357,.T.);
#12357 = EDGE_LOOP('',(#12358,#12364,#12365,#12366));
#12358 = ORIENTED_EDGE('',*,*,#12359,.T.);
#12359 = EDGE_CURVE('',#10420,#11188,#12360,.T.);
#12360 = LINE('',#12361,#12362);
#12361 = CARTESIAN_POINT('',(58.168397,-79.3,0.));
#12362 = VECTOR('',#12363,1.);
#12363 = DIRECTION('',(0.,0.,1.));
#12364 = ORIENTED_EDGE('',*,*,#11187,.T.);
#12365 = ORIENTED_EDGE('',*,*,#12337,.F.);
#12366 = ORIENTED_EDGE('',*,*,#10419,.F.);
#12367 = CYLINDRICAL_SURFACE('',#12368,0.300023425677);
#12368 = AXIS2_PLACEMENT_3D('',#12369,#12370,#12371);
#12369 = CARTESIAN_POINT('',(58.168403227693,-78.99997657438,0.));
#12370 = DIRECTION('',(0.,0.,-1.));
#12371 = DIRECTION('',(-2.075735517526E-05,-0.999999999785,-0.));
#12372 = ADVANCED_FACE('',(#12373),#12384,.T.);
#12373 = FACE_BOUND('',#12374,.T.);
#12374 = EDGE_LOOP('',(#12375,#12376,#12377,#12383));
#12375 = ORIENTED_EDGE('',*,*,#12344,.T.);
#12376 = ORIENTED_EDGE('',*,*,#11341,.T.);
#12377 = ORIENTED_EDGE('',*,*,#12378,.F.);
#12378 = EDGE_CURVE('',#10566,#11334,#12379,.T.);
#12379 = LINE('',#12380,#12381);
#12380 = CARTESIAN_POINT('',(57.36875,-80.099647,0.));
#12381 = VECTOR('',#12382,1.);
#12382 = DIRECTION('',(0.,0.,1.));
#12383 = ORIENTED_EDGE('',*,*,#10573,.F.);
#12384 = CYLINDRICAL_SURFACE('',#12385,0.299966762338);
#12385 = AXIS2_PLACEMENT_3D('',#12386,#12387,#12388);
#12386 = CARTESIAN_POINT('',(57.068783237819,-80.0996373005,0.));
#12387 = DIRECTION('',(0.,0.,-1.));
#12388 = DIRECTION('',(0.853537105863,0.521032061311,0.));
#12389 = ADVANCED_FACE('',(#12390),#12401,.T.);
#12390 = FACE_BOUND('',#12391,.T.);
#12391 = EDGE_LOOP('',(#12392,#12398,#12399,#12400));
#12392 = ORIENTED_EDGE('',*,*,#12393,.T.);
#12393 = EDGE_CURVE('',#10429,#11197,#12394,.T.);
#12394 = LINE('',#12395,#12396);
#12395 = CARTESIAN_POINT('',(59.06875,-79.3,0.));
#12396 = VECTOR('',#12397,1.);
#12397 = DIRECTION('',(0.,0.,1.));
#12398 = ORIENTED_EDGE('',*,*,#11196,.T.);
#12399 = ORIENTED_EDGE('',*,*,#12359,.F.);
#12400 = ORIENTED_EDGE('',*,*,#10428,.F.);
#12401 = PLANE('',#12402);
#12402 = AXIS2_PLACEMENT_3D('',#12403,#12404,#12405);
#12403 = CARTESIAN_POINT('',(59.06875,-79.3,0.));
#12404 = DIRECTION('',(0.,-1.,0.));
#12405 = DIRECTION('',(-1.,0.,0.));
#12406 = ADVANCED_FACE('',(#12407),#12418,.T.);
#12407 = FACE_BOUND('',#12408,.T.);
#12408 = EDGE_LOOP('',(#12409,#12410,#12411,#12417));
#12409 = ORIENTED_EDGE('',*,*,#12378,.T.);
#12410 = ORIENTED_EDGE('',*,*,#11333,.T.);
#12411 = ORIENTED_EDGE('',*,*,#12412,.F.);
#12412 = EDGE_CURVE('',#10558,#11326,#12413,.T.);
#12413 = LINE('',#12414,#12415);
#12414 = CARTESIAN_POINT('',(57.36875,-80.8,0.));
#12415 = VECTOR('',#12416,1.);
#12416 = DIRECTION('',(0.,0.,1.));
#12417 = ORIENTED_EDGE('',*,*,#10565,.F.);
#12418 = PLANE('',#12419);
#12419 = AXIS2_PLACEMENT_3D('',#12420,#12421,#12422);
#12420 = CARTESIAN_POINT('',(57.36875,-80.099647,0.));
#12421 = DIRECTION('',(1.,0.,-0.));
#12422 = DIRECTION('',(0.,-1.,0.));
#12423 = ADVANCED_FACE('',(#12424),#12435,.T.);
#12424 = FACE_BOUND('',#12425,.T.);
#12425 = EDGE_LOOP('',(#12426,#12432,#12433,#12434));
#12426 = ORIENTED_EDGE('',*,*,#12427,.T.);
#12427 = EDGE_CURVE('',#10437,#11205,#12428,.T.);
#12428 = LINE('',#12429,#12430);
#12429 = CARTESIAN_POINT('',(59.969103,-79.3,0.));
#12430 = VECTOR('',#12431,1.);
#12431 = DIRECTION('',(0.,0.,1.));
#12432 = ORIENTED_EDGE('',*,*,#11204,.T.);
#12433 = ORIENTED_EDGE('',*,*,#12393,.F.);
#12434 = ORIENTED_EDGE('',*,*,#10436,.F.);
#12435 = PLANE('',#12436);
#12436 = AXIS2_PLACEMENT_3D('',#12437,#12438,#12439);
#12437 = CARTESIAN_POINT('',(59.969103,-79.3,0.));
#12438 = DIRECTION('',(0.,-1.,0.));
#12439 = DIRECTION('',(-1.,0.,0.));
#12440 = ADVANCED_FACE('',(#12441),#12452,.T.);
#12441 = FACE_BOUND('',#12442,.T.);
#12442 = EDGE_LOOP('',(#12443,#12444,#12445,#12451));
#12443 = ORIENTED_EDGE('',*,*,#12412,.T.);
#12444 = ORIENTED_EDGE('',*,*,#11325,.T.);
#12445 = ORIENTED_EDGE('',*,*,#12446,.F.);
#12446 = EDGE_CURVE('',#10549,#11317,#12447,.T.);
#12447 = LINE('',#12448,#12449);
#12448 = CARTESIAN_POINT('',(57.36875,-81.500353,0.));
#12449 = VECTOR('',#12450,1.);
#12450 = DIRECTION('',(0.,0.,1.));
#12451 = ORIENTED_EDGE('',*,*,#10557,.F.);
#12452 = PLANE('',#12453);
#12453 = AXIS2_PLACEMENT_3D('',#12454,#12455,#12456);
#12454 = CARTESIAN_POINT('',(57.36875,-80.8,0.));
#12455 = DIRECTION('',(1.,0.,-0.));
#12456 = DIRECTION('',(0.,-1.,0.));
#12457 = ADVANCED_FACE('',(#12458),#12469,.T.);
#12458 = FACE_BOUND('',#12459,.T.);
#12459 = EDGE_LOOP('',(#12460,#12466,#12467,#12468));
#12460 = ORIENTED_EDGE('',*,*,#12461,.T.);
#12461 = EDGE_CURVE('',#10445,#11213,#12462,.T.);
#12462 = LINE('',#12463,#12464);
#12463 = CARTESIAN_POINT('',(60.125405,-79.256066,0.));
#12464 = VECTOR('',#12465,1.);
#12465 = DIRECTION('',(0.,0.,1.));
#12466 = ORIENTED_EDGE('',*,*,#11212,.T.);
#12467 = ORIENTED_EDGE('',*,*,#12427,.F.);
#12468 = ORIENTED_EDGE('',*,*,#10444,.F.);
#12469 = CYLINDRICAL_SURFACE('',#12470,0.299991600078);
#12470 = AXIS2_PLACEMENT_3D('',#12471,#12472,#12473);
#12471 = CARTESIAN_POINT('',(59.969105717961,-79.00000839993,0.));
#12472 = DIRECTION('',(0.,0.,-1.));
#12473 = DIRECTION('',(0.521012195004,-0.853549232709,0.));
#12474 = ADVANCED_FACE('',(#12475),#12486,.T.);
#12475 = FACE_BOUND('',#12476,.T.);
#12476 = EDGE_LOOP('',(#12477,#12478,#12479,#12485));
#12477 = ORIENTED_EDGE('',*,*,#12446,.T.);
#12478 = ORIENTED_EDGE('',*,*,#11316,.T.);
#12479 = ORIENTED_EDGE('',*,*,#12480,.F.);
#12480 = EDGE_CURVE('',#10540,#11308,#12481,.T.);
#12481 = LINE('',#12482,#12483);
#12482 = CARTESIAN_POINT('',(57.324816,-81.656655,0.));
#12483 = VECTOR('',#12484,1.);
#12484 = DIRECTION('',(0.,0.,1.));
#12485 = ORIENTED_EDGE('',*,*,#10548,.F.);
#12486 = CYLINDRICAL_SURFACE('',#12487,0.299683785035);
#12487 = AXIS2_PLACEMENT_3D('',#12488,#12489,#12490);
#12488 = CARTESIAN_POINT('',(57.069066228253,-81.50044224359,0.));
#12489 = DIRECTION('',(0.,0.,-1.));
#12490 = DIRECTION('',(0.99999995566,2.977925314543E-04,0.));
#12491 = ADVANCED_FACE('',(#12492),#12503,.F.);
#12492 = FACE_BOUND('',#12493,.T.);
#12493 = EDGE_LOOP('',(#12494,#12500,#12501,#12502));
#12494 = ORIENTED_EDGE('',*,*,#12495,.T.);
#12495 = EDGE_CURVE('',#10454,#11222,#12496,.T.);
#12496 = LINE('',#12497,#12498);
#12497 = CARTESIAN_POINT('',(60.812684,-79.943345,0.));
#12498 = VECTOR('',#12499,1.);
#12499 = DIRECTION('',(0.,0.,1.));
#12500 = ORIENTED_EDGE('',*,*,#11221,.T.);
#12501 = ORIENTED_EDGE('',*,*,#12461,.F.);
#12502 = ORIENTED_EDGE('',*,*,#10453,.F.);
#12503 = CYLINDRICAL_SURFACE('',#12504,0.499999603944);
#12504 = AXIS2_PLACEMENT_3D('',#12505,#12506,#12507);
#12505 = CARTESIAN_POINT('',(60.38590788946,-79.68284211054,0.));
#12506 = DIRECTION('',(-0.,-0.,-1.));
#12507 = DIRECTION('',(0.853552897188,-0.521006191616,0.));
#12508 = ADVANCED_FACE('',(#12509),#12520,.F.);
#12509 = FACE_BOUND('',#12510,.T.);
#12510 = EDGE_LOOP('',(#12511,#12512,#12513,#12519));
#12511 = ORIENTED_EDGE('',*,*,#12480,.T.);
#12512 = ORIENTED_EDGE('',*,*,#11307,.T.);
#12513 = ORIENTED_EDGE('',*,*,#12514,.F.);
#12514 = EDGE_CURVE('',#10531,#11299,#12515,.T.);
#12515 = LINE('',#12516,#12517);
#12516 = CARTESIAN_POINT('',(58.012095,-82.343934,0.));
#12517 = VECTOR('',#12518,1.);
#12518 = DIRECTION('',(0.,0.,1.));
#12519 = ORIENTED_EDGE('',*,*,#10539,.F.);
#12520 = CYLINDRICAL_SURFACE('',#12521,0.499999603944);
#12521 = AXIS2_PLACEMENT_3D('',#12522,#12523,#12524);
#12522 = CARTESIAN_POINT('',(57.75159211054,-81.91715788946,0.));
#12523 = DIRECTION('',(-0.,-0.,-1.));
#12524 = DIRECTION('',(-0.853552897188,0.521006191616,0.));
#12525 = ADVANCED_FACE('',(#12526),#12537,.T.);
#12526 = FACE_BOUND('',#12527,.T.);
#12527 = EDGE_LOOP('',(#12528,#12534,#12535,#12536));
#12528 = ORIENTED_EDGE('',*,*,#12529,.T.);
#12529 = EDGE_CURVE('',#10463,#11231,#12530,.T.);
#12530 = LINE('',#12531,#12532);
#12531 = CARTESIAN_POINT('',(60.76875,-80.099647,0.));
#12532 = VECTOR('',#12533,1.);
#12533 = DIRECTION('',(0.,0.,1.));
#12534 = ORIENTED_EDGE('',*,*,#11230,.T.);
#12535 = ORIENTED_EDGE('',*,*,#12495,.F.);
#12536 = ORIENTED_EDGE('',*,*,#10462,.F.);
#12537 = CYLINDRICAL_SURFACE('',#12538,0.299991600078);
#12538 = AXIS2_PLACEMENT_3D('',#12539,#12540,#12541);
#12539 = CARTESIAN_POINT('',(61.068741600065,-80.09964428203,0.));
#12540 = DIRECTION('',(0.,0.,-1.));
#12541 = DIRECTION('',(-0.999999999959,-9.060123477714E-06,-0.));
#12542 = ADVANCED_FACE('',(#12543),#12554,.T.);
#12543 = FACE_BOUND('',#12544,.T.);
#12544 = EDGE_LOOP('',(#12545,#12546,#12547,#12553));
#12545 = ORIENTED_EDGE('',*,*,#12514,.T.);
#12546 = ORIENTED_EDGE('',*,*,#11298,.T.);
#12547 = ORIENTED_EDGE('',*,*,#12548,.F.);
#12548 = EDGE_CURVE('',#10523,#11291,#12549,.T.);
#12549 = LINE('',#12550,#12551);
#12550 = CARTESIAN_POINT('',(58.168397,-82.3,0.));
#12551 = VECTOR('',#12552,1.);
#12552 = DIRECTION('',(0.,0.,1.));
#12553 = ORIENTED_EDGE('',*,*,#10530,.F.);
#12554 = CYLINDRICAL_SURFACE('',#12555,0.299966762338);
#12555 = AXIS2_PLACEMENT_3D('',#12556,#12557,#12558);
#12556 = CARTESIAN_POINT('',(58.168387300506,-82.59996676218,0.));
#12557 = DIRECTION('',(0.,0.,-1.));
#12558 = DIRECTION('',(-0.521032061311,0.853537105863,0.));
#12559 = ADVANCED_FACE('',(#12560),#12571,.T.);
#12560 = FACE_BOUND('',#12561,.T.);
#12561 = EDGE_LOOP('',(#12562,#12568,#12569,#12570));
#12562 = ORIENTED_EDGE('',*,*,#12563,.T.);
#12563 = EDGE_CURVE('',#10472,#11240,#12564,.T.);
#12564 = LINE('',#12565,#12566);
#12565 = CARTESIAN_POINT('',(60.76875,-80.8,0.));
#12566 = VECTOR('',#12567,1.);
#12567 = DIRECTION('',(0.,0.,1.));
#12568 = ORIENTED_EDGE('',*,*,#11239,.T.);
#12569 = ORIENTED_EDGE('',*,*,#12529,.F.);
#12570 = ORIENTED_EDGE('',*,*,#10471,.F.);
#12571 = PLANE('',#12572);
#12572 = AXIS2_PLACEMENT_3D('',#12573,#12574,#12575);
#12573 = CARTESIAN_POINT('',(60.76875,-80.8,0.));
#12574 = DIRECTION('',(-1.,0.,0.));
#12575 = DIRECTION('',(0.,1.,0.));
#12576 = ADVANCED_FACE('',(#12577),#12588,.T.);
#12577 = FACE_BOUND('',#12578,.T.);
#12578 = EDGE_LOOP('',(#12579,#12580,#12581,#12587));
#12579 = ORIENTED_EDGE('',*,*,#12548,.T.);
#12580 = ORIENTED_EDGE('',*,*,#11290,.T.);
#12581 = ORIENTED_EDGE('',*,*,#12582,.F.);
#12582 = EDGE_CURVE('',#10515,#11283,#12583,.T.);
#12583 = LINE('',#12584,#12585);
#12584 = CARTESIAN_POINT('',(59.06875,-82.3,0.));
#12585 = VECTOR('',#12586,1.);
#12586 = DIRECTION('',(0.,0.,1.));
#12587 = ORIENTED_EDGE('',*,*,#10522,.F.);
#12588 = PLANE('',#12589);
#12589 = AXIS2_PLACEMENT_3D('',#12590,#12591,#12592);
#12590 = CARTESIAN_POINT('',(58.168397,-82.3,0.));
#12591 = DIRECTION('',(0.,1.,0.));
#12592 = DIRECTION('',(1.,0.,0.));
#12593 = ADVANCED_FACE('',(#12594),#12605,.T.);
#12594 = FACE_BOUND('',#12595,.T.);
#12595 = EDGE_LOOP('',(#12596,#12602,#12603,#12604));
#12596 = ORIENTED_EDGE('',*,*,#12597,.T.);
#12597 = EDGE_CURVE('',#10480,#11248,#12598,.T.);
#12598 = LINE('',#12599,#12600);
#12599 = CARTESIAN_POINT('',(60.76875,-81.500353,0.));
#12600 = VECTOR('',#12601,1.);
#12601 = DIRECTION('',(0.,0.,1.));
#12602 = ORIENTED_EDGE('',*,*,#11247,.T.);
#12603 = ORIENTED_EDGE('',*,*,#12563,.F.);
#12604 = ORIENTED_EDGE('',*,*,#10479,.F.);
#12605 = PLANE('',#12606);
#12606 = AXIS2_PLACEMENT_3D('',#12607,#12608,#12609);
#12607 = CARTESIAN_POINT('',(60.76875,-81.500353,0.));
#12608 = DIRECTION('',(-1.,0.,0.));
#12609 = DIRECTION('',(0.,1.,0.));
#12610 = ADVANCED_FACE('',(#12611),#12622,.T.);
#12611 = FACE_BOUND('',#12612,.T.);
#12612 = EDGE_LOOP('',(#12613,#12614,#12615,#12621));
#12613 = ORIENTED_EDGE('',*,*,#12582,.T.);
#12614 = ORIENTED_EDGE('',*,*,#11282,.T.);
#12615 = ORIENTED_EDGE('',*,*,#12616,.F.);
#12616 = EDGE_CURVE('',#10506,#11274,#12617,.T.);
#12617 = LINE('',#12618,#12619);
#12618 = CARTESIAN_POINT('',(59.969103,-82.3,0.));
#12619 = VECTOR('',#12620,1.);
#12620 = DIRECTION('',(0.,0.,1.));
#12621 = ORIENTED_EDGE('',*,*,#10514,.F.);
#12622 = PLANE('',#12623);
#12623 = AXIS2_PLACEMENT_3D('',#12624,#12625,#12626);
#12624 = CARTESIAN_POINT('',(59.06875,-82.3,0.));
#12625 = DIRECTION('',(0.,1.,0.));
#12626 = DIRECTION('',(1.,0.,0.));
#12627 = ADVANCED_FACE('',(#12628),#12639,.T.);
#12628 = FACE_BOUND('',#12629,.T.);
#12629 = EDGE_LOOP('',(#12630,#12636,#12637,#12638));
#12630 = ORIENTED_EDGE('',*,*,#12631,.T.);
#12631 = EDGE_CURVE('',#10488,#11256,#12632,.T.);
#12632 = LINE('',#12633,#12634);
#12633 = CARTESIAN_POINT('',(60.812684,-81.656655,0.));
#12634 = VECTOR('',#12635,1.);
#12635 = DIRECTION('',(0.,0.,1.));
#12636 = ORIENTED_EDGE('',*,*,#11255,.T.);
#12637 = ORIENTED_EDGE('',*,*,#12597,.F.);
#12638 = ORIENTED_EDGE('',*,*,#10487,.F.);
#12639 = CYLINDRICAL_SURFACE('',#12640,0.299991600078);
#12640 = AXIS2_PLACEMENT_3D('',#12641,#12642,#12643);
#12641 = CARTESIAN_POINT('',(61.068741600065,-81.50035571796,0.));
#12642 = DIRECTION('',(0.,0.,-1.));
#12643 = DIRECTION('',(-0.853549232709,-0.521012195003,-0.));
#12644 = ADVANCED_FACE('',(#12645),#12656,.T.);
#12645 = FACE_BOUND('',#12646,.T.);
#12646 = EDGE_LOOP('',(#12647,#12648,#12649,#12655));
#12647 = ORIENTED_EDGE('',*,*,#12616,.T.);
#12648 = ORIENTED_EDGE('',*,*,#11273,.T.);
#12649 = ORIENTED_EDGE('',*,*,#12650,.F.);
#12650 = EDGE_CURVE('',#10497,#11265,#12651,.T.);
#12651 = LINE('',#12652,#12653);
#12652 = CARTESIAN_POINT('',(60.125405,-82.343934,0.));
#12653 = VECTOR('',#12654,1.);
#12654 = DIRECTION('',(0.,0.,1.));
#12655 = ORIENTED_EDGE('',*,*,#10505,.F.);
#12656 = CYLINDRICAL_SURFACE('',#12657,0.299991600078);
#12657 = AXIS2_PLACEMENT_3D('',#12658,#12659,#12660);
#12658 = CARTESIAN_POINT('',(59.969105717961,-82.59999160006,0.));
#12659 = DIRECTION('',(0.,0.,-1.));
#12660 = DIRECTION('',(-9.060123335599E-06,0.999999999959,0.));
#12661 = ADVANCED_FACE('',(#12662),#12668,.F.);
#12662 = FACE_BOUND('',#12663,.T.);
#12663 = EDGE_LOOP('',(#12664,#12665,#12666,#12667));
#12664 = ORIENTED_EDGE('',*,*,#12650,.T.);
#12665 = ORIENTED_EDGE('',*,*,#11264,.T.);
#12666 = ORIENTED_EDGE('',*,*,#12631,.F.);
#12667 = ORIENTED_EDGE('',*,*,#10496,.F.);
#12668 = CYLINDRICAL_SURFACE('',#12669,0.499999603944);
#12669 = AXIS2_PLACEMENT_3D('',#12670,#12671,#12672);
#12670 = CARTESIAN_POINT('',(60.38590788946,-81.91715788946,0.));
#12671 = DIRECTION('',(-0.,-0.,-1.));
#12672 = DIRECTION('',(-0.521006191616,-0.853552897188,0.));
#12673 = ( GEOMETRIC_REPRESENTATION_CONTEXT(3) 
GLOBAL_UNCERTAINTY_ASSIGNED_CONTEXT((#12677)) 
GLOBAL_UNIT_ASSIGNED_CONTEXT((#12674,#12675,#12676)) 
REPRESENTATION_CONTEXT('Context #1',
  '3D Context with UNIT and UNCERTAINTY') );
#12674 = ( LENGTH_UNIT() NAMED_UNIT(*) SI_UNIT(.MILLI.,.METRE.) );
#12675 = ( NAMED_UNIT(*) PLANE_ANGLE_UNIT() SI_UNIT($,.RADIAN.) );
#12676 = ( NAMED_UNIT(*) SI_UNIT($,.STERADIAN.) SOLID_ANGLE_UNIT() );
#12677 = UNCERTAINTY_MEASURE_WITH_UNIT(LENGTH_MEASURE(1.E-07),#12674,
  'distance_accuracy_value','confusion accuracy');
#12678 = CONTEXT_DEPENDENT_SHAPE_REPRESENTATION(#12679,#12681);
#12679 = ( REPRESENTATION_RELATIONSHIP('','',#9790,#10) 
REPRESENTATION_RELATIONSHIP_WITH_TRANSFORMATION(#12680) 
SHAPE_REPRESENTATION_RELATIONSHIP() );
#12680 = ITEM_DEFINED_TRANSFORMATION('','',#11,#75);
#12681 = PRODUCT_DEFINITION_SHAPE('Placement','Placement of an item',
  #12682);
#12682 = NEXT_ASSEMBLY_USAGE_OCCURRENCE('21','=>[0:1:1:7]','',#5,#9785,$
  );
#12683 = PRODUCT_RELATED_PRODUCT_CATEGORY('part',$,(#9787));
#12684 = MECHANICAL_DESIGN_GEOMETRIC_PRESENTATION_REPRESENTATION('',(
    #12685),#9227);
#12685 = STYLED_ITEM('color',(#12686),#9077);
#12686 = PRESENTATION_STYLE_ASSIGNMENT((#12687,#12693));
#12687 = SURFACE_STYLE_USAGE(.BOTH.,#12688);
#12688 = SURFACE_SIDE_STYLE('',(#12689));
#12689 = SURFACE_STYLE_FILL_AREA(#12690);
#12690 = FILL_AREA_STYLE('',(#12691));
#12691 = FILL_AREA_STYLE_COLOUR('',#12692);
#12692 = COLOUR_RGB('',0.47058824112,0.47058824112,0.47058824112);
#12693 = CURVE_STYLE('',#12694,POSITIVE_LENGTH_MEASURE(0.1),#12695);
#12694 = DRAUGHTING_PRE_DEFINED_CURVE_FONT('continuous');
#12695 = COLOUR_RGB('',9.803921802644E-02,9.803921802644E-02,
  9.803921802644E-02);
#12696 = MECHANICAL_DESIGN_GEOMETRIC_PRESENTATION_REPRESENTATION('',(
    #12697),#9058);
#12697 = STYLED_ITEM('color',(#12698),#8208);
#12698 = PRESENTATION_STYLE_ASSIGNMENT((#12699,#12705));
#12699 = SURFACE_STYLE_USAGE(.BOTH.,#12700);
#12700 = SURFACE_SIDE_STYLE('',(#12701));
#12701 = SURFACE_STYLE_FILL_AREA(#12702);
#12702 = FILL_AREA_STYLE('',(#12703));
#12703 = FILL_AREA_STYLE_COLOUR('',#12704);
#12704 = COLOUR_RGB('',0.886274513239,0.886274513239,0.886274513239);
#12705 = CURVE_STYLE('',#12706,POSITIVE_LENGTH_MEASURE(0.1),#12695);
#12706 = DRAUGHTING_PRE_DEFINED_CURVE_FONT('continuous');
#12707 = MECHANICAL_DESIGN_GEOMETRIC_PRESENTATION_REPRESENTATION('',(
    #12708,#12716,#12723,#12730,#12737,#12744,#12751,#12758,#12766,
    #12773,#12780,#12787,#12794,#12801,#12809,#12816,#12823,#12830,
    #12837,#12844,#12851,#12858,#12865,#12872,#12879,#12886),#1766);
#12708 = STYLED_ITEM('color',(#12709),#978);
#12709 = PRESENTATION_STYLE_ASSIGNMENT((#12710));
#12710 = SURFACE_STYLE_USAGE(.BOTH.,#12711);
#12711 = SURFACE_SIDE_STYLE('',(#12712));
#12712 = SURFACE_STYLE_FILL_AREA(#12713);
#12713 = FILL_AREA_STYLE('',(#12714));
#12714 = FILL_AREA_STYLE_COLOUR('',#12715);
#12715 = COLOUR_RGB('',0.823999987314,0.819999987296,0.781000009244);
#12716 = STYLED_ITEM('color',(#12717),#1018);
#12717 = PRESENTATION_STYLE_ASSIGNMENT((#12718));
#12718 = SURFACE_STYLE_USAGE(.BOTH.,#12719);
#12719 = SURFACE_SIDE_STYLE('',(#12720));
#12720 = SURFACE_STYLE_FILL_AREA(#12721);
#12721 = FILL_AREA_STYLE('',(#12722));
#12722 = FILL_AREA_STYLE_COLOUR('',#12715);
#12723 = STYLED_ITEM('color',(#12724),#1101);
#12724 = PRESENTATION_STYLE_ASSIGNMENT((#12725));
#12725 = SURFACE_STYLE_USAGE(.BOTH.,#12726);
#12726 = SURFACE_SIDE_STYLE('',(#12727));
#12727 = SURFACE_STYLE_FILL_AREA(#12728);
#12728 = FILL_AREA_STYLE('',(#12729));
#12729 = FILL_AREA_STYLE_COLOUR('',#12715);
#12730 = STYLED_ITEM('color',(#12731),#1126);
#12731 = PRESENTATION_STYLE_ASSIGNMENT((#12732));
#12732 = SURFACE_STYLE_USAGE(.BOTH.,#12733);
#12733 = SURFACE_SIDE_STYLE('',(#12734));
#12734 = SURFACE_STYLE_FILL_AREA(#12735);
#12735 = FILL_AREA_STYLE('',(#12736));
#12736 = FILL_AREA_STYLE_COLOUR('',#12715);
#12737 = STYLED_ITEM('color',(#12738),#1151);
#12738 = PRESENTATION_STYLE_ASSIGNMENT((#12739));
#12739 = SURFACE_STYLE_USAGE(.BOTH.,#12740);
#12740 = SURFACE_SIDE_STYLE('',(#12741));
#12741 = SURFACE_STYLE_FILL_AREA(#12742);
#12742 = FILL_AREA_STYLE('',(#12743));
#12743 = FILL_AREA_STYLE_COLOUR('',#12715);
#12744 = STYLED_ITEM('color',(#12745),#1218);
#12745 = PRESENTATION_STYLE_ASSIGNMENT((#12746));
#12746 = SURFACE_STYLE_USAGE(.BOTH.,#12747);
#12747 = SURFACE_SIDE_STYLE('',(#12748));
#12748 = SURFACE_STYLE_FILL_AREA(#12749);
#12749 = FILL_AREA_STYLE('',(#12750));
#12750 = FILL_AREA_STYLE_COLOUR('',#12715);
#12751 = STYLED_ITEM('color',(#12752),#1235);
#12752 = PRESENTATION_STYLE_ASSIGNMENT((#12753));
#12753 = SURFACE_STYLE_USAGE(.BOTH.,#12754);
#12754 = SURFACE_SIDE_STYLE('',(#12755));
#12755 = SURFACE_STYLE_FILL_AREA(#12756);
#12756 = FILL_AREA_STYLE('',(#12757));
#12757 = FILL_AREA_STYLE_COLOUR('',#12715);
#12758 = STYLED_ITEM('color',(#12759),#1252);
#12759 = PRESENTATION_STYLE_ASSIGNMENT((#12760));
#12760 = SURFACE_STYLE_USAGE(.BOTH.,#12761);
#12761 = SURFACE_SIDE_STYLE('',(#12762));
#12762 = SURFACE_STYLE_FILL_AREA(#12763);
#12763 = FILL_AREA_STYLE('',(#12764));
#12764 = FILL_AREA_STYLE_COLOUR('',#12765);
#12765 = COLOUR_RGB('',0.894999966383,0.890999961016,0.813000030345);
#12766 = STYLED_ITEM('color',(#12767),#1301);
#12767 = PRESENTATION_STYLE_ASSIGNMENT((#12768));
#12768 = SURFACE_STYLE_USAGE(.BOTH.,#12769);
#12769 = SURFACE_SIDE_STYLE('',(#12770));
#12770 = SURFACE_STYLE_FILL_AREA(#12771);
#12771 = FILL_AREA_STYLE('',(#12772));
#12772 = FILL_AREA_STYLE_COLOUR('',#12715);
#12773 = STYLED_ITEM('color',(#12774),#1318);
#12774 = PRESENTATION_STYLE_ASSIGNMENT((#12775));
#12775 = SURFACE_STYLE_USAGE(.BOTH.,#12776);
#12776 = SURFACE_SIDE_STYLE('',(#12777));
#12777 = SURFACE_STYLE_FILL_AREA(#12778);
#12778 = FILL_AREA_STYLE('',(#12779));
#12779 = FILL_AREA_STYLE_COLOUR('',#12715);
#12780 = STYLED_ITEM('color',(#12781),#1335);
#12781 = PRESENTATION_STYLE_ASSIGNMENT((#12782));
#12782 = SURFACE_STYLE_USAGE(.BOTH.,#12783);
#12783 = SURFACE_SIDE_STYLE('',(#12784));
#12784 = SURFACE_STYLE_FILL_AREA(#12785);
#12785 = FILL_AREA_STYLE('',(#12786));
#12786 = FILL_AREA_STYLE_COLOUR('',#12765);
#12787 = STYLED_ITEM('color',(#12788),#1384);
#12788 = PRESENTATION_STYLE_ASSIGNMENT((#12789));
#12789 = SURFACE_STYLE_USAGE(.BOTH.,#12790);
#12790 = SURFACE_SIDE_STYLE('',(#12791));
#12791 = SURFACE_STYLE_FILL_AREA(#12792);
#12792 = FILL_AREA_STYLE('',(#12793));
#12793 = FILL_AREA_STYLE_COLOUR('',#12765);
#12794 = STYLED_ITEM('color',(#12795),#1401);
#12795 = PRESENTATION_STYLE_ASSIGNMENT((#12796));
#12796 = SURFACE_STYLE_USAGE(.BOTH.,#12797);
#12797 = SURFACE_SIDE_STYLE('',(#12798));
#12798 = SURFACE_STYLE_FILL_AREA(#12799);
#12799 = FILL_AREA_STYLE('',(#12800));
#12800 = FILL_AREA_STYLE_COLOUR('',#12715);
#12801 = STYLED_ITEM('color',(#12802),#1470);
#12802 = PRESENTATION_STYLE_ASSIGNMENT((#12803));
#12803 = SURFACE_STYLE_USAGE(.BOTH.,#12804);
#12804 = SURFACE_SIDE_STYLE('',(#12805));
#12805 = SURFACE_STYLE_FILL_AREA(#12806);
#12806 = FILL_AREA_STYLE('',(#12807));
#12807 = FILL_AREA_STYLE_COLOUR('',#12808);
#12808 = COLOUR_RGB('',8.200000279077E-02,8.600000121357E-02,
  9.399999706163E-02);
#12809 = STYLED_ITEM('color',(#12810),#1501);
#12810 = PRESENTATION_STYLE_ASSIGNMENT((#12811));
#12811 = SURFACE_STYLE_USAGE(.BOTH.,#12812);
#12812 = SURFACE_SIDE_STYLE('',(#12813));
#12813 = SURFACE_STYLE_FILL_AREA(#12814);
#12814 = FILL_AREA_STYLE('',(#12815));
#12815 = FILL_AREA_STYLE_COLOUR('',#12808);
#12816 = STYLED_ITEM('color',(#12817),#1525);
#12817 = PRESENTATION_STYLE_ASSIGNMENT((#12818));
#12818 = SURFACE_STYLE_USAGE(.BOTH.,#12819);
#12819 = SURFACE_SIDE_STYLE('',(#12820));
#12820 = SURFACE_STYLE_FILL_AREA(#12821);
#12821 = FILL_AREA_STYLE('',(#12822));
#12822 = FILL_AREA_STYLE_COLOUR('',#12715);
#12823 = STYLED_ITEM('color',(#12824),#1594);
#12824 = PRESENTATION_STYLE_ASSIGNMENT((#12825));
#12825 = SURFACE_STYLE_USAGE(.BOTH.,#12826);
#12826 = SURFACE_SIDE_STYLE('',(#12827));
#12827 = SURFACE_STYLE_FILL_AREA(#12828);
#12828 = FILL_AREA_STYLE('',(#12829));
#12829 = FILL_AREA_STYLE_COLOUR('',#12808);
#12830 = STYLED_ITEM('color',(#12831),#1618);
#12831 = PRESENTATION_STYLE_ASSIGNMENT((#12832));
#12832 = SURFACE_STYLE_USAGE(.BOTH.,#12833);
#12833 = SURFACE_SIDE_STYLE('',(#12834));
#12834 = SURFACE_STYLE_FILL_AREA(#12835);
#12835 = FILL_AREA_STYLE('',(#12836));
#12836 = FILL_AREA_STYLE_COLOUR('',#12715);
#12837 = STYLED_ITEM('color',(#12838),#1635);
#12838 = PRESENTATION_STYLE_ASSIGNMENT((#12839));
#12839 = SURFACE_STYLE_USAGE(.BOTH.,#12840);
#12840 = SURFACE_SIDE_STYLE('',(#12841));
#12841 = SURFACE_STYLE_FILL_AREA(#12842);
#12842 = FILL_AREA_STYLE('',(#12843));
#12843 = FILL_AREA_STYLE_COLOUR('',#12715);
#12844 = STYLED_ITEM('color',(#12845),#1652);
#12845 = PRESENTATION_STYLE_ASSIGNMENT((#12846));
#12846 = SURFACE_STYLE_USAGE(.BOTH.,#12847);
#12847 = SURFACE_SIDE_STYLE('',(#12848));
#12848 = SURFACE_STYLE_FILL_AREA(#12849);
#12849 = FILL_AREA_STYLE('',(#12850));
#12850 = FILL_AREA_STYLE_COLOUR('',#12715);
#12851 = STYLED_ITEM('color',(#12852),#1669);
#12852 = PRESENTATION_STYLE_ASSIGNMENT((#12853));
#12853 = SURFACE_STYLE_USAGE(.BOTH.,#12854);
#12854 = SURFACE_SIDE_STYLE('',(#12855));
#12855 = SURFACE_STYLE_FILL_AREA(#12856);
#12856 = FILL_AREA_STYLE('',(#12857));
#12857 = FILL_AREA_STYLE_COLOUR('',#12715);
#12858 = STYLED_ITEM('color',(#12859),#1686);
#12859 = PRESENTATION_STYLE_ASSIGNMENT((#12860));
#12860 = SURFACE_STYLE_USAGE(.BOTH.,#12861);
#12861 = SURFACE_SIDE_STYLE('',(#12862));
#12862 = SURFACE_STYLE_FILL_AREA(#12863);
#12863 = FILL_AREA_STYLE('',(#12864));
#12864 = FILL_AREA_STYLE_COLOUR('',#12715);
#12865 = STYLED_ITEM('color',(#12866),#1703);
#12866 = PRESENTATION_STYLE_ASSIGNMENT((#12867));
#12867 = SURFACE_STYLE_USAGE(.BOTH.,#12868);
#12868 = SURFACE_SIDE_STYLE('',(#12869));
#12869 = SURFACE_STYLE_FILL_AREA(#12870);
#12870 = FILL_AREA_STYLE('',(#12871));
#12871 = FILL_AREA_STYLE_COLOUR('',#12715);
#12872 = STYLED_ITEM('color',(#12873),#1720);
#12873 = PRESENTATION_STYLE_ASSIGNMENT((#12874));
#12874 = SURFACE_STYLE_USAGE(.BOTH.,#12875);
#12875 = SURFACE_SIDE_STYLE('',(#12876));
#12876 = SURFACE_STYLE_FILL_AREA(#12877);
#12877 = FILL_AREA_STYLE('',(#12878));
#12878 = FILL_AREA_STYLE_COLOUR('',#12715);
#12879 = STYLED_ITEM('color',(#12880),#1737);
#12880 = PRESENTATION_STYLE_ASSIGNMENT((#12881));
#12881 = SURFACE_STYLE_USAGE(.BOTH.,#12882);
#12882 = SURFACE_SIDE_STYLE('',(#12883));
#12883 = SURFACE_STYLE_FILL_AREA(#12884);
#12884 = FILL_AREA_STYLE('',(#12885));
#12885 = FILL_AREA_STYLE_COLOUR('',#12808);
#12886 = STYLED_ITEM('color',(#12887),#1754);
#12887 = PRESENTATION_STYLE_ASSIGNMENT((#12888));
#12888 = SURFACE_STYLE_USAGE(.BOTH.,#12889);
#12889 = SURFACE_SIDE_STYLE('',(#12890));
#12890 = SURFACE_STYLE_FILL_AREA(#12891);
#12891 = FILL_AREA_STYLE('',(#12892));
#12892 = FILL_AREA_STYLE_COLOUR('',#12808);
#12893 = MECHANICAL_DESIGN_GEOMETRIC_PRESENTATION_REPRESENTATION('',(
    #12894,#12901,#12908,#12915,#12922,#12929,#12937,#12944,#12951,
    #12958,#12965,#12972,#12979,#12986,#12993,#13000,#13007,#13014,
    #13021,#13028,#13035,#13042,#13049,#13056,#13063,#13070,#13077,
    #13084,#13091,#13098,#13105,#13112,#13119,#13126,#13133,#13140,
    #13147,#13154,#13161,#13168,#13175,#13182,#13189,#13196,#13203,
    #13210,#13217,#13224,#13231,#13238,#13245,#13252,#13259,#13266,
    #13273,#13280,#13287,#13294,#13301,#13308,#13315,#13322,#13329,
    #13336,#13343,#13350,#13357,#13364,#13371,#13378,#13385,#13392,
    #13399,#13406,#13413,#13420,#13427,#13435),#3968);
#12894 = STYLED_ITEM('color',(#12895),#1787);
#12895 = PRESENTATION_STYLE_ASSIGNMENT((#12896));
#12896 = SURFACE_STYLE_USAGE(.BOTH.,#12897);
#12897 = SURFACE_SIDE_STYLE('',(#12898));
#12898 = SURFACE_STYLE_FILL_AREA(#12899);
#12899 = FILL_AREA_STYLE('',(#12900));
#12900 = FILL_AREA_STYLE_COLOUR('',#12715);
#12901 = STYLED_ITEM('color',(#12902),#1827);
#12902 = PRESENTATION_STYLE_ASSIGNMENT((#12903));
#12903 = SURFACE_STYLE_USAGE(.BOTH.,#12904);
#12904 = SURFACE_SIDE_STYLE('',(#12905));
#12905 = SURFACE_STYLE_FILL_AREA(#12906);
#12906 = FILL_AREA_STYLE('',(#12907));
#12907 = FILL_AREA_STYLE_COLOUR('',#12715);
#12908 = STYLED_ITEM('color',(#12909),#1858);
#12909 = PRESENTATION_STYLE_ASSIGNMENT((#12910));
#12910 = SURFACE_STYLE_USAGE(.BOTH.,#12911);
#12911 = SURFACE_SIDE_STYLE('',(#12912));
#12912 = SURFACE_STYLE_FILL_AREA(#12913);
#12913 = FILL_AREA_STYLE('',(#12914));
#12914 = FILL_AREA_STYLE_COLOUR('',#12715);
#12915 = STYLED_ITEM('color',(#12916),#1882);
#12916 = PRESENTATION_STYLE_ASSIGNMENT((#12917));
#12917 = SURFACE_STYLE_USAGE(.BOTH.,#12918);
#12918 = SURFACE_SIDE_STYLE('',(#12919));
#12919 = SURFACE_STYLE_FILL_AREA(#12920);
#12920 = FILL_AREA_STYLE('',(#12921));
#12921 = FILL_AREA_STYLE_COLOUR('',#12715);
#12922 = STYLED_ITEM('color',(#12923),#1906);
#12923 = PRESENTATION_STYLE_ASSIGNMENT((#12924));
#12924 = SURFACE_STYLE_USAGE(.BOTH.,#12925);
#12925 = SURFACE_SIDE_STYLE('',(#12926));
#12926 = SURFACE_STYLE_FILL_AREA(#12927);
#12927 = FILL_AREA_STYLE('',(#12928));
#12928 = FILL_AREA_STYLE_COLOUR('',#12715);
#12929 = STYLED_ITEM('color',(#12930),#1923);
#12930 = PRESENTATION_STYLE_ASSIGNMENT((#12931));
#12931 = SURFACE_STYLE_USAGE(.BOTH.,#12932);
#12932 = SURFACE_SIDE_STYLE('',(#12933));
#12933 = SURFACE_STYLE_FILL_AREA(#12934);
#12934 = FILL_AREA_STYLE('',(#12935));
#12935 = FILL_AREA_STYLE_COLOUR('',#12936);
#12936 = COLOUR_RGB('',0.147999998088,0.144999993226,0.144999993226);
#12937 = STYLED_ITEM('color',(#12938),#2411);
#12938 = PRESENTATION_STYLE_ASSIGNMENT((#12939));
#12939 = SURFACE_STYLE_USAGE(.BOTH.,#12940);
#12940 = SURFACE_SIDE_STYLE('',(#12941));
#12941 = SURFACE_STYLE_FILL_AREA(#12942);
#12942 = FILL_AREA_STYLE('',(#12943));
#12943 = FILL_AREA_STYLE_COLOUR('',#12936);
#12944 = STYLED_ITEM('color',(#12945),#2442);
#12945 = PRESENTATION_STYLE_ASSIGNMENT((#12946));
#12946 = SURFACE_STYLE_USAGE(.BOTH.,#12947);
#12947 = SURFACE_SIDE_STYLE('',(#12948));
#12948 = SURFACE_STYLE_FILL_AREA(#12949);
#12949 = FILL_AREA_STYLE('',(#12950));
#12950 = FILL_AREA_STYLE_COLOUR('',#12936);
#12951 = STYLED_ITEM('color',(#12952),#2466);
#12952 = PRESENTATION_STYLE_ASSIGNMENT((#12953));
#12953 = SURFACE_STYLE_USAGE(.BOTH.,#12954);
#12954 = SURFACE_SIDE_STYLE('',(#12955));
#12955 = SURFACE_STYLE_FILL_AREA(#12956);
#12956 = FILL_AREA_STYLE('',(#12957));
#12957 = FILL_AREA_STYLE_COLOUR('',#12936);
#12958 = STYLED_ITEM('color',(#12959),#2490);
#12959 = PRESENTATION_STYLE_ASSIGNMENT((#12960));
#12960 = SURFACE_STYLE_USAGE(.BOTH.,#12961);
#12961 = SURFACE_SIDE_STYLE('',(#12962));
#12962 = SURFACE_STYLE_FILL_AREA(#12963);
#12963 = FILL_AREA_STYLE('',(#12964));
#12964 = FILL_AREA_STYLE_COLOUR('',#12936);
#12965 = STYLED_ITEM('color',(#12966),#2507);
#12966 = PRESENTATION_STYLE_ASSIGNMENT((#12967));
#12967 = SURFACE_STYLE_USAGE(.BOTH.,#12968);
#12968 = SURFACE_SIDE_STYLE('',(#12969));
#12969 = SURFACE_STYLE_FILL_AREA(#12970);
#12970 = FILL_AREA_STYLE('',(#12971));
#12971 = FILL_AREA_STYLE_COLOUR('',#12715);
#12972 = STYLED_ITEM('color',(#12973),#2538);
#12973 = PRESENTATION_STYLE_ASSIGNMENT((#12974));
#12974 = SURFACE_STYLE_USAGE(.BOTH.,#12975);
#12975 = SURFACE_SIDE_STYLE('',(#12976));
#12976 = SURFACE_STYLE_FILL_AREA(#12977);
#12977 = FILL_AREA_STYLE('',(#12978));
#12978 = FILL_AREA_STYLE_COLOUR('',#12715);
#12979 = STYLED_ITEM('color',(#12980),#2562);
#12980 = PRESENTATION_STYLE_ASSIGNMENT((#12981));
#12981 = SURFACE_STYLE_USAGE(.BOTH.,#12982);
#12982 = SURFACE_SIDE_STYLE('',(#12983));
#12983 = SURFACE_STYLE_FILL_AREA(#12984);
#12984 = FILL_AREA_STYLE('',(#12985));
#12985 = FILL_AREA_STYLE_COLOUR('',#12715);
#12986 = STYLED_ITEM('color',(#12987),#2586);
#12987 = PRESENTATION_STYLE_ASSIGNMENT((#12988));
#12988 = SURFACE_STYLE_USAGE(.BOTH.,#12989);
#12989 = SURFACE_SIDE_STYLE('',(#12990));
#12990 = SURFACE_STYLE_FILL_AREA(#12991);
#12991 = FILL_AREA_STYLE('',(#12992));
#12992 = FILL_AREA_STYLE_COLOUR('',#12715);
#12993 = STYLED_ITEM('color',(#12994),#2603);
#12994 = PRESENTATION_STYLE_ASSIGNMENT((#12995));
#12995 = SURFACE_STYLE_USAGE(.BOTH.,#12996);
#12996 = SURFACE_SIDE_STYLE('',(#12997));
#12997 = SURFACE_STYLE_FILL_AREA(#12998);
#12998 = FILL_AREA_STYLE('',(#12999));
#12999 = FILL_AREA_STYLE_COLOUR('',#12715);
#13000 = STYLED_ITEM('color',(#13001),#2634);
#13001 = PRESENTATION_STYLE_ASSIGNMENT((#13002));
#13002 = SURFACE_STYLE_USAGE(.BOTH.,#13003);
#13003 = SURFACE_SIDE_STYLE('',(#13004));
#13004 = SURFACE_STYLE_FILL_AREA(#13005);
#13005 = FILL_AREA_STYLE('',(#13006));
#13006 = FILL_AREA_STYLE_COLOUR('',#12715);
#13007 = STYLED_ITEM('color',(#13008),#2658);
#13008 = PRESENTATION_STYLE_ASSIGNMENT((#13009));
#13009 = SURFACE_STYLE_USAGE(.BOTH.,#13010);
#13010 = SURFACE_SIDE_STYLE('',(#13011));
#13011 = SURFACE_STYLE_FILL_AREA(#13012);
#13012 = FILL_AREA_STYLE('',(#13013));
#13013 = FILL_AREA_STYLE_COLOUR('',#12715);
#13014 = STYLED_ITEM('color',(#13015),#2682);
#13015 = PRESENTATION_STYLE_ASSIGNMENT((#13016));
#13016 = SURFACE_STYLE_USAGE(.BOTH.,#13017);
#13017 = SURFACE_SIDE_STYLE('',(#13018));
#13018 = SURFACE_STYLE_FILL_AREA(#13019);
#13019 = FILL_AREA_STYLE('',(#13020));
#13020 = FILL_AREA_STYLE_COLOUR('',#12715);
#13021 = STYLED_ITEM('color',(#13022),#2699);
#13022 = PRESENTATION_STYLE_ASSIGNMENT((#13023));
#13023 = SURFACE_STYLE_USAGE(.BOTH.,#13024);
#13024 = SURFACE_SIDE_STYLE('',(#13025));
#13025 = SURFACE_STYLE_FILL_AREA(#13026);
#13026 = FILL_AREA_STYLE('',(#13027));
#13027 = FILL_AREA_STYLE_COLOUR('',#12715);
#13028 = STYLED_ITEM('color',(#13029),#2730);
#13029 = PRESENTATION_STYLE_ASSIGNMENT((#13030));
#13030 = SURFACE_STYLE_USAGE(.BOTH.,#13031);
#13031 = SURFACE_SIDE_STYLE('',(#13032));
#13032 = SURFACE_STYLE_FILL_AREA(#13033);
#13033 = FILL_AREA_STYLE('',(#13034));
#13034 = FILL_AREA_STYLE_COLOUR('',#12715);
#13035 = STYLED_ITEM('color',(#13036),#2754);
#13036 = PRESENTATION_STYLE_ASSIGNMENT((#13037));
#13037 = SURFACE_STYLE_USAGE(.BOTH.,#13038);
#13038 = SURFACE_SIDE_STYLE('',(#13039));
#13039 = SURFACE_STYLE_FILL_AREA(#13040);
#13040 = FILL_AREA_STYLE('',(#13041));
#13041 = FILL_AREA_STYLE_COLOUR('',#12715);
#13042 = STYLED_ITEM('color',(#13043),#2778);
#13043 = PRESENTATION_STYLE_ASSIGNMENT((#13044));
#13044 = SURFACE_STYLE_USAGE(.BOTH.,#13045);
#13045 = SURFACE_SIDE_STYLE('',(#13046));
#13046 = SURFACE_STYLE_FILL_AREA(#13047);
#13047 = FILL_AREA_STYLE('',(#13048));
#13048 = FILL_AREA_STYLE_COLOUR('',#12715);
#13049 = STYLED_ITEM('color',(#13050),#2795);
#13050 = PRESENTATION_STYLE_ASSIGNMENT((#13051));
#13051 = SURFACE_STYLE_USAGE(.BOTH.,#13052);
#13052 = SURFACE_SIDE_STYLE('',(#13053));
#13053 = SURFACE_STYLE_FILL_AREA(#13054);
#13054 = FILL_AREA_STYLE('',(#13055));
#13055 = FILL_AREA_STYLE_COLOUR('',#12715);
#13056 = STYLED_ITEM('color',(#13057),#2826);
#13057 = PRESENTATION_STYLE_ASSIGNMENT((#13058));
#13058 = SURFACE_STYLE_USAGE(.BOTH.,#13059);
#13059 = SURFACE_SIDE_STYLE('',(#13060));
#13060 = SURFACE_STYLE_FILL_AREA(#13061);
#13061 = FILL_AREA_STYLE('',(#13062));
#13062 = FILL_AREA_STYLE_COLOUR('',#12715);
#13063 = STYLED_ITEM('color',(#13064),#2850);
#13064 = PRESENTATION_STYLE_ASSIGNMENT((#13065));
#13065 = SURFACE_STYLE_USAGE(.BOTH.,#13066);
#13066 = SURFACE_SIDE_STYLE('',(#13067));
#13067 = SURFACE_STYLE_FILL_AREA(#13068);
#13068 = FILL_AREA_STYLE('',(#13069));
#13069 = FILL_AREA_STYLE_COLOUR('',#12715);
#13070 = STYLED_ITEM('color',(#13071),#2874);
#13071 = PRESENTATION_STYLE_ASSIGNMENT((#13072));
#13072 = SURFACE_STYLE_USAGE(.BOTH.,#13073);
#13073 = SURFACE_SIDE_STYLE('',(#13074));
#13074 = SURFACE_STYLE_FILL_AREA(#13075);
#13075 = FILL_AREA_STYLE('',(#13076));
#13076 = FILL_AREA_STYLE_COLOUR('',#12715);
#13077 = STYLED_ITEM('color',(#13078),#2891);
#13078 = PRESENTATION_STYLE_ASSIGNMENT((#13079));
#13079 = SURFACE_STYLE_USAGE(.BOTH.,#13080);
#13080 = SURFACE_SIDE_STYLE('',(#13081));
#13081 = SURFACE_STYLE_FILL_AREA(#13082);
#13082 = FILL_AREA_STYLE('',(#13083));
#13083 = FILL_AREA_STYLE_COLOUR('',#12715);
#13084 = STYLED_ITEM('color',(#13085),#2922);
#13085 = PRESENTATION_STYLE_ASSIGNMENT((#13086));
#13086 = SURFACE_STYLE_USAGE(.BOTH.,#13087);
#13087 = SURFACE_SIDE_STYLE('',(#13088));
#13088 = SURFACE_STYLE_FILL_AREA(#13089);
#13089 = FILL_AREA_STYLE('',(#13090));
#13090 = FILL_AREA_STYLE_COLOUR('',#12715);
#13091 = STYLED_ITEM('color',(#13092),#2946);
#13092 = PRESENTATION_STYLE_ASSIGNMENT((#13093));
#13093 = SURFACE_STYLE_USAGE(.BOTH.,#13094);
#13094 = SURFACE_SIDE_STYLE('',(#13095));
#13095 = SURFACE_STYLE_FILL_AREA(#13096);
#13096 = FILL_AREA_STYLE('',(#13097));
#13097 = FILL_AREA_STYLE_COLOUR('',#12715);
#13098 = STYLED_ITEM('color',(#13099),#2970);
#13099 = PRESENTATION_STYLE_ASSIGNMENT((#13100));
#13100 = SURFACE_STYLE_USAGE(.BOTH.,#13101);
#13101 = SURFACE_SIDE_STYLE('',(#13102));
#13102 = SURFACE_STYLE_FILL_AREA(#13103);
#13103 = FILL_AREA_STYLE('',(#13104));
#13104 = FILL_AREA_STYLE_COLOUR('',#12715);
#13105 = STYLED_ITEM('color',(#13106),#2987);
#13106 = PRESENTATION_STYLE_ASSIGNMENT((#13107));
#13107 = SURFACE_STYLE_USAGE(.BOTH.,#13108);
#13108 = SURFACE_SIDE_STYLE('',(#13109));
#13109 = SURFACE_STYLE_FILL_AREA(#13110);
#13110 = FILL_AREA_STYLE('',(#13111));
#13111 = FILL_AREA_STYLE_COLOUR('',#12715);
#13112 = STYLED_ITEM('color',(#13113),#3018);
#13113 = PRESENTATION_STYLE_ASSIGNMENT((#13114));
#13114 = SURFACE_STYLE_USAGE(.BOTH.,#13115);
#13115 = SURFACE_SIDE_STYLE('',(#13116));
#13116 = SURFACE_STYLE_FILL_AREA(#13117);
#13117 = FILL_AREA_STYLE('',(#13118));
#13118 = FILL_AREA_STYLE_COLOUR('',#12715);
#13119 = STYLED_ITEM('color',(#13120),#3042);
#13120 = PRESENTATION_STYLE_ASSIGNMENT((#13121));
#13121 = SURFACE_STYLE_USAGE(.BOTH.,#13122);
#13122 = SURFACE_SIDE_STYLE('',(#13123));
#13123 = SURFACE_STYLE_FILL_AREA(#13124);
#13124 = FILL_AREA_STYLE('',(#13125));
#13125 = FILL_AREA_STYLE_COLOUR('',#12715);
#13126 = STYLED_ITEM('color',(#13127),#3066);
#13127 = PRESENTATION_STYLE_ASSIGNMENT((#13128));
#13128 = SURFACE_STYLE_USAGE(.BOTH.,#13129);
#13129 = SURFACE_SIDE_STYLE('',(#13130));
#13130 = SURFACE_STYLE_FILL_AREA(#13131);
#13131 = FILL_AREA_STYLE('',(#13132));
#13132 = FILL_AREA_STYLE_COLOUR('',#12715);
#13133 = STYLED_ITEM('color',(#13134),#3083);
#13134 = PRESENTATION_STYLE_ASSIGNMENT((#13135));
#13135 = SURFACE_STYLE_USAGE(.BOTH.,#13136);
#13136 = SURFACE_SIDE_STYLE('',(#13137));
#13137 = SURFACE_STYLE_FILL_AREA(#13138);
#13138 = FILL_AREA_STYLE('',(#13139));
#13139 = FILL_AREA_STYLE_COLOUR('',#12715);
#13140 = STYLED_ITEM('color',(#13141),#3114);
#13141 = PRESENTATION_STYLE_ASSIGNMENT((#13142));
#13142 = SURFACE_STYLE_USAGE(.BOTH.,#13143);
#13143 = SURFACE_SIDE_STYLE('',(#13144));
#13144 = SURFACE_STYLE_FILL_AREA(#13145);
#13145 = FILL_AREA_STYLE('',(#13146));
#13146 = FILL_AREA_STYLE_COLOUR('',#12715);
#13147 = STYLED_ITEM('color',(#13148),#3138);
#13148 = PRESENTATION_STYLE_ASSIGNMENT((#13149));
#13149 = SURFACE_STYLE_USAGE(.BOTH.,#13150);
#13150 = SURFACE_SIDE_STYLE('',(#13151));
#13151 = SURFACE_STYLE_FILL_AREA(#13152);
#13152 = FILL_AREA_STYLE('',(#13153));
#13153 = FILL_AREA_STYLE_COLOUR('',#12715);
#13154 = STYLED_ITEM('color',(#13155),#3162);
#13155 = PRESENTATION_STYLE_ASSIGNMENT((#13156));
#13156 = SURFACE_STYLE_USAGE(.BOTH.,#13157);
#13157 = SURFACE_SIDE_STYLE('',(#13158));
#13158 = SURFACE_STYLE_FILL_AREA(#13159);
#13159 = FILL_AREA_STYLE('',(#13160));
#13160 = FILL_AREA_STYLE_COLOUR('',#12715);
#13161 = STYLED_ITEM('color',(#13162),#3179);
#13162 = PRESENTATION_STYLE_ASSIGNMENT((#13163));
#13163 = SURFACE_STYLE_USAGE(.BOTH.,#13164);
#13164 = SURFACE_SIDE_STYLE('',(#13165));
#13165 = SURFACE_STYLE_FILL_AREA(#13166);
#13166 = FILL_AREA_STYLE('',(#13167));
#13167 = FILL_AREA_STYLE_COLOUR('',#12715);
#13168 = STYLED_ITEM('color',(#13169),#3210);
#13169 = PRESENTATION_STYLE_ASSIGNMENT((#13170));
#13170 = SURFACE_STYLE_USAGE(.BOTH.,#13171);
#13171 = SURFACE_SIDE_STYLE('',(#13172));
#13172 = SURFACE_STYLE_FILL_AREA(#13173);
#13173 = FILL_AREA_STYLE('',(#13174));
#13174 = FILL_AREA_STYLE_COLOUR('',#12715);
#13175 = STYLED_ITEM('color',(#13176),#3234);
#13176 = PRESENTATION_STYLE_ASSIGNMENT((#13177));
#13177 = SURFACE_STYLE_USAGE(.BOTH.,#13178);
#13178 = SURFACE_SIDE_STYLE('',(#13179));
#13179 = SURFACE_STYLE_FILL_AREA(#13180);
#13180 = FILL_AREA_STYLE('',(#13181));
#13181 = FILL_AREA_STYLE_COLOUR('',#12715);
#13182 = STYLED_ITEM('color',(#13183),#3258);
#13183 = PRESENTATION_STYLE_ASSIGNMENT((#13184));
#13184 = SURFACE_STYLE_USAGE(.BOTH.,#13185);
#13185 = SURFACE_SIDE_STYLE('',(#13186));
#13186 = SURFACE_STYLE_FILL_AREA(#13187);
#13187 = FILL_AREA_STYLE('',(#13188));
#13188 = FILL_AREA_STYLE_COLOUR('',#12715);
#13189 = STYLED_ITEM('color',(#13190),#3275);
#13190 = PRESENTATION_STYLE_ASSIGNMENT((#13191));
#13191 = SURFACE_STYLE_USAGE(.BOTH.,#13192);
#13192 = SURFACE_SIDE_STYLE('',(#13193));
#13193 = SURFACE_STYLE_FILL_AREA(#13194);
#13194 = FILL_AREA_STYLE('',(#13195));
#13195 = FILL_AREA_STYLE_COLOUR('',#12715);
#13196 = STYLED_ITEM('color',(#13197),#3306);
#13197 = PRESENTATION_STYLE_ASSIGNMENT((#13198));
#13198 = SURFACE_STYLE_USAGE(.BOTH.,#13199);
#13199 = SURFACE_SIDE_STYLE('',(#13200));
#13200 = SURFACE_STYLE_FILL_AREA(#13201);
#13201 = FILL_AREA_STYLE('',(#13202));
#13202 = FILL_AREA_STYLE_COLOUR('',#12715);
#13203 = STYLED_ITEM('color',(#13204),#3330);
#13204 = PRESENTATION_STYLE_ASSIGNMENT((#13205));
#13205 = SURFACE_STYLE_USAGE(.BOTH.,#13206);
#13206 = SURFACE_SIDE_STYLE('',(#13207));
#13207 = SURFACE_STYLE_FILL_AREA(#13208);
#13208 = FILL_AREA_STYLE('',(#13209));
#13209 = FILL_AREA_STYLE_COLOUR('',#12715);
#13210 = STYLED_ITEM('color',(#13211),#3354);
#13211 = PRESENTATION_STYLE_ASSIGNMENT((#13212));
#13212 = SURFACE_STYLE_USAGE(.BOTH.,#13213);
#13213 = SURFACE_SIDE_STYLE('',(#13214));
#13214 = SURFACE_STYLE_FILL_AREA(#13215);
#13215 = FILL_AREA_STYLE('',(#13216));
#13216 = FILL_AREA_STYLE_COLOUR('',#12715);
#13217 = STYLED_ITEM('color',(#13218),#3371);
#13218 = PRESENTATION_STYLE_ASSIGNMENT((#13219));
#13219 = SURFACE_STYLE_USAGE(.BOTH.,#13220);
#13220 = SURFACE_SIDE_STYLE('',(#13221));
#13221 = SURFACE_STYLE_FILL_AREA(#13222);
#13222 = FILL_AREA_STYLE('',(#13223));
#13223 = FILL_AREA_STYLE_COLOUR('',#12715);
#13224 = STYLED_ITEM('color',(#13225),#3402);
#13225 = PRESENTATION_STYLE_ASSIGNMENT((#13226));
#13226 = SURFACE_STYLE_USAGE(.BOTH.,#13227);
#13227 = SURFACE_SIDE_STYLE('',(#13228));
#13228 = SURFACE_STYLE_FILL_AREA(#13229);
#13229 = FILL_AREA_STYLE('',(#13230));
#13230 = FILL_AREA_STYLE_COLOUR('',#12715);
#13231 = STYLED_ITEM('color',(#13232),#3426);
#13232 = PRESENTATION_STYLE_ASSIGNMENT((#13233));
#13233 = SURFACE_STYLE_USAGE(.BOTH.,#13234);
#13234 = SURFACE_SIDE_STYLE('',(#13235));
#13235 = SURFACE_STYLE_FILL_AREA(#13236);
#13236 = FILL_AREA_STYLE('',(#13237));
#13237 = FILL_AREA_STYLE_COLOUR('',#12715);
#13238 = STYLED_ITEM('color',(#13239),#3450);
#13239 = PRESENTATION_STYLE_ASSIGNMENT((#13240));
#13240 = SURFACE_STYLE_USAGE(.BOTH.,#13241);
#13241 = SURFACE_SIDE_STYLE('',(#13242));
#13242 = SURFACE_STYLE_FILL_AREA(#13243);
#13243 = FILL_AREA_STYLE('',(#13244));
#13244 = FILL_AREA_STYLE_COLOUR('',#12715);
#13245 = STYLED_ITEM('color',(#13246),#3467);
#13246 = PRESENTATION_STYLE_ASSIGNMENT((#13247));
#13247 = SURFACE_STYLE_USAGE(.BOTH.,#13248);
#13248 = SURFACE_SIDE_STYLE('',(#13249));
#13249 = SURFACE_STYLE_FILL_AREA(#13250);
#13250 = FILL_AREA_STYLE('',(#13251));
#13251 = FILL_AREA_STYLE_COLOUR('',#12715);
#13252 = STYLED_ITEM('color',(#13253),#3498);
#13253 = PRESENTATION_STYLE_ASSIGNMENT((#13254));
#13254 = SURFACE_STYLE_USAGE(.BOTH.,#13255);
#13255 = SURFACE_SIDE_STYLE('',(#13256));
#13256 = SURFACE_STYLE_FILL_AREA(#13257);
#13257 = FILL_AREA_STYLE('',(#13258));
#13258 = FILL_AREA_STYLE_COLOUR('',#12715);
#13259 = STYLED_ITEM('color',(#13260),#3522);
#13260 = PRESENTATION_STYLE_ASSIGNMENT((#13261));
#13261 = SURFACE_STYLE_USAGE(.BOTH.,#13262);
#13262 = SURFACE_SIDE_STYLE('',(#13263));
#13263 = SURFACE_STYLE_FILL_AREA(#13264);
#13264 = FILL_AREA_STYLE('',(#13265));
#13265 = FILL_AREA_STYLE_COLOUR('',#12715);
#13266 = STYLED_ITEM('color',(#13267),#3546);
#13267 = PRESENTATION_STYLE_ASSIGNMENT((#13268));
#13268 = SURFACE_STYLE_USAGE(.BOTH.,#13269);
#13269 = SURFACE_SIDE_STYLE('',(#13270));
#13270 = SURFACE_STYLE_FILL_AREA(#13271);
#13271 = FILL_AREA_STYLE('',(#13272));
#13272 = FILL_AREA_STYLE_COLOUR('',#12715);
#13273 = STYLED_ITEM('color',(#13274),#3563);
#13274 = PRESENTATION_STYLE_ASSIGNMENT((#13275));
#13275 = SURFACE_STYLE_USAGE(.BOTH.,#13276);
#13276 = SURFACE_SIDE_STYLE('',(#13277));
#13277 = SURFACE_STYLE_FILL_AREA(#13278);
#13278 = FILL_AREA_STYLE('',(#13279));
#13279 = FILL_AREA_STYLE_COLOUR('',#12715);
#13280 = STYLED_ITEM('color',(#13281),#3594);
#13281 = PRESENTATION_STYLE_ASSIGNMENT((#13282));
#13282 = SURFACE_STYLE_USAGE(.BOTH.,#13283);
#13283 = SURFACE_SIDE_STYLE('',(#13284));
#13284 = SURFACE_STYLE_FILL_AREA(#13285);
#13285 = FILL_AREA_STYLE('',(#13286));
#13286 = FILL_AREA_STYLE_COLOUR('',#12715);
#13287 = STYLED_ITEM('color',(#13288),#3618);
#13288 = PRESENTATION_STYLE_ASSIGNMENT((#13289));
#13289 = SURFACE_STYLE_USAGE(.BOTH.,#13290);
#13290 = SURFACE_SIDE_STYLE('',(#13291));
#13291 = SURFACE_STYLE_FILL_AREA(#13292);
#13292 = FILL_AREA_STYLE('',(#13293));
#13293 = FILL_AREA_STYLE_COLOUR('',#12715);
#13294 = STYLED_ITEM('color',(#13295),#3642);
#13295 = PRESENTATION_STYLE_ASSIGNMENT((#13296));
#13296 = SURFACE_STYLE_USAGE(.BOTH.,#13297);
#13297 = SURFACE_SIDE_STYLE('',(#13298));
#13298 = SURFACE_STYLE_FILL_AREA(#13299);
#13299 = FILL_AREA_STYLE('',(#13300));
#13300 = FILL_AREA_STYLE_COLOUR('',#12715);
#13301 = STYLED_ITEM('color',(#13302),#3659);
#13302 = PRESENTATION_STYLE_ASSIGNMENT((#13303));
#13303 = SURFACE_STYLE_USAGE(.BOTH.,#13304);
#13304 = SURFACE_SIDE_STYLE('',(#13305));
#13305 = SURFACE_STYLE_FILL_AREA(#13306);
#13306 = FILL_AREA_STYLE('',(#13307));
#13307 = FILL_AREA_STYLE_COLOUR('',#12715);
#13308 = STYLED_ITEM('color',(#13309),#3690);
#13309 = PRESENTATION_STYLE_ASSIGNMENT((#13310));
#13310 = SURFACE_STYLE_USAGE(.BOTH.,#13311);
#13311 = SURFACE_SIDE_STYLE('',(#13312));
#13312 = SURFACE_STYLE_FILL_AREA(#13313);
#13313 = FILL_AREA_STYLE('',(#13314));
#13314 = FILL_AREA_STYLE_COLOUR('',#12715);
#13315 = STYLED_ITEM('color',(#13316),#3714);
#13316 = PRESENTATION_STYLE_ASSIGNMENT((#13317));
#13317 = SURFACE_STYLE_USAGE(.BOTH.,#13318);
#13318 = SURFACE_SIDE_STYLE('',(#13319));
#13319 = SURFACE_STYLE_FILL_AREA(#13320);
#13320 = FILL_AREA_STYLE('',(#13321));
#13321 = FILL_AREA_STYLE_COLOUR('',#12715);
#13322 = STYLED_ITEM('color',(#13323),#3738);
#13323 = PRESENTATION_STYLE_ASSIGNMENT((#13324));
#13324 = SURFACE_STYLE_USAGE(.BOTH.,#13325);
#13325 = SURFACE_SIDE_STYLE('',(#13326));
#13326 = SURFACE_STYLE_FILL_AREA(#13327);
#13327 = FILL_AREA_STYLE('',(#13328));
#13328 = FILL_AREA_STYLE_COLOUR('',#12715);
#13329 = STYLED_ITEM('color',(#13330),#3755);
#13330 = PRESENTATION_STYLE_ASSIGNMENT((#13331));
#13331 = SURFACE_STYLE_USAGE(.BOTH.,#13332);
#13332 = SURFACE_SIDE_STYLE('',(#13333));
#13333 = SURFACE_STYLE_FILL_AREA(#13334);
#13334 = FILL_AREA_STYLE('',(#13335));
#13335 = FILL_AREA_STYLE_COLOUR('',#12936);
#13336 = STYLED_ITEM('color',(#13337),#3778);
#13337 = PRESENTATION_STYLE_ASSIGNMENT((#13338));
#13338 = SURFACE_STYLE_USAGE(.BOTH.,#13339);
#13339 = SURFACE_SIDE_STYLE('',(#13340));
#13340 = SURFACE_STYLE_FILL_AREA(#13341);
#13341 = FILL_AREA_STYLE('',(#13342));
#13342 = FILL_AREA_STYLE_COLOUR('',#12715);
#13343 = STYLED_ITEM('color',(#13344),#3790);
#13344 = PRESENTATION_STYLE_ASSIGNMENT((#13345));
#13345 = SURFACE_STYLE_USAGE(.BOTH.,#13346);
#13346 = SURFACE_SIDE_STYLE('',(#13347));
#13347 = SURFACE_STYLE_FILL_AREA(#13348);
#13348 = FILL_AREA_STYLE('',(#13349));
#13349 = FILL_AREA_STYLE_COLOUR('',#12715);
#13350 = STYLED_ITEM('color',(#13351),#3802);
#13351 = PRESENTATION_STYLE_ASSIGNMENT((#13352));
#13352 = SURFACE_STYLE_USAGE(.BOTH.,#13353);
#13353 = SURFACE_SIDE_STYLE('',(#13354));
#13354 = SURFACE_STYLE_FILL_AREA(#13355);
#13355 = FILL_AREA_STYLE('',(#13356));
#13356 = FILL_AREA_STYLE_COLOUR('',#12715);
#13357 = STYLED_ITEM('color',(#13358),#3814);
#13358 = PRESENTATION_STYLE_ASSIGNMENT((#13359));
#13359 = SURFACE_STYLE_USAGE(.BOTH.,#13360);
#13360 = SURFACE_SIDE_STYLE('',(#13361));
#13361 = SURFACE_STYLE_FILL_AREA(#13362);
#13362 = FILL_AREA_STYLE('',(#13363));
#13363 = FILL_AREA_STYLE_COLOUR('',#12715);
#13364 = STYLED_ITEM('color',(#13365),#3826);
#13365 = PRESENTATION_STYLE_ASSIGNMENT((#13366));
#13366 = SURFACE_STYLE_USAGE(.BOTH.,#13367);
#13367 = SURFACE_SIDE_STYLE('',(#13368));
#13368 = SURFACE_STYLE_FILL_AREA(#13369);
#13369 = FILL_AREA_STYLE('',(#13370));
#13370 = FILL_AREA_STYLE_COLOUR('',#12715);
#13371 = STYLED_ITEM('color',(#13372),#3838);
#13372 = PRESENTATION_STYLE_ASSIGNMENT((#13373));
#13373 = SURFACE_STYLE_USAGE(.BOTH.,#13374);
#13374 = SURFACE_SIDE_STYLE('',(#13375));
#13375 = SURFACE_STYLE_FILL_AREA(#13376);
#13376 = FILL_AREA_STYLE('',(#13377));
#13377 = FILL_AREA_STYLE_COLOUR('',#12715);
#13378 = STYLED_ITEM('color',(#13379),#3850);
#13379 = PRESENTATION_STYLE_ASSIGNMENT((#13380));
#13380 = SURFACE_STYLE_USAGE(.BOTH.,#13381);
#13381 = SURFACE_SIDE_STYLE('',(#13382));
#13382 = SURFACE_STYLE_FILL_AREA(#13383);
#13383 = FILL_AREA_STYLE('',(#13384));
#13384 = FILL_AREA_STYLE_COLOUR('',#12715);
#13385 = STYLED_ITEM('color',(#13386),#3862);
#13386 = PRESENTATION_STYLE_ASSIGNMENT((#13387));
#13387 = SURFACE_STYLE_USAGE(.BOTH.,#13388);
#13388 = SURFACE_SIDE_STYLE('',(#13389));
#13389 = SURFACE_STYLE_FILL_AREA(#13390);
#13390 = FILL_AREA_STYLE('',(#13391));
#13391 = FILL_AREA_STYLE_COLOUR('',#12715);
#13392 = STYLED_ITEM('color',(#13393),#3874);
#13393 = PRESENTATION_STYLE_ASSIGNMENT((#13394));
#13394 = SURFACE_STYLE_USAGE(.BOTH.,#13395);
#13395 = SURFACE_SIDE_STYLE('',(#13396));
#13396 = SURFACE_STYLE_FILL_AREA(#13397);
#13397 = FILL_AREA_STYLE('',(#13398));
#13398 = FILL_AREA_STYLE_COLOUR('',#12715);
#13399 = STYLED_ITEM('color',(#13400),#3886);
#13400 = PRESENTATION_STYLE_ASSIGNMENT((#13401));
#13401 = SURFACE_STYLE_USAGE(.BOTH.,#13402);
#13402 = SURFACE_SIDE_STYLE('',(#13403));
#13403 = SURFACE_STYLE_FILL_AREA(#13404);
#13404 = FILL_AREA_STYLE('',(#13405));
#13405 = FILL_AREA_STYLE_COLOUR('',#12715);
#13406 = STYLED_ITEM('color',(#13407),#3898);
#13407 = PRESENTATION_STYLE_ASSIGNMENT((#13408));
#13408 = SURFACE_STYLE_USAGE(.BOTH.,#13409);
#13409 = SURFACE_SIDE_STYLE('',(#13410));
#13410 = SURFACE_STYLE_FILL_AREA(#13411);
#13411 = FILL_AREA_STYLE('',(#13412));
#13412 = FILL_AREA_STYLE_COLOUR('',#12715);
#13413 = STYLED_ITEM('color',(#13414),#3910);
#13414 = PRESENTATION_STYLE_ASSIGNMENT((#13415));
#13415 = SURFACE_STYLE_USAGE(.BOTH.,#13416);
#13416 = SURFACE_SIDE_STYLE('',(#13417));
#13417 = SURFACE_STYLE_FILL_AREA(#13418);
#13418 = FILL_AREA_STYLE('',(#13419));
#13419 = FILL_AREA_STYLE_COLOUR('',#12715);
#13420 = STYLED_ITEM('color',(#13421),#3922);
#13421 = PRESENTATION_STYLE_ASSIGNMENT((#13422));
#13422 = SURFACE_STYLE_USAGE(.BOTH.,#13423);
#13423 = SURFACE_SIDE_STYLE('',(#13424));
#13424 = SURFACE_STYLE_FILL_AREA(#13425);
#13425 = FILL_AREA_STYLE('',(#13426));
#13426 = FILL_AREA_STYLE_COLOUR('',#12715);
#13427 = STYLED_ITEM('color',(#13428),#3934);
#13428 = PRESENTATION_STYLE_ASSIGNMENT((#13429));
#13429 = SURFACE_STYLE_USAGE(.BOTH.,#13430);
#13430 = SURFACE_SIDE_STYLE('',(#13431));
#13431 = SURFACE_STYLE_FILL_AREA(#13432);
#13432 = FILL_AREA_STYLE('',(#13433));
#13433 = FILL_AREA_STYLE_COLOUR('',#13434);
#13434 = COLOUR_RGB('',0.690999977303,0.663999984767,0.597999987832);
#13435 = STYLED_ITEM('color',(#13436),#3959);
#13436 = PRESENTATION_STYLE_ASSIGNMENT((#13437));
#13437 = SURFACE_STYLE_USAGE(.BOTH.,#13438);
#13438 = SURFACE_SIDE_STYLE('',(#13439));
#13439 = SURFACE_STYLE_FILL_AREA(#13440);
#13440 = FILL_AREA_STYLE('',(#13441));
#13441 = FILL_AREA_STYLE_COLOUR('',#13434);
#13442 = MECHANICAL_DESIGN_GEOMETRIC_PRESENTATION_REPRESENTATION('',(
    #13443),#9598);
#13443 = STYLED_ITEM('color',(#13444),#9448);
#13444 = PRESENTATION_STYLE_ASSIGNMENT((#13445,#13450));
#13445 = SURFACE_STYLE_USAGE(.BOTH.,#13446);
#13446 = SURFACE_SIDE_STYLE('',(#13447));
#13447 = SURFACE_STYLE_FILL_AREA(#13448);
#13448 = FILL_AREA_STYLE('',(#13449));
#13449 = FILL_AREA_STYLE_COLOUR('',#12692);
#13450 = CURVE_STYLE('',#13451,POSITIVE_LENGTH_MEASURE(0.1),#12695);
#13451 = DRAUGHTING_PRE_DEFINED_CURVE_FONT('continuous');
#13452 = MECHANICAL_DESIGN_GEOMETRIC_PRESENTATION_REPRESENTATION('',(
    #13453,#13460,#13467,#13474,#13481,#13488,#13495,#13502,#13509,
    #13516,#13523,#13530,#13537,#13544,#13551,#13558,#13565,#13572,
    #13579,#13586,#13593,#13600,#13607,#13614,#13621,#13628,#13635,
    #13642,#13649,#13656,#13663,#13670,#13677,#13684,#13691,#13698,
    #13705,#13712,#13719,#13726,#13733,#13741,#13748,#13755,#13762,
    #13769,#13776,#13783,#13790,#13797,#13804,#13811,#13818,#13825,
    #13832,#13839,#13846,#13853,#13860,#13867,#13874,#13881,#13888,
    #13895,#13902,#13909,#13916,#13923,#13930,#13937,#13944,#13951,
    #13958,#13965,#13972,#13979,#13986,#13993,#14000,#14007,#14014,
    #14021,#14028,#14035,#14042,#14049,#14056,#14063,#14070,#14077,
    #14084,#14091,#14098,#14105,#14112,#14119,#14126,#14133,#14140,
    #14147,#14154,#14161,#14168,#14175,#14182,#14189,#14196,#14203,
    #14210,#14217,#14224,#14231,#14238,#14245,#14252,#14259,#14266,
    #14273,#14280,#14287,#14294,#14301,#14308,#14315,#14322,#14329,
    #14336,#14343,#14350,#14357,#14364,#14371,#14378,#14385,#14392,
    #14399,#14406,#14413,#14420,#14427,#14434,#14441,#14448,#14455,
    #14462,#14469,#14476,#14483),#8125);
#13453 = STYLED_ITEM('color',(#13454),#3999);
#13454 = PRESENTATION_STYLE_ASSIGNMENT((#13455));
#13455 = SURFACE_STYLE_USAGE(.BOTH.,#13456);
#13456 = SURFACE_SIDE_STYLE('',(#13457));
#13457 = SURFACE_STYLE_FILL_AREA(#13458);
#13458 = FILL_AREA_STYLE('',(#13459));
#13459 = FILL_AREA_STYLE_COLOUR('',#12936);
#13460 = STYLED_ITEM('color',(#13461),#4039);
#13461 = PRESENTATION_STYLE_ASSIGNMENT((#13462));
#13462 = SURFACE_STYLE_USAGE(.BOTH.,#13463);
#13463 = SURFACE_SIDE_STYLE('',(#13464));
#13464 = SURFACE_STYLE_FILL_AREA(#13465);
#13465 = FILL_AREA_STYLE('',(#13466));
#13466 = FILL_AREA_STYLE_COLOUR('',#12936);
#13467 = STYLED_ITEM('color',(#13468),#4070);
#13468 = PRESENTATION_STYLE_ASSIGNMENT((#13469));
#13469 = SURFACE_STYLE_USAGE(.BOTH.,#13470);
#13470 = SURFACE_SIDE_STYLE('',(#13471));
#13471 = SURFACE_STYLE_FILL_AREA(#13472);
#13472 = FILL_AREA_STYLE('',(#13473));
#13473 = FILL_AREA_STYLE_COLOUR('',#12936);
#13474 = STYLED_ITEM('color',(#13475),#4101);
#13475 = PRESENTATION_STYLE_ASSIGNMENT((#13476));
#13476 = SURFACE_STYLE_USAGE(.BOTH.,#13477);
#13477 = SURFACE_SIDE_STYLE('',(#13478));
#13478 = SURFACE_STYLE_FILL_AREA(#13479);
#13479 = FILL_AREA_STYLE('',(#13480));
#13480 = FILL_AREA_STYLE_COLOUR('',#12936);
#13481 = STYLED_ITEM('color',(#13482),#4594);
#13482 = PRESENTATION_STYLE_ASSIGNMENT((#13483));
#13483 = SURFACE_STYLE_USAGE(.BOTH.,#13484);
#13484 = SURFACE_SIDE_STYLE('',(#13485));
#13485 = SURFACE_STYLE_FILL_AREA(#13486);
#13486 = FILL_AREA_STYLE('',(#13487));
#13487 = FILL_AREA_STYLE_COLOUR('',#12936);
#13488 = STYLED_ITEM('color',(#13489),#5087);
#13489 = PRESENTATION_STYLE_ASSIGNMENT((#13490));
#13490 = SURFACE_STYLE_USAGE(.BOTH.,#13491);
#13491 = SURFACE_SIDE_STYLE('',(#13492));
#13492 = SURFACE_STYLE_FILL_AREA(#13493);
#13493 = FILL_AREA_STYLE('',(#13494));
#13494 = FILL_AREA_STYLE_COLOUR('',#12936);
#13495 = STYLED_ITEM('color',(#13496),#5104);
#13496 = PRESENTATION_STYLE_ASSIGNMENT((#13497));
#13497 = SURFACE_STYLE_USAGE(.BOTH.,#13498);
#13498 = SURFACE_SIDE_STYLE('',(#13499));
#13499 = SURFACE_STYLE_FILL_AREA(#13500);
#13500 = FILL_AREA_STYLE('',(#13501));
#13501 = FILL_AREA_STYLE_COLOUR('',#12936);
#13502 = STYLED_ITEM('color',(#13503),#5121);
#13503 = PRESENTATION_STYLE_ASSIGNMENT((#13504));
#13504 = SURFACE_STYLE_USAGE(.BOTH.,#13505);
#13505 = SURFACE_SIDE_STYLE('',(#13506));
#13506 = SURFACE_STYLE_FILL_AREA(#13507);
#13507 = FILL_AREA_STYLE('',(#13508));
#13508 = FILL_AREA_STYLE_COLOUR('',#12936);
#13509 = STYLED_ITEM('color',(#13510),#5138);
#13510 = PRESENTATION_STYLE_ASSIGNMENT((#13511));
#13511 = SURFACE_STYLE_USAGE(.BOTH.,#13512);
#13512 = SURFACE_SIDE_STYLE('',(#13513));
#13513 = SURFACE_STYLE_FILL_AREA(#13514);
#13514 = FILL_AREA_STYLE('',(#13515));
#13515 = FILL_AREA_STYLE_COLOUR('',#12936);
#13516 = STYLED_ITEM('color',(#13517),#5155);
#13517 = PRESENTATION_STYLE_ASSIGNMENT((#13518));
#13518 = SURFACE_STYLE_USAGE(.BOTH.,#13519);
#13519 = SURFACE_SIDE_STYLE('',(#13520));
#13520 = SURFACE_STYLE_FILL_AREA(#13521);
#13521 = FILL_AREA_STYLE('',(#13522));
#13522 = FILL_AREA_STYLE_COLOUR('',#12936);
#13523 = STYLED_ITEM('color',(#13524),#5172);
#13524 = PRESENTATION_STYLE_ASSIGNMENT((#13525));
#13525 = SURFACE_STYLE_USAGE(.BOTH.,#13526);
#13526 = SURFACE_SIDE_STYLE('',(#13527));
#13527 = SURFACE_STYLE_FILL_AREA(#13528);
#13528 = FILL_AREA_STYLE('',(#13529));
#13529 = FILL_AREA_STYLE_COLOUR('',#12936);
#13530 = STYLED_ITEM('color',(#13531),#5189);
#13531 = PRESENTATION_STYLE_ASSIGNMENT((#13532));
#13532 = SURFACE_STYLE_USAGE(.BOTH.,#13533);
#13533 = SURFACE_SIDE_STYLE('',(#13534));
#13534 = SURFACE_STYLE_FILL_AREA(#13535);
#13535 = FILL_AREA_STYLE('',(#13536));
#13536 = FILL_AREA_STYLE_COLOUR('',#12936);
#13537 = STYLED_ITEM('color',(#13538),#5206);
#13538 = PRESENTATION_STYLE_ASSIGNMENT((#13539));
#13539 = SURFACE_STYLE_USAGE(.BOTH.,#13540);
#13540 = SURFACE_SIDE_STYLE('',(#13541));
#13541 = SURFACE_STYLE_FILL_AREA(#13542);
#13542 = FILL_AREA_STYLE('',(#13543));
#13543 = FILL_AREA_STYLE_COLOUR('',#12936);
#13544 = STYLED_ITEM('color',(#13545),#5223);
#13545 = PRESENTATION_STYLE_ASSIGNMENT((#13546));
#13546 = SURFACE_STYLE_USAGE(.BOTH.,#13547);
#13547 = SURFACE_SIDE_STYLE('',(#13548));
#13548 = SURFACE_STYLE_FILL_AREA(#13549);
#13549 = FILL_AREA_STYLE('',(#13550));
#13550 = FILL_AREA_STYLE_COLOUR('',#12936);
#13551 = STYLED_ITEM('color',(#13552),#5240);
#13552 = PRESENTATION_STYLE_ASSIGNMENT((#13553));
#13553 = SURFACE_STYLE_USAGE(.BOTH.,#13554);
#13554 = SURFACE_SIDE_STYLE('',(#13555));
#13555 = SURFACE_STYLE_FILL_AREA(#13556);
#13556 = FILL_AREA_STYLE('',(#13557));
#13557 = FILL_AREA_STYLE_COLOUR('',#12936);
#13558 = STYLED_ITEM('color',(#13559),#5257);
#13559 = PRESENTATION_STYLE_ASSIGNMENT((#13560));
#13560 = SURFACE_STYLE_USAGE(.BOTH.,#13561);
#13561 = SURFACE_SIDE_STYLE('',(#13562));
#13562 = SURFACE_STYLE_FILL_AREA(#13563);
#13563 = FILL_AREA_STYLE('',(#13564));
#13564 = FILL_AREA_STYLE_COLOUR('',#12936);
#13565 = STYLED_ITEM('color',(#13566),#5274);
#13566 = PRESENTATION_STYLE_ASSIGNMENT((#13567));
#13567 = SURFACE_STYLE_USAGE(.BOTH.,#13568);
#13568 = SURFACE_SIDE_STYLE('',(#13569));
#13569 = SURFACE_STYLE_FILL_AREA(#13570);
#13570 = FILL_AREA_STYLE('',(#13571));
#13571 = FILL_AREA_STYLE_COLOUR('',#12936);
#13572 = STYLED_ITEM('color',(#13573),#5291);
#13573 = PRESENTATION_STYLE_ASSIGNMENT((#13574));
#13574 = SURFACE_STYLE_USAGE(.BOTH.,#13575);
#13575 = SURFACE_SIDE_STYLE('',(#13576));
#13576 = SURFACE_STYLE_FILL_AREA(#13577);
#13577 = FILL_AREA_STYLE('',(#13578));
#13578 = FILL_AREA_STYLE_COLOUR('',#12936);
#13579 = STYLED_ITEM('color',(#13580),#5308);
#13580 = PRESENTATION_STYLE_ASSIGNMENT((#13581));
#13581 = SURFACE_STYLE_USAGE(.BOTH.,#13582);
#13582 = SURFACE_SIDE_STYLE('',(#13583));
#13583 = SURFACE_STYLE_FILL_AREA(#13584);
#13584 = FILL_AREA_STYLE('',(#13585));
#13585 = FILL_AREA_STYLE_COLOUR('',#12936);
#13586 = STYLED_ITEM('color',(#13587),#5325);
#13587 = PRESENTATION_STYLE_ASSIGNMENT((#13588));
#13588 = SURFACE_STYLE_USAGE(.BOTH.,#13589);
#13589 = SURFACE_SIDE_STYLE('',(#13590));
#13590 = SURFACE_STYLE_FILL_AREA(#13591);
#13591 = FILL_AREA_STYLE('',(#13592));
#13592 = FILL_AREA_STYLE_COLOUR('',#12936);
#13593 = STYLED_ITEM('color',(#13594),#5342);
#13594 = PRESENTATION_STYLE_ASSIGNMENT((#13595));
#13595 = SURFACE_STYLE_USAGE(.BOTH.,#13596);
#13596 = SURFACE_SIDE_STYLE('',(#13597));
#13597 = SURFACE_STYLE_FILL_AREA(#13598);
#13598 = FILL_AREA_STYLE('',(#13599));
#13599 = FILL_AREA_STYLE_COLOUR('',#12936);
#13600 = STYLED_ITEM('color',(#13601),#5359);
#13601 = PRESENTATION_STYLE_ASSIGNMENT((#13602));
#13602 = SURFACE_STYLE_USAGE(.BOTH.,#13603);
#13603 = SURFACE_SIDE_STYLE('',(#13604));
#13604 = SURFACE_STYLE_FILL_AREA(#13605);
#13605 = FILL_AREA_STYLE('',(#13606));
#13606 = FILL_AREA_STYLE_COLOUR('',#12936);
#13607 = STYLED_ITEM('color',(#13608),#5376);
#13608 = PRESENTATION_STYLE_ASSIGNMENT((#13609));
#13609 = SURFACE_STYLE_USAGE(.BOTH.,#13610);
#13610 = SURFACE_SIDE_STYLE('',(#13611));
#13611 = SURFACE_STYLE_FILL_AREA(#13612);
#13612 = FILL_AREA_STYLE('',(#13613));
#13613 = FILL_AREA_STYLE_COLOUR('',#12936);
#13614 = STYLED_ITEM('color',(#13615),#5393);
#13615 = PRESENTATION_STYLE_ASSIGNMENT((#13616));
#13616 = SURFACE_STYLE_USAGE(.BOTH.,#13617);
#13617 = SURFACE_SIDE_STYLE('',(#13618));
#13618 = SURFACE_STYLE_FILL_AREA(#13619);
#13619 = FILL_AREA_STYLE('',(#13620));
#13620 = FILL_AREA_STYLE_COLOUR('',#12936);
#13621 = STYLED_ITEM('color',(#13622),#5410);
#13622 = PRESENTATION_STYLE_ASSIGNMENT((#13623));
#13623 = SURFACE_STYLE_USAGE(.BOTH.,#13624);
#13624 = SURFACE_SIDE_STYLE('',(#13625));
#13625 = SURFACE_STYLE_FILL_AREA(#13626);
#13626 = FILL_AREA_STYLE('',(#13627));
#13627 = FILL_AREA_STYLE_COLOUR('',#12936);
#13628 = STYLED_ITEM('color',(#13629),#5427);
#13629 = PRESENTATION_STYLE_ASSIGNMENT((#13630));
#13630 = SURFACE_STYLE_USAGE(.BOTH.,#13631);
#13631 = SURFACE_SIDE_STYLE('',(#13632));
#13632 = SURFACE_STYLE_FILL_AREA(#13633);
#13633 = FILL_AREA_STYLE('',(#13634));
#13634 = FILL_AREA_STYLE_COLOUR('',#12936);
#13635 = STYLED_ITEM('color',(#13636),#5444);
#13636 = PRESENTATION_STYLE_ASSIGNMENT((#13637));
#13637 = SURFACE_STYLE_USAGE(.BOTH.,#13638);
#13638 = SURFACE_SIDE_STYLE('',(#13639));
#13639 = SURFACE_STYLE_FILL_AREA(#13640);
#13640 = FILL_AREA_STYLE('',(#13641));
#13641 = FILL_AREA_STYLE_COLOUR('',#12936);
#13642 = STYLED_ITEM('color',(#13643),#5461);
#13643 = PRESENTATION_STYLE_ASSIGNMENT((#13644));
#13644 = SURFACE_STYLE_USAGE(.BOTH.,#13645);
#13645 = SURFACE_SIDE_STYLE('',(#13646));
#13646 = SURFACE_STYLE_FILL_AREA(#13647);
#13647 = FILL_AREA_STYLE('',(#13648));
#13648 = FILL_AREA_STYLE_COLOUR('',#12936);
#13649 = STYLED_ITEM('color',(#13650),#5478);
#13650 = PRESENTATION_STYLE_ASSIGNMENT((#13651));
#13651 = SURFACE_STYLE_USAGE(.BOTH.,#13652);
#13652 = SURFACE_SIDE_STYLE('',(#13653));
#13653 = SURFACE_STYLE_FILL_AREA(#13654);
#13654 = FILL_AREA_STYLE('',(#13655));
#13655 = FILL_AREA_STYLE_COLOUR('',#12936);
#13656 = STYLED_ITEM('color',(#13657),#5495);
#13657 = PRESENTATION_STYLE_ASSIGNMENT((#13658));
#13658 = SURFACE_STYLE_USAGE(.BOTH.,#13659);
#13659 = SURFACE_SIDE_STYLE('',(#13660));
#13660 = SURFACE_STYLE_FILL_AREA(#13661);
#13661 = FILL_AREA_STYLE('',(#13662));
#13662 = FILL_AREA_STYLE_COLOUR('',#12936);
#13663 = STYLED_ITEM('color',(#13664),#5512);
#13664 = PRESENTATION_STYLE_ASSIGNMENT((#13665));
#13665 = SURFACE_STYLE_USAGE(.BOTH.,#13666);
#13666 = SURFACE_SIDE_STYLE('',(#13667));
#13667 = SURFACE_STYLE_FILL_AREA(#13668);
#13668 = FILL_AREA_STYLE('',(#13669));
#13669 = FILL_AREA_STYLE_COLOUR('',#12936);
#13670 = STYLED_ITEM('color',(#13671),#5529);
#13671 = PRESENTATION_STYLE_ASSIGNMENT((#13672));
#13672 = SURFACE_STYLE_USAGE(.BOTH.,#13673);
#13673 = SURFACE_SIDE_STYLE('',(#13674));
#13674 = SURFACE_STYLE_FILL_AREA(#13675);
#13675 = FILL_AREA_STYLE('',(#13676));
#13676 = FILL_AREA_STYLE_COLOUR('',#12936);
#13677 = STYLED_ITEM('color',(#13678),#5546);
#13678 = PRESENTATION_STYLE_ASSIGNMENT((#13679));
#13679 = SURFACE_STYLE_USAGE(.BOTH.,#13680);
#13680 = SURFACE_SIDE_STYLE('',(#13681));
#13681 = SURFACE_STYLE_FILL_AREA(#13682);
#13682 = FILL_AREA_STYLE('',(#13683));
#13683 = FILL_AREA_STYLE_COLOUR('',#12936);
#13684 = STYLED_ITEM('color',(#13685),#5563);
#13685 = PRESENTATION_STYLE_ASSIGNMENT((#13686));
#13686 = SURFACE_STYLE_USAGE(.BOTH.,#13687);
#13687 = SURFACE_SIDE_STYLE('',(#13688));
#13688 = SURFACE_STYLE_FILL_AREA(#13689);
#13689 = FILL_AREA_STYLE('',(#13690));
#13690 = FILL_AREA_STYLE_COLOUR('',#12936);
#13691 = STYLED_ITEM('color',(#13692),#5580);
#13692 = PRESENTATION_STYLE_ASSIGNMENT((#13693));
#13693 = SURFACE_STYLE_USAGE(.BOTH.,#13694);
#13694 = SURFACE_SIDE_STYLE('',(#13695));
#13695 = SURFACE_STYLE_FILL_AREA(#13696);
#13696 = FILL_AREA_STYLE('',(#13697));
#13697 = FILL_AREA_STYLE_COLOUR('',#12936);
#13698 = STYLED_ITEM('color',(#13699),#5597);
#13699 = PRESENTATION_STYLE_ASSIGNMENT((#13700));
#13700 = SURFACE_STYLE_USAGE(.BOTH.,#13701);
#13701 = SURFACE_SIDE_STYLE('',(#13702));
#13702 = SURFACE_STYLE_FILL_AREA(#13703);
#13703 = FILL_AREA_STYLE('',(#13704));
#13704 = FILL_AREA_STYLE_COLOUR('',#12936);
#13705 = STYLED_ITEM('color',(#13706),#5614);
#13706 = PRESENTATION_STYLE_ASSIGNMENT((#13707));
#13707 = SURFACE_STYLE_USAGE(.BOTH.,#13708);
#13708 = SURFACE_SIDE_STYLE('',(#13709));
#13709 = SURFACE_STYLE_FILL_AREA(#13710);
#13710 = FILL_AREA_STYLE('',(#13711));
#13711 = FILL_AREA_STYLE_COLOUR('',#12936);
#13712 = STYLED_ITEM('color',(#13713),#5631);
#13713 = PRESENTATION_STYLE_ASSIGNMENT((#13714));
#13714 = SURFACE_STYLE_USAGE(.BOTH.,#13715);
#13715 = SURFACE_SIDE_STYLE('',(#13716));
#13716 = SURFACE_STYLE_FILL_AREA(#13717);
#13717 = FILL_AREA_STYLE('',(#13718));
#13718 = FILL_AREA_STYLE_COLOUR('',#12936);
#13719 = STYLED_ITEM('color',(#13720),#5648);
#13720 = PRESENTATION_STYLE_ASSIGNMENT((#13721));
#13721 = SURFACE_STYLE_USAGE(.BOTH.,#13722);
#13722 = SURFACE_SIDE_STYLE('',(#13723));
#13723 = SURFACE_STYLE_FILL_AREA(#13724);
#13724 = FILL_AREA_STYLE('',(#13725));
#13725 = FILL_AREA_STYLE_COLOUR('',#12936);
#13726 = STYLED_ITEM('color',(#13727),#5665);
#13727 = PRESENTATION_STYLE_ASSIGNMENT((#13728));
#13728 = SURFACE_STYLE_USAGE(.BOTH.,#13729);
#13729 = SURFACE_SIDE_STYLE('',(#13730));
#13730 = SURFACE_STYLE_FILL_AREA(#13731);
#13731 = FILL_AREA_STYLE('',(#13732));
#13732 = FILL_AREA_STYLE_COLOUR('',#12936);
#13733 = STYLED_ITEM('color',(#13734),#5677);
#13734 = PRESENTATION_STYLE_ASSIGNMENT((#13735));
#13735 = SURFACE_STYLE_USAGE(.BOTH.,#13736);
#13736 = SURFACE_SIDE_STYLE('',(#13737));
#13737 = SURFACE_STYLE_FILL_AREA(#13738);
#13738 = FILL_AREA_STYLE('',(#13739));
#13739 = FILL_AREA_STYLE_COLOUR('',#13740);
#13740 = COLOUR_RGB('',0.859000020776,0.737999965183,0.495999988746);
#13741 = STYLED_ITEM('color',(#13742),#5708);
#13742 = PRESENTATION_STYLE_ASSIGNMENT((#13743));
#13743 = SURFACE_STYLE_USAGE(.BOTH.,#13744);
#13744 = SURFACE_SIDE_STYLE('',(#13745));
#13745 = SURFACE_STYLE_FILL_AREA(#13746);
#13746 = FILL_AREA_STYLE('',(#13747));
#13747 = FILL_AREA_STYLE_COLOUR('',#13740);
#13748 = STYLED_ITEM('color',(#13749),#5732);
#13749 = PRESENTATION_STYLE_ASSIGNMENT((#13750));
#13750 = SURFACE_STYLE_USAGE(.BOTH.,#13751);
#13751 = SURFACE_SIDE_STYLE('',(#13752));
#13752 = SURFACE_STYLE_FILL_AREA(#13753);
#13753 = FILL_AREA_STYLE('',(#13754));
#13754 = FILL_AREA_STYLE_COLOUR('',#13740);
#13755 = STYLED_ITEM('color',(#13756),#5756);
#13756 = PRESENTATION_STYLE_ASSIGNMENT((#13757));
#13757 = SURFACE_STYLE_USAGE(.BOTH.,#13758);
#13758 = SURFACE_SIDE_STYLE('',(#13759));
#13759 = SURFACE_STYLE_FILL_AREA(#13760);
#13760 = FILL_AREA_STYLE('',(#13761));
#13761 = FILL_AREA_STYLE_COLOUR('',#13740);
#13762 = STYLED_ITEM('color',(#13763),#5773);
#13763 = PRESENTATION_STYLE_ASSIGNMENT((#13764));
#13764 = SURFACE_STYLE_USAGE(.BOTH.,#13765);
#13765 = SURFACE_SIDE_STYLE('',(#13766));
#13766 = SURFACE_STYLE_FILL_AREA(#13767);
#13767 = FILL_AREA_STYLE('',(#13768));
#13768 = FILL_AREA_STYLE_COLOUR('',#13740);
#13769 = STYLED_ITEM('color',(#13770),#5804);
#13770 = PRESENTATION_STYLE_ASSIGNMENT((#13771));
#13771 = SURFACE_STYLE_USAGE(.BOTH.,#13772);
#13772 = SURFACE_SIDE_STYLE('',(#13773));
#13773 = SURFACE_STYLE_FILL_AREA(#13774);
#13774 = FILL_AREA_STYLE('',(#13775));
#13775 = FILL_AREA_STYLE_COLOUR('',#13740);
#13776 = STYLED_ITEM('color',(#13777),#5828);
#13777 = PRESENTATION_STYLE_ASSIGNMENT((#13778));
#13778 = SURFACE_STYLE_USAGE(.BOTH.,#13779);
#13779 = SURFACE_SIDE_STYLE('',(#13780));
#13780 = SURFACE_STYLE_FILL_AREA(#13781);
#13781 = FILL_AREA_STYLE('',(#13782));
#13782 = FILL_AREA_STYLE_COLOUR('',#13740);
#13783 = STYLED_ITEM('color',(#13784),#5852);
#13784 = PRESENTATION_STYLE_ASSIGNMENT((#13785));
#13785 = SURFACE_STYLE_USAGE(.BOTH.,#13786);
#13786 = SURFACE_SIDE_STYLE('',(#13787));
#13787 = SURFACE_STYLE_FILL_AREA(#13788);
#13788 = FILL_AREA_STYLE('',(#13789));
#13789 = FILL_AREA_STYLE_COLOUR('',#13740);
#13790 = STYLED_ITEM('color',(#13791),#5869);
#13791 = PRESENTATION_STYLE_ASSIGNMENT((#13792));
#13792 = SURFACE_STYLE_USAGE(.BOTH.,#13793);
#13793 = SURFACE_SIDE_STYLE('',(#13794));
#13794 = SURFACE_STYLE_FILL_AREA(#13795);
#13795 = FILL_AREA_STYLE('',(#13796));
#13796 = FILL_AREA_STYLE_COLOUR('',#13740);
#13797 = STYLED_ITEM('color',(#13798),#5900);
#13798 = PRESENTATION_STYLE_ASSIGNMENT((#13799));
#13799 = SURFACE_STYLE_USAGE(.BOTH.,#13800);
#13800 = SURFACE_SIDE_STYLE('',(#13801));
#13801 = SURFACE_STYLE_FILL_AREA(#13802);
#13802 = FILL_AREA_STYLE('',(#13803));
#13803 = FILL_AREA_STYLE_COLOUR('',#13740);
#13804 = STYLED_ITEM('color',(#13805),#5924);
#13805 = PRESENTATION_STYLE_ASSIGNMENT((#13806));
#13806 = SURFACE_STYLE_USAGE(.BOTH.,#13807);
#13807 = SURFACE_SIDE_STYLE('',(#13808));
#13808 = SURFACE_STYLE_FILL_AREA(#13809);
#13809 = FILL_AREA_STYLE('',(#13810));
#13810 = FILL_AREA_STYLE_COLOUR('',#13740);
#13811 = STYLED_ITEM('color',(#13812),#5948);
#13812 = PRESENTATION_STYLE_ASSIGNMENT((#13813));
#13813 = SURFACE_STYLE_USAGE(.BOTH.,#13814);
#13814 = SURFACE_SIDE_STYLE('',(#13815));
#13815 = SURFACE_STYLE_FILL_AREA(#13816);
#13816 = FILL_AREA_STYLE('',(#13817));
#13817 = FILL_AREA_STYLE_COLOUR('',#13740);
#13818 = STYLED_ITEM('color',(#13819),#5965);
#13819 = PRESENTATION_STYLE_ASSIGNMENT((#13820));
#13820 = SURFACE_STYLE_USAGE(.BOTH.,#13821);
#13821 = SURFACE_SIDE_STYLE('',(#13822));
#13822 = SURFACE_STYLE_FILL_AREA(#13823);
#13823 = FILL_AREA_STYLE('',(#13824));
#13824 = FILL_AREA_STYLE_COLOUR('',#13740);
#13825 = STYLED_ITEM('color',(#13826),#5996);
#13826 = PRESENTATION_STYLE_ASSIGNMENT((#13827));
#13827 = SURFACE_STYLE_USAGE(.BOTH.,#13828);
#13828 = SURFACE_SIDE_STYLE('',(#13829));
#13829 = SURFACE_STYLE_FILL_AREA(#13830);
#13830 = FILL_AREA_STYLE('',(#13831));
#13831 = FILL_AREA_STYLE_COLOUR('',#13740);
#13832 = STYLED_ITEM('color',(#13833),#6020);
#13833 = PRESENTATION_STYLE_ASSIGNMENT((#13834));
#13834 = SURFACE_STYLE_USAGE(.BOTH.,#13835);
#13835 = SURFACE_SIDE_STYLE('',(#13836));
#13836 = SURFACE_STYLE_FILL_AREA(#13837);
#13837 = FILL_AREA_STYLE('',(#13838));
#13838 = FILL_AREA_STYLE_COLOUR('',#13740);
#13839 = STYLED_ITEM('color',(#13840),#6044);
#13840 = PRESENTATION_STYLE_ASSIGNMENT((#13841));
#13841 = SURFACE_STYLE_USAGE(.BOTH.,#13842);
#13842 = SURFACE_SIDE_STYLE('',(#13843));
#13843 = SURFACE_STYLE_FILL_AREA(#13844);
#13844 = FILL_AREA_STYLE('',(#13845));
#13845 = FILL_AREA_STYLE_COLOUR('',#13740);
#13846 = STYLED_ITEM('color',(#13847),#6061);
#13847 = PRESENTATION_STYLE_ASSIGNMENT((#13848));
#13848 = SURFACE_STYLE_USAGE(.BOTH.,#13849);
#13849 = SURFACE_SIDE_STYLE('',(#13850));
#13850 = SURFACE_STYLE_FILL_AREA(#13851);
#13851 = FILL_AREA_STYLE('',(#13852));
#13852 = FILL_AREA_STYLE_COLOUR('',#13740);
#13853 = STYLED_ITEM('color',(#13854),#6092);
#13854 = PRESENTATION_STYLE_ASSIGNMENT((#13855));
#13855 = SURFACE_STYLE_USAGE(.BOTH.,#13856);
#13856 = SURFACE_SIDE_STYLE('',(#13857));
#13857 = SURFACE_STYLE_FILL_AREA(#13858);
#13858 = FILL_AREA_STYLE('',(#13859));
#13859 = FILL_AREA_STYLE_COLOUR('',#13740);
#13860 = STYLED_ITEM('color',(#13861),#6116);
#13861 = PRESENTATION_STYLE_ASSIGNMENT((#13862));
#13862 = SURFACE_STYLE_USAGE(.BOTH.,#13863);
#13863 = SURFACE_SIDE_STYLE('',(#13864));
#13864 = SURFACE_STYLE_FILL_AREA(#13865);
#13865 = FILL_AREA_STYLE('',(#13866));
#13866 = FILL_AREA_STYLE_COLOUR('',#13740);
#13867 = STYLED_ITEM('color',(#13868),#6140);
#13868 = PRESENTATION_STYLE_ASSIGNMENT((#13869));
#13869 = SURFACE_STYLE_USAGE(.BOTH.,#13870);
#13870 = SURFACE_SIDE_STYLE('',(#13871));
#13871 = SURFACE_STYLE_FILL_AREA(#13872);
#13872 = FILL_AREA_STYLE('',(#13873));
#13873 = FILL_AREA_STYLE_COLOUR('',#13740);
#13874 = STYLED_ITEM('color',(#13875),#6157);
#13875 = PRESENTATION_STYLE_ASSIGNMENT((#13876));
#13876 = SURFACE_STYLE_USAGE(.BOTH.,#13877);
#13877 = SURFACE_SIDE_STYLE('',(#13878));
#13878 = SURFACE_STYLE_FILL_AREA(#13879);
#13879 = FILL_AREA_STYLE('',(#13880));
#13880 = FILL_AREA_STYLE_COLOUR('',#13740);
#13881 = STYLED_ITEM('color',(#13882),#6188);
#13882 = PRESENTATION_STYLE_ASSIGNMENT((#13883));
#13883 = SURFACE_STYLE_USAGE(.BOTH.,#13884);
#13884 = SURFACE_SIDE_STYLE('',(#13885));
#13885 = SURFACE_STYLE_FILL_AREA(#13886);
#13886 = FILL_AREA_STYLE('',(#13887));
#13887 = FILL_AREA_STYLE_COLOUR('',#13740);
#13888 = STYLED_ITEM('color',(#13889),#6212);
#13889 = PRESENTATION_STYLE_ASSIGNMENT((#13890));
#13890 = SURFACE_STYLE_USAGE(.BOTH.,#13891);
#13891 = SURFACE_SIDE_STYLE('',(#13892));
#13892 = SURFACE_STYLE_FILL_AREA(#13893);
#13893 = FILL_AREA_STYLE('',(#13894));
#13894 = FILL_AREA_STYLE_COLOUR('',#13740);
#13895 = STYLED_ITEM('color',(#13896),#6236);
#13896 = PRESENTATION_STYLE_ASSIGNMENT((#13897));
#13897 = SURFACE_STYLE_USAGE(.BOTH.,#13898);
#13898 = SURFACE_SIDE_STYLE('',(#13899));
#13899 = SURFACE_STYLE_FILL_AREA(#13900);
#13900 = FILL_AREA_STYLE('',(#13901));
#13901 = FILL_AREA_STYLE_COLOUR('',#13740);
#13902 = STYLED_ITEM('color',(#13903),#6253);
#13903 = PRESENTATION_STYLE_ASSIGNMENT((#13904));
#13904 = SURFACE_STYLE_USAGE(.BOTH.,#13905);
#13905 = SURFACE_SIDE_STYLE('',(#13906));
#13906 = SURFACE_STYLE_FILL_AREA(#13907);
#13907 = FILL_AREA_STYLE('',(#13908));
#13908 = FILL_AREA_STYLE_COLOUR('',#13740);
#13909 = STYLED_ITEM('color',(#13910),#6284);
#13910 = PRESENTATION_STYLE_ASSIGNMENT((#13911));
#13911 = SURFACE_STYLE_USAGE(.BOTH.,#13912);
#13912 = SURFACE_SIDE_STYLE('',(#13913));
#13913 = SURFACE_STYLE_FILL_AREA(#13914);
#13914 = FILL_AREA_STYLE('',(#13915));
#13915 = FILL_AREA_STYLE_COLOUR('',#13740);
#13916 = STYLED_ITEM('color',(#13917),#6308);
#13917 = PRESENTATION_STYLE_ASSIGNMENT((#13918));
#13918 = SURFACE_STYLE_USAGE(.BOTH.,#13919);
#13919 = SURFACE_SIDE_STYLE('',(#13920));
#13920 = SURFACE_STYLE_FILL_AREA(#13921);
#13921 = FILL_AREA_STYLE('',(#13922));
#13922 = FILL_AREA_STYLE_COLOUR('',#13740);
#13923 = STYLED_ITEM('color',(#13924),#6332);
#13924 = PRESENTATION_STYLE_ASSIGNMENT((#13925));
#13925 = SURFACE_STYLE_USAGE(.BOTH.,#13926);
#13926 = SURFACE_SIDE_STYLE('',(#13927));
#13927 = SURFACE_STYLE_FILL_AREA(#13928);
#13928 = FILL_AREA_STYLE('',(#13929));
#13929 = FILL_AREA_STYLE_COLOUR('',#13740);
#13930 = STYLED_ITEM('color',(#13931),#6349);
#13931 = PRESENTATION_STYLE_ASSIGNMENT((#13932));
#13932 = SURFACE_STYLE_USAGE(.BOTH.,#13933);
#13933 = SURFACE_SIDE_STYLE('',(#13934));
#13934 = SURFACE_STYLE_FILL_AREA(#13935);
#13935 = FILL_AREA_STYLE('',(#13936));
#13936 = FILL_AREA_STYLE_COLOUR('',#13740);
#13937 = STYLED_ITEM('color',(#13938),#6380);
#13938 = PRESENTATION_STYLE_ASSIGNMENT((#13939));
#13939 = SURFACE_STYLE_USAGE(.BOTH.,#13940);
#13940 = SURFACE_SIDE_STYLE('',(#13941));
#13941 = SURFACE_STYLE_FILL_AREA(#13942);
#13942 = FILL_AREA_STYLE('',(#13943));
#13943 = FILL_AREA_STYLE_COLOUR('',#13740);
#13944 = STYLED_ITEM('color',(#13945),#6404);
#13945 = PRESENTATION_STYLE_ASSIGNMENT((#13946));
#13946 = SURFACE_STYLE_USAGE(.BOTH.,#13947);
#13947 = SURFACE_SIDE_STYLE('',(#13948));
#13948 = SURFACE_STYLE_FILL_AREA(#13949);
#13949 = FILL_AREA_STYLE('',(#13950));
#13950 = FILL_AREA_STYLE_COLOUR('',#13740);
#13951 = STYLED_ITEM('color',(#13952),#6428);
#13952 = PRESENTATION_STYLE_ASSIGNMENT((#13953));
#13953 = SURFACE_STYLE_USAGE(.BOTH.,#13954);
#13954 = SURFACE_SIDE_STYLE('',(#13955));
#13955 = SURFACE_STYLE_FILL_AREA(#13956);
#13956 = FILL_AREA_STYLE('',(#13957));
#13957 = FILL_AREA_STYLE_COLOUR('',#13740);
#13958 = STYLED_ITEM('color',(#13959),#6445);
#13959 = PRESENTATION_STYLE_ASSIGNMENT((#13960));
#13960 = SURFACE_STYLE_USAGE(.BOTH.,#13961);
#13961 = SURFACE_SIDE_STYLE('',(#13962));
#13962 = SURFACE_STYLE_FILL_AREA(#13963);
#13963 = FILL_AREA_STYLE('',(#13964));
#13964 = FILL_AREA_STYLE_COLOUR('',#13740);
#13965 = STYLED_ITEM('color',(#13966),#6476);
#13966 = PRESENTATION_STYLE_ASSIGNMENT((#13967));
#13967 = SURFACE_STYLE_USAGE(.BOTH.,#13968);
#13968 = SURFACE_SIDE_STYLE('',(#13969));
#13969 = SURFACE_STYLE_FILL_AREA(#13970);
#13970 = FILL_AREA_STYLE('',(#13971));
#13971 = FILL_AREA_STYLE_COLOUR('',#13740);
#13972 = STYLED_ITEM('color',(#13973),#6500);
#13973 = PRESENTATION_STYLE_ASSIGNMENT((#13974));
#13974 = SURFACE_STYLE_USAGE(.BOTH.,#13975);
#13975 = SURFACE_SIDE_STYLE('',(#13976));
#13976 = SURFACE_STYLE_FILL_AREA(#13977);
#13977 = FILL_AREA_STYLE('',(#13978));
#13978 = FILL_AREA_STYLE_COLOUR('',#13740);
#13979 = STYLED_ITEM('color',(#13980),#6524);
#13980 = PRESENTATION_STYLE_ASSIGNMENT((#13981));
#13981 = SURFACE_STYLE_USAGE(.BOTH.,#13982);
#13982 = SURFACE_SIDE_STYLE('',(#13983));
#13983 = SURFACE_STYLE_FILL_AREA(#13984);
#13984 = FILL_AREA_STYLE('',(#13985));
#13985 = FILL_AREA_STYLE_COLOUR('',#13740);
#13986 = STYLED_ITEM('color',(#13987),#6541);
#13987 = PRESENTATION_STYLE_ASSIGNMENT((#13988));
#13988 = SURFACE_STYLE_USAGE(.BOTH.,#13989);
#13989 = SURFACE_SIDE_STYLE('',(#13990));
#13990 = SURFACE_STYLE_FILL_AREA(#13991);
#13991 = FILL_AREA_STYLE('',(#13992));
#13992 = FILL_AREA_STYLE_COLOUR('',#13740);
#13993 = STYLED_ITEM('color',(#13994),#6572);
#13994 = PRESENTATION_STYLE_ASSIGNMENT((#13995));
#13995 = SURFACE_STYLE_USAGE(.BOTH.,#13996);
#13996 = SURFACE_SIDE_STYLE('',(#13997));
#13997 = SURFACE_STYLE_FILL_AREA(#13998);
#13998 = FILL_AREA_STYLE('',(#13999));
#13999 = FILL_AREA_STYLE_COLOUR('',#13740);
#14000 = STYLED_ITEM('color',(#14001),#6596);
#14001 = PRESENTATION_STYLE_ASSIGNMENT((#14002));
#14002 = SURFACE_STYLE_USAGE(.BOTH.,#14003);
#14003 = SURFACE_SIDE_STYLE('',(#14004));
#14004 = SURFACE_STYLE_FILL_AREA(#14005);
#14005 = FILL_AREA_STYLE('',(#14006));
#14006 = FILL_AREA_STYLE_COLOUR('',#13740);
#14007 = STYLED_ITEM('color',(#14008),#6620);
#14008 = PRESENTATION_STYLE_ASSIGNMENT((#14009));
#14009 = SURFACE_STYLE_USAGE(.BOTH.,#14010);
#14010 = SURFACE_SIDE_STYLE('',(#14011));
#14011 = SURFACE_STYLE_FILL_AREA(#14012);
#14012 = FILL_AREA_STYLE('',(#14013));
#14013 = FILL_AREA_STYLE_COLOUR('',#13740);
#14014 = STYLED_ITEM('color',(#14015),#6637);
#14015 = PRESENTATION_STYLE_ASSIGNMENT((#14016));
#14016 = SURFACE_STYLE_USAGE(.BOTH.,#14017);
#14017 = SURFACE_SIDE_STYLE('',(#14018));
#14018 = SURFACE_STYLE_FILL_AREA(#14019);
#14019 = FILL_AREA_STYLE('',(#14020));
#14020 = FILL_AREA_STYLE_COLOUR('',#13740);
#14021 = STYLED_ITEM('color',(#14022),#6668);
#14022 = PRESENTATION_STYLE_ASSIGNMENT((#14023));
#14023 = SURFACE_STYLE_USAGE(.BOTH.,#14024);
#14024 = SURFACE_SIDE_STYLE('',(#14025));
#14025 = SURFACE_STYLE_FILL_AREA(#14026);
#14026 = FILL_AREA_STYLE('',(#14027));
#14027 = FILL_AREA_STYLE_COLOUR('',#13740);
#14028 = STYLED_ITEM('color',(#14029),#6692);
#14029 = PRESENTATION_STYLE_ASSIGNMENT((#14030));
#14030 = SURFACE_STYLE_USAGE(.BOTH.,#14031);
#14031 = SURFACE_SIDE_STYLE('',(#14032));
#14032 = SURFACE_STYLE_FILL_AREA(#14033);
#14033 = FILL_AREA_STYLE('',(#14034));
#14034 = FILL_AREA_STYLE_COLOUR('',#13740);
#14035 = STYLED_ITEM('color',(#14036),#6716);
#14036 = PRESENTATION_STYLE_ASSIGNMENT((#14037));
#14037 = SURFACE_STYLE_USAGE(.BOTH.,#14038);
#14038 = SURFACE_SIDE_STYLE('',(#14039));
#14039 = SURFACE_STYLE_FILL_AREA(#14040);
#14040 = FILL_AREA_STYLE('',(#14041));
#14041 = FILL_AREA_STYLE_COLOUR('',#13740);
#14042 = STYLED_ITEM('color',(#14043),#6733);
#14043 = PRESENTATION_STYLE_ASSIGNMENT((#14044));
#14044 = SURFACE_STYLE_USAGE(.BOTH.,#14045);
#14045 = SURFACE_SIDE_STYLE('',(#14046));
#14046 = SURFACE_STYLE_FILL_AREA(#14047);
#14047 = FILL_AREA_STYLE('',(#14048));
#14048 = FILL_AREA_STYLE_COLOUR('',#13740);
#14049 = STYLED_ITEM('color',(#14050),#6764);
#14050 = PRESENTATION_STYLE_ASSIGNMENT((#14051));
#14051 = SURFACE_STYLE_USAGE(.BOTH.,#14052);
#14052 = SURFACE_SIDE_STYLE('',(#14053));
#14053 = SURFACE_STYLE_FILL_AREA(#14054);
#14054 = FILL_AREA_STYLE('',(#14055));
#14055 = FILL_AREA_STYLE_COLOUR('',#13740);
#14056 = STYLED_ITEM('color',(#14057),#6788);
#14057 = PRESENTATION_STYLE_ASSIGNMENT((#14058));
#14058 = SURFACE_STYLE_USAGE(.BOTH.,#14059);
#14059 = SURFACE_SIDE_STYLE('',(#14060));
#14060 = SURFACE_STYLE_FILL_AREA(#14061);
#14061 = FILL_AREA_STYLE('',(#14062));
#14062 = FILL_AREA_STYLE_COLOUR('',#13740);
#14063 = STYLED_ITEM('color',(#14064),#6812);
#14064 = PRESENTATION_STYLE_ASSIGNMENT((#14065));
#14065 = SURFACE_STYLE_USAGE(.BOTH.,#14066);
#14066 = SURFACE_SIDE_STYLE('',(#14067));
#14067 = SURFACE_STYLE_FILL_AREA(#14068);
#14068 = FILL_AREA_STYLE('',(#14069));
#14069 = FILL_AREA_STYLE_COLOUR('',#13740);
#14070 = STYLED_ITEM('color',(#14071),#6829);
#14071 = PRESENTATION_STYLE_ASSIGNMENT((#14072));
#14072 = SURFACE_STYLE_USAGE(.BOTH.,#14073);
#14073 = SURFACE_SIDE_STYLE('',(#14074));
#14074 = SURFACE_STYLE_FILL_AREA(#14075);
#14075 = FILL_AREA_STYLE('',(#14076));
#14076 = FILL_AREA_STYLE_COLOUR('',#13740);
#14077 = STYLED_ITEM('color',(#14078),#6860);
#14078 = PRESENTATION_STYLE_ASSIGNMENT((#14079));
#14079 = SURFACE_STYLE_USAGE(.BOTH.,#14080);
#14080 = SURFACE_SIDE_STYLE('',(#14081));
#14081 = SURFACE_STYLE_FILL_AREA(#14082);
#14082 = FILL_AREA_STYLE('',(#14083));
#14083 = FILL_AREA_STYLE_COLOUR('',#13740);
#14084 = STYLED_ITEM('color',(#14085),#6884);
#14085 = PRESENTATION_STYLE_ASSIGNMENT((#14086));
#14086 = SURFACE_STYLE_USAGE(.BOTH.,#14087);
#14087 = SURFACE_SIDE_STYLE('',(#14088));
#14088 = SURFACE_STYLE_FILL_AREA(#14089);
#14089 = FILL_AREA_STYLE('',(#14090));
#14090 = FILL_AREA_STYLE_COLOUR('',#13740);
#14091 = STYLED_ITEM('color',(#14092),#6908);
#14092 = PRESENTATION_STYLE_ASSIGNMENT((#14093));
#14093 = SURFACE_STYLE_USAGE(.BOTH.,#14094);
#14094 = SURFACE_SIDE_STYLE('',(#14095));
#14095 = SURFACE_STYLE_FILL_AREA(#14096);
#14096 = FILL_AREA_STYLE('',(#14097));
#14097 = FILL_AREA_STYLE_COLOUR('',#13740);
#14098 = STYLED_ITEM('color',(#14099),#6925);
#14099 = PRESENTATION_STYLE_ASSIGNMENT((#14100));
#14100 = SURFACE_STYLE_USAGE(.BOTH.,#14101);
#14101 = SURFACE_SIDE_STYLE('',(#14102));
#14102 = SURFACE_STYLE_FILL_AREA(#14103);
#14103 = FILL_AREA_STYLE('',(#14104));
#14104 = FILL_AREA_STYLE_COLOUR('',#13740);
#14105 = STYLED_ITEM('color',(#14106),#6956);
#14106 = PRESENTATION_STYLE_ASSIGNMENT((#14107));
#14107 = SURFACE_STYLE_USAGE(.BOTH.,#14108);
#14108 = SURFACE_SIDE_STYLE('',(#14109));
#14109 = SURFACE_STYLE_FILL_AREA(#14110);
#14110 = FILL_AREA_STYLE('',(#14111));
#14111 = FILL_AREA_STYLE_COLOUR('',#13740);
#14112 = STYLED_ITEM('color',(#14113),#6980);
#14113 = PRESENTATION_STYLE_ASSIGNMENT((#14114));
#14114 = SURFACE_STYLE_USAGE(.BOTH.,#14115);
#14115 = SURFACE_SIDE_STYLE('',(#14116));
#14116 = SURFACE_STYLE_FILL_AREA(#14117);
#14117 = FILL_AREA_STYLE('',(#14118));
#14118 = FILL_AREA_STYLE_COLOUR('',#13740);
#14119 = STYLED_ITEM('color',(#14120),#7004);
#14120 = PRESENTATION_STYLE_ASSIGNMENT((#14121));
#14121 = SURFACE_STYLE_USAGE(.BOTH.,#14122);
#14122 = SURFACE_SIDE_STYLE('',(#14123));
#14123 = SURFACE_STYLE_FILL_AREA(#14124);
#14124 = FILL_AREA_STYLE('',(#14125));
#14125 = FILL_AREA_STYLE_COLOUR('',#13740);
#14126 = STYLED_ITEM('color',(#14127),#7021);
#14127 = PRESENTATION_STYLE_ASSIGNMENT((#14128));
#14128 = SURFACE_STYLE_USAGE(.BOTH.,#14129);
#14129 = SURFACE_SIDE_STYLE('',(#14130));
#14130 = SURFACE_STYLE_FILL_AREA(#14131);
#14131 = FILL_AREA_STYLE('',(#14132));
#14132 = FILL_AREA_STYLE_COLOUR('',#13740);
#14133 = STYLED_ITEM('color',(#14134),#7052);
#14134 = PRESENTATION_STYLE_ASSIGNMENT((#14135));
#14135 = SURFACE_STYLE_USAGE(.BOTH.,#14136);
#14136 = SURFACE_SIDE_STYLE('',(#14137));
#14137 = SURFACE_STYLE_FILL_AREA(#14138);
#14138 = FILL_AREA_STYLE('',(#14139));
#14139 = FILL_AREA_STYLE_COLOUR('',#13740);
#14140 = STYLED_ITEM('color',(#14141),#7076);
#14141 = PRESENTATION_STYLE_ASSIGNMENT((#14142));
#14142 = SURFACE_STYLE_USAGE(.BOTH.,#14143);
#14143 = SURFACE_SIDE_STYLE('',(#14144));
#14144 = SURFACE_STYLE_FILL_AREA(#14145);
#14145 = FILL_AREA_STYLE('',(#14146));
#14146 = FILL_AREA_STYLE_COLOUR('',#13740);
#14147 = STYLED_ITEM('color',(#14148),#7100);
#14148 = PRESENTATION_STYLE_ASSIGNMENT((#14149));
#14149 = SURFACE_STYLE_USAGE(.BOTH.,#14150);
#14150 = SURFACE_SIDE_STYLE('',(#14151));
#14151 = SURFACE_STYLE_FILL_AREA(#14152);
#14152 = FILL_AREA_STYLE('',(#14153));
#14153 = FILL_AREA_STYLE_COLOUR('',#13740);
#14154 = STYLED_ITEM('color',(#14155),#7117);
#14155 = PRESENTATION_STYLE_ASSIGNMENT((#14156));
#14156 = SURFACE_STYLE_USAGE(.BOTH.,#14157);
#14157 = SURFACE_SIDE_STYLE('',(#14158));
#14158 = SURFACE_STYLE_FILL_AREA(#14159);
#14159 = FILL_AREA_STYLE('',(#14160));
#14160 = FILL_AREA_STYLE_COLOUR('',#13740);
#14161 = STYLED_ITEM('color',(#14162),#7148);
#14162 = PRESENTATION_STYLE_ASSIGNMENT((#14163));
#14163 = SURFACE_STYLE_USAGE(.BOTH.,#14164);
#14164 = SURFACE_SIDE_STYLE('',(#14165));
#14165 = SURFACE_STYLE_FILL_AREA(#14166);
#14166 = FILL_AREA_STYLE('',(#14167));
#14167 = FILL_AREA_STYLE_COLOUR('',#13740);
#14168 = STYLED_ITEM('color',(#14169),#7172);
#14169 = PRESENTATION_STYLE_ASSIGNMENT((#14170));
#14170 = SURFACE_STYLE_USAGE(.BOTH.,#14171);
#14171 = SURFACE_SIDE_STYLE('',(#14172));
#14172 = SURFACE_STYLE_FILL_AREA(#14173);
#14173 = FILL_AREA_STYLE('',(#14174));
#14174 = FILL_AREA_STYLE_COLOUR('',#13740);
#14175 = STYLED_ITEM('color',(#14176),#7196);
#14176 = PRESENTATION_STYLE_ASSIGNMENT((#14177));
#14177 = SURFACE_STYLE_USAGE(.BOTH.,#14178);
#14178 = SURFACE_SIDE_STYLE('',(#14179));
#14179 = SURFACE_STYLE_FILL_AREA(#14180);
#14180 = FILL_AREA_STYLE('',(#14181));
#14181 = FILL_AREA_STYLE_COLOUR('',#13740);
#14182 = STYLED_ITEM('color',(#14183),#7213);
#14183 = PRESENTATION_STYLE_ASSIGNMENT((#14184));
#14184 = SURFACE_STYLE_USAGE(.BOTH.,#14185);
#14185 = SURFACE_SIDE_STYLE('',(#14186));
#14186 = SURFACE_STYLE_FILL_AREA(#14187);
#14187 = FILL_AREA_STYLE('',(#14188));
#14188 = FILL_AREA_STYLE_COLOUR('',#13740);
#14189 = STYLED_ITEM('color',(#14190),#7244);
#14190 = PRESENTATION_STYLE_ASSIGNMENT((#14191));
#14191 = SURFACE_STYLE_USAGE(.BOTH.,#14192);
#14192 = SURFACE_SIDE_STYLE('',(#14193));
#14193 = SURFACE_STYLE_FILL_AREA(#14194);
#14194 = FILL_AREA_STYLE('',(#14195));
#14195 = FILL_AREA_STYLE_COLOUR('',#13740);
#14196 = STYLED_ITEM('color',(#14197),#7268);
#14197 = PRESENTATION_STYLE_ASSIGNMENT((#14198));
#14198 = SURFACE_STYLE_USAGE(.BOTH.,#14199);
#14199 = SURFACE_SIDE_STYLE('',(#14200));
#14200 = SURFACE_STYLE_FILL_AREA(#14201);
#14201 = FILL_AREA_STYLE('',(#14202));
#14202 = FILL_AREA_STYLE_COLOUR('',#13740);
#14203 = STYLED_ITEM('color',(#14204),#7292);
#14204 = PRESENTATION_STYLE_ASSIGNMENT((#14205));
#14205 = SURFACE_STYLE_USAGE(.BOTH.,#14206);
#14206 = SURFACE_SIDE_STYLE('',(#14207));
#14207 = SURFACE_STYLE_FILL_AREA(#14208);
#14208 = FILL_AREA_STYLE('',(#14209));
#14209 = FILL_AREA_STYLE_COLOUR('',#13740);
#14210 = STYLED_ITEM('color',(#14211),#7309);
#14211 = PRESENTATION_STYLE_ASSIGNMENT((#14212));
#14212 = SURFACE_STYLE_USAGE(.BOTH.,#14213);
#14213 = SURFACE_SIDE_STYLE('',(#14214));
#14214 = SURFACE_STYLE_FILL_AREA(#14215);
#14215 = FILL_AREA_STYLE('',(#14216));
#14216 = FILL_AREA_STYLE_COLOUR('',#13740);
#14217 = STYLED_ITEM('color',(#14218),#7340);
#14218 = PRESENTATION_STYLE_ASSIGNMENT((#14219));
#14219 = SURFACE_STYLE_USAGE(.BOTH.,#14220);
#14220 = SURFACE_SIDE_STYLE('',(#14221));
#14221 = SURFACE_STYLE_FILL_AREA(#14222);
#14222 = FILL_AREA_STYLE('',(#14223));
#14223 = FILL_AREA_STYLE_COLOUR('',#13740);
#14224 = STYLED_ITEM('color',(#14225),#7364);
#14225 = PRESENTATION_STYLE_ASSIGNMENT((#14226));
#14226 = SURFACE_STYLE_USAGE(.BOTH.,#14227);
#14227 = SURFACE_SIDE_STYLE('',(#14228));
#14228 = SURFACE_STYLE_FILL_AREA(#14229);
#14229 = FILL_AREA_STYLE('',(#14230));
#14230 = FILL_AREA_STYLE_COLOUR('',#13740);
#14231 = STYLED_ITEM('color',(#14232),#7388);
#14232 = PRESENTATION_STYLE_ASSIGNMENT((#14233));
#14233 = SURFACE_STYLE_USAGE(.BOTH.,#14234);
#14234 = SURFACE_SIDE_STYLE('',(#14235));
#14235 = SURFACE_STYLE_FILL_AREA(#14236);
#14236 = FILL_AREA_STYLE('',(#14237));
#14237 = FILL_AREA_STYLE_COLOUR('',#13740);
#14238 = STYLED_ITEM('color',(#14239),#7405);
#14239 = PRESENTATION_STYLE_ASSIGNMENT((#14240));
#14240 = SURFACE_STYLE_USAGE(.BOTH.,#14241);
#14241 = SURFACE_SIDE_STYLE('',(#14242));
#14242 = SURFACE_STYLE_FILL_AREA(#14243);
#14243 = FILL_AREA_STYLE('',(#14244));
#14244 = FILL_AREA_STYLE_COLOUR('',#13740);
#14245 = STYLED_ITEM('color',(#14246),#7436);
#14246 = PRESENTATION_STYLE_ASSIGNMENT((#14247));
#14247 = SURFACE_STYLE_USAGE(.BOTH.,#14248);
#14248 = SURFACE_SIDE_STYLE('',(#14249));
#14249 = SURFACE_STYLE_FILL_AREA(#14250);
#14250 = FILL_AREA_STYLE('',(#14251));
#14251 = FILL_AREA_STYLE_COLOUR('',#13740);
#14252 = STYLED_ITEM('color',(#14253),#7460);
#14253 = PRESENTATION_STYLE_ASSIGNMENT((#14254));
#14254 = SURFACE_STYLE_USAGE(.BOTH.,#14255);
#14255 = SURFACE_SIDE_STYLE('',(#14256));
#14256 = SURFACE_STYLE_FILL_AREA(#14257);
#14257 = FILL_AREA_STYLE('',(#14258));
#14258 = FILL_AREA_STYLE_COLOUR('',#13740);
#14259 = STYLED_ITEM('color',(#14260),#7484);
#14260 = PRESENTATION_STYLE_ASSIGNMENT((#14261));
#14261 = SURFACE_STYLE_USAGE(.BOTH.,#14262);
#14262 = SURFACE_SIDE_STYLE('',(#14263));
#14263 = SURFACE_STYLE_FILL_AREA(#14264);
#14264 = FILL_AREA_STYLE('',(#14265));
#14265 = FILL_AREA_STYLE_COLOUR('',#13740);
#14266 = STYLED_ITEM('color',(#14267),#7501);
#14267 = PRESENTATION_STYLE_ASSIGNMENT((#14268));
#14268 = SURFACE_STYLE_USAGE(.BOTH.,#14269);
#14269 = SURFACE_SIDE_STYLE('',(#14270));
#14270 = SURFACE_STYLE_FILL_AREA(#14271);
#14271 = FILL_AREA_STYLE('',(#14272));
#14272 = FILL_AREA_STYLE_COLOUR('',#13740);
#14273 = STYLED_ITEM('color',(#14274),#7532);
#14274 = PRESENTATION_STYLE_ASSIGNMENT((#14275));
#14275 = SURFACE_STYLE_USAGE(.BOTH.,#14276);
#14276 = SURFACE_SIDE_STYLE('',(#14277));
#14277 = SURFACE_STYLE_FILL_AREA(#14278);
#14278 = FILL_AREA_STYLE('',(#14279));
#14279 = FILL_AREA_STYLE_COLOUR('',#13740);
#14280 = STYLED_ITEM('color',(#14281),#7556);
#14281 = PRESENTATION_STYLE_ASSIGNMENT((#14282));
#14282 = SURFACE_STYLE_USAGE(.BOTH.,#14283);
#14283 = SURFACE_SIDE_STYLE('',(#14284));
#14284 = SURFACE_STYLE_FILL_AREA(#14285);
#14285 = FILL_AREA_STYLE('',(#14286));
#14286 = FILL_AREA_STYLE_COLOUR('',#13740);
#14287 = STYLED_ITEM('color',(#14288),#7580);
#14288 = PRESENTATION_STYLE_ASSIGNMENT((#14289));
#14289 = SURFACE_STYLE_USAGE(.BOTH.,#14290);
#14290 = SURFACE_SIDE_STYLE('',(#14291));
#14291 = SURFACE_STYLE_FILL_AREA(#14292);
#14292 = FILL_AREA_STYLE('',(#14293));
#14293 = FILL_AREA_STYLE_COLOUR('',#13740);
#14294 = STYLED_ITEM('color',(#14295),#7597);
#14295 = PRESENTATION_STYLE_ASSIGNMENT((#14296));
#14296 = SURFACE_STYLE_USAGE(.BOTH.,#14297);
#14297 = SURFACE_SIDE_STYLE('',(#14298));
#14298 = SURFACE_STYLE_FILL_AREA(#14299);
#14299 = FILL_AREA_STYLE('',(#14300));
#14300 = FILL_AREA_STYLE_COLOUR('',#13740);
#14301 = STYLED_ITEM('color',(#14302),#7628);
#14302 = PRESENTATION_STYLE_ASSIGNMENT((#14303));
#14303 = SURFACE_STYLE_USAGE(.BOTH.,#14304);
#14304 = SURFACE_SIDE_STYLE('',(#14305));
#14305 = SURFACE_STYLE_FILL_AREA(#14306);
#14306 = FILL_AREA_STYLE('',(#14307));
#14307 = FILL_AREA_STYLE_COLOUR('',#13740);
#14308 = STYLED_ITEM('color',(#14309),#7652);
#14309 = PRESENTATION_STYLE_ASSIGNMENT((#14310));
#14310 = SURFACE_STYLE_USAGE(.BOTH.,#14311);
#14311 = SURFACE_SIDE_STYLE('',(#14312));
#14312 = SURFACE_STYLE_FILL_AREA(#14313);
#14313 = FILL_AREA_STYLE('',(#14314));
#14314 = FILL_AREA_STYLE_COLOUR('',#13740);
#14315 = STYLED_ITEM('color',(#14316),#7676);
#14316 = PRESENTATION_STYLE_ASSIGNMENT((#14317));
#14317 = SURFACE_STYLE_USAGE(.BOTH.,#14318);
#14318 = SURFACE_SIDE_STYLE('',(#14319));
#14319 = SURFACE_STYLE_FILL_AREA(#14320);
#14320 = FILL_AREA_STYLE('',(#14321));
#14321 = FILL_AREA_STYLE_COLOUR('',#13740);
#14322 = STYLED_ITEM('color',(#14323),#7693);
#14323 = PRESENTATION_STYLE_ASSIGNMENT((#14324));
#14324 = SURFACE_STYLE_USAGE(.BOTH.,#14325);
#14325 = SURFACE_SIDE_STYLE('',(#14326));
#14326 = SURFACE_STYLE_FILL_AREA(#14327);
#14327 = FILL_AREA_STYLE('',(#14328));
#14328 = FILL_AREA_STYLE_COLOUR('',#13740);
#14329 = STYLED_ITEM('color',(#14330),#7724);
#14330 = PRESENTATION_STYLE_ASSIGNMENT((#14331));
#14331 = SURFACE_STYLE_USAGE(.BOTH.,#14332);
#14332 = SURFACE_SIDE_STYLE('',(#14333));
#14333 = SURFACE_STYLE_FILL_AREA(#14334);
#14334 = FILL_AREA_STYLE('',(#14335));
#14335 = FILL_AREA_STYLE_COLOUR('',#13740);
#14336 = STYLED_ITEM('color',(#14337),#7748);
#14337 = PRESENTATION_STYLE_ASSIGNMENT((#14338));
#14338 = SURFACE_STYLE_USAGE(.BOTH.,#14339);
#14339 = SURFACE_SIDE_STYLE('',(#14340));
#14340 = SURFACE_STYLE_FILL_AREA(#14341);
#14341 = FILL_AREA_STYLE('',(#14342));
#14342 = FILL_AREA_STYLE_COLOUR('',#13740);
#14343 = STYLED_ITEM('color',(#14344),#7772);
#14344 = PRESENTATION_STYLE_ASSIGNMENT((#14345));
#14345 = SURFACE_STYLE_USAGE(.BOTH.,#14346);
#14346 = SURFACE_SIDE_STYLE('',(#14347));
#14347 = SURFACE_STYLE_FILL_AREA(#14348);
#14348 = FILL_AREA_STYLE('',(#14349));
#14349 = FILL_AREA_STYLE_COLOUR('',#13740);
#14350 = STYLED_ITEM('color',(#14351),#7789);
#14351 = PRESENTATION_STYLE_ASSIGNMENT((#14352));
#14352 = SURFACE_STYLE_USAGE(.BOTH.,#14353);
#14353 = SURFACE_SIDE_STYLE('',(#14354));
#14354 = SURFACE_STYLE_FILL_AREA(#14355);
#14355 = FILL_AREA_STYLE('',(#14356));
#14356 = FILL_AREA_STYLE_COLOUR('',#13740);
#14357 = STYLED_ITEM('color',(#14358),#7820);
#14358 = PRESENTATION_STYLE_ASSIGNMENT((#14359));
#14359 = SURFACE_STYLE_USAGE(.BOTH.,#14360);
#14360 = SURFACE_SIDE_STYLE('',(#14361));
#14361 = SURFACE_STYLE_FILL_AREA(#14362);
#14362 = FILL_AREA_STYLE('',(#14363));
#14363 = FILL_AREA_STYLE_COLOUR('',#13740);
#14364 = STYLED_ITEM('color',(#14365),#7844);
#14365 = PRESENTATION_STYLE_ASSIGNMENT((#14366));
#14366 = SURFACE_STYLE_USAGE(.BOTH.,#14367);
#14367 = SURFACE_SIDE_STYLE('',(#14368));
#14368 = SURFACE_STYLE_FILL_AREA(#14369);
#14369 = FILL_AREA_STYLE('',(#14370));
#14370 = FILL_AREA_STYLE_COLOUR('',#13740);
#14371 = STYLED_ITEM('color',(#14372),#7868);
#14372 = PRESENTATION_STYLE_ASSIGNMENT((#14373));
#14373 = SURFACE_STYLE_USAGE(.BOTH.,#14374);
#14374 = SURFACE_SIDE_STYLE('',(#14375));
#14375 = SURFACE_STYLE_FILL_AREA(#14376);
#14376 = FILL_AREA_STYLE('',(#14377));
#14377 = FILL_AREA_STYLE_COLOUR('',#13740);
#14378 = STYLED_ITEM('color',(#14379),#7885);
#14379 = PRESENTATION_STYLE_ASSIGNMENT((#14380));
#14380 = SURFACE_STYLE_USAGE(.BOTH.,#14381);
#14381 = SURFACE_SIDE_STYLE('',(#14382));
#14382 = SURFACE_STYLE_FILL_AREA(#14383);
#14383 = FILL_AREA_STYLE('',(#14384));
#14384 = FILL_AREA_STYLE_COLOUR('',#13740);
#14385 = STYLED_ITEM('color',(#14386),#7916);
#14386 = PRESENTATION_STYLE_ASSIGNMENT((#14387));
#14387 = SURFACE_STYLE_USAGE(.BOTH.,#14388);
#14388 = SURFACE_SIDE_STYLE('',(#14389));
#14389 = SURFACE_STYLE_FILL_AREA(#14390);
#14390 = FILL_AREA_STYLE('',(#14391));
#14391 = FILL_AREA_STYLE_COLOUR('',#13740);
#14392 = STYLED_ITEM('color',(#14393),#7940);
#14393 = PRESENTATION_STYLE_ASSIGNMENT((#14394));
#14394 = SURFACE_STYLE_USAGE(.BOTH.,#14395);
#14395 = SURFACE_SIDE_STYLE('',(#14396));
#14396 = SURFACE_STYLE_FILL_AREA(#14397);
#14397 = FILL_AREA_STYLE('',(#14398));
#14398 = FILL_AREA_STYLE_COLOUR('',#13740);
#14399 = STYLED_ITEM('color',(#14400),#7964);
#14400 = PRESENTATION_STYLE_ASSIGNMENT((#14401));
#14401 = SURFACE_STYLE_USAGE(.BOTH.,#14402);
#14402 = SURFACE_SIDE_STYLE('',(#14403));
#14403 = SURFACE_STYLE_FILL_AREA(#14404);
#14404 = FILL_AREA_STYLE('',(#14405));
#14405 = FILL_AREA_STYLE_COLOUR('',#13740);
#14406 = STYLED_ITEM('color',(#14407),#7981);
#14407 = PRESENTATION_STYLE_ASSIGNMENT((#14408));
#14408 = SURFACE_STYLE_USAGE(.BOTH.,#14409);
#14409 = SURFACE_SIDE_STYLE('',(#14410));
#14410 = SURFACE_STYLE_FILL_AREA(#14411);
#14411 = FILL_AREA_STYLE('',(#14412));
#14412 = FILL_AREA_STYLE_COLOUR('',#13740);
#14413 = STYLED_ITEM('color',(#14414),#7993);
#14414 = PRESENTATION_STYLE_ASSIGNMENT((#14415));
#14415 = SURFACE_STYLE_USAGE(.BOTH.,#14416);
#14416 = SURFACE_SIDE_STYLE('',(#14417));
#14417 = SURFACE_STYLE_FILL_AREA(#14418);
#14418 = FILL_AREA_STYLE('',(#14419));
#14419 = FILL_AREA_STYLE_COLOUR('',#13740);
#14420 = STYLED_ITEM('color',(#14421),#8005);
#14421 = PRESENTATION_STYLE_ASSIGNMENT((#14422));
#14422 = SURFACE_STYLE_USAGE(.BOTH.,#14423);
#14423 = SURFACE_SIDE_STYLE('',(#14424));
#14424 = SURFACE_STYLE_FILL_AREA(#14425);
#14425 = FILL_AREA_STYLE('',(#14426));
#14426 = FILL_AREA_STYLE_COLOUR('',#13740);
#14427 = STYLED_ITEM('color',(#14428),#8017);
#14428 = PRESENTATION_STYLE_ASSIGNMENT((#14429));
#14429 = SURFACE_STYLE_USAGE(.BOTH.,#14430);
#14430 = SURFACE_SIDE_STYLE('',(#14431));
#14431 = SURFACE_STYLE_FILL_AREA(#14432);
#14432 = FILL_AREA_STYLE('',(#14433));
#14433 = FILL_AREA_STYLE_COLOUR('',#13740);
#14434 = STYLED_ITEM('color',(#14435),#8029);
#14435 = PRESENTATION_STYLE_ASSIGNMENT((#14436));
#14436 = SURFACE_STYLE_USAGE(.BOTH.,#14437);
#14437 = SURFACE_SIDE_STYLE('',(#14438));
#14438 = SURFACE_STYLE_FILL_AREA(#14439);
#14439 = FILL_AREA_STYLE('',(#14440));
#14440 = FILL_AREA_STYLE_COLOUR('',#13740);
#14441 = STYLED_ITEM('color',(#14442),#8041);
#14442 = PRESENTATION_STYLE_ASSIGNMENT((#14443));
#14443 = SURFACE_STYLE_USAGE(.BOTH.,#14444);
#14444 = SURFACE_SIDE_STYLE('',(#14445));
#14445 = SURFACE_STYLE_FILL_AREA(#14446);
#14446 = FILL_AREA_STYLE('',(#14447));
#14447 = FILL_AREA_STYLE_COLOUR('',#13740);
#14448 = STYLED_ITEM('color',(#14449),#8053);
#14449 = PRESENTATION_STYLE_ASSIGNMENT((#14450));
#14450 = SURFACE_STYLE_USAGE(.BOTH.,#14451);
#14451 = SURFACE_SIDE_STYLE('',(#14452));
#14452 = SURFACE_STYLE_FILL_AREA(#14453);
#14453 = FILL_AREA_STYLE('',(#14454));
#14454 = FILL_AREA_STYLE_COLOUR('',#13740);
#14455 = STYLED_ITEM('color',(#14456),#8065);
#14456 = PRESENTATION_STYLE_ASSIGNMENT((#14457));
#14457 = SURFACE_STYLE_USAGE(.BOTH.,#14458);
#14458 = SURFACE_SIDE_STYLE('',(#14459));
#14459 = SURFACE_STYLE_FILL_AREA(#14460);
#14460 = FILL_AREA_STYLE('',(#14461));
#14461 = FILL_AREA_STYLE_COLOUR('',#13740);
#14462 = STYLED_ITEM('color',(#14463),#8077);
#14463 = PRESENTATION_STYLE_ASSIGNMENT((#14464));
#14464 = SURFACE_STYLE_USAGE(.BOTH.,#14465);
#14465 = SURFACE_SIDE_STYLE('',(#14466));
#14466 = SURFACE_STYLE_FILL_AREA(#14467);
#14467 = FILL_AREA_STYLE('',(#14468));
#14468 = FILL_AREA_STYLE_COLOUR('',#13740);
#14469 = STYLED_ITEM('color',(#14470),#8089);
#14470 = PRESENTATION_STYLE_ASSIGNMENT((#14471));
#14471 = SURFACE_STYLE_USAGE(.BOTH.,#14472);
#14472 = SURFACE_SIDE_STYLE('',(#14473));
#14473 = SURFACE_STYLE_FILL_AREA(#14474);
#14474 = FILL_AREA_STYLE('',(#14475));
#14475 = FILL_AREA_STYLE_COLOUR('',#13740);
#14476 = STYLED_ITEM('color',(#14477),#8101);
#14477 = PRESENTATION_STYLE_ASSIGNMENT((#14478));
#14478 = SURFACE_STYLE_USAGE(.BOTH.,#14479);
#14479 = SURFACE_SIDE_STYLE('',(#14480));
#14480 = SURFACE_STYLE_FILL_AREA(#14481);
#14481 = FILL_AREA_STYLE('',(#14482));
#14482 = FILL_AREA_STYLE_COLOUR('',#13740);
#14483 = STYLED_ITEM('color',(#14484),#8113);
#14484 = PRESENTATION_STYLE_ASSIGNMENT((#14485));
#14485 = SURFACE_STYLE_USAGE(.BOTH.,#14486);
#14486 = SURFACE_SIDE_STYLE('',(#14487));
#14487 = SURFACE_STYLE_FILL_AREA(#14488);
#14488 = FILL_AREA_STYLE('',(#14489));
#14489 = FILL_AREA_STYLE_COLOUR('',#13740);
#14490 = MECHANICAL_DESIGN_GEOMETRIC_PRESENTATION_REPRESENTATION('',(
    #14491),#9767);
#14491 = STYLED_ITEM('color',(#14492),#9617);
#14492 = PRESENTATION_STYLE_ASSIGNMENT((#14493,#14498));
#14493 = SURFACE_STYLE_USAGE(.BOTH.,#14494);
#14494 = SURFACE_SIDE_STYLE('',(#14495));
#14495 = SURFACE_STYLE_FILL_AREA(#14496);
#14496 = FILL_AREA_STYLE('',(#14497));
#14497 = FILL_AREA_STYLE_COLOUR('',#12692);
#14498 = CURVE_STYLE('',#14499,POSITIVE_LENGTH_MEASURE(0.1),#12695);
#14499 = DRAUGHTING_PRE_DEFINED_CURVE_FONT('continuous');
#14500 = MECHANICAL_DESIGN_GEOMETRIC_PRESENTATION_REPRESENTATION('',(
    #14501,#14508,#14515,#14522,#14529,#14536,#14543,#14550,#14557,
    #14564,#14571,#14579,#14586,#14593,#14600,#14607,#14614,#14621,
    #14628,#14635,#14642,#14649,#14656,#14663,#14670,#14677,#14684,
    #14691),#947);
#14501 = STYLED_ITEM('color',(#14502),#95);
#14502 = PRESENTATION_STYLE_ASSIGNMENT((#14503));
#14503 = SURFACE_STYLE_USAGE(.BOTH.,#14504);
#14504 = SURFACE_SIDE_STYLE('',(#14505));
#14505 = SURFACE_STYLE_FILL_AREA(#14506);
#14506 = FILL_AREA_STYLE('',(#14507));
#14507 = FILL_AREA_STYLE_COLOUR('',#12715);
#14508 = STYLED_ITEM('color',(#14509),#171);
#14509 = PRESENTATION_STYLE_ASSIGNMENT((#14510));
#14510 = SURFACE_STYLE_USAGE(.BOTH.,#14511);
#14511 = SURFACE_SIDE_STYLE('',(#14512));
#14512 = SURFACE_STYLE_FILL_AREA(#14513);
#14513 = FILL_AREA_STYLE('',(#14514));
#14514 = FILL_AREA_STYLE_COLOUR('',#12715);
#14515 = STYLED_ITEM('color',(#14516),#202);
#14516 = PRESENTATION_STYLE_ASSIGNMENT((#14517));
#14517 = SURFACE_STYLE_USAGE(.BOTH.,#14518);
#14518 = SURFACE_SIDE_STYLE('',(#14519));
#14519 = SURFACE_STYLE_FILL_AREA(#14520);
#14520 = FILL_AREA_STYLE('',(#14521));
#14521 = FILL_AREA_STYLE_COLOUR('',#12715);
#14522 = STYLED_ITEM('color',(#14523),#227);
#14523 = PRESENTATION_STYLE_ASSIGNMENT((#14524));
#14524 = SURFACE_STYLE_USAGE(.BOTH.,#14525);
#14525 = SURFACE_SIDE_STYLE('',(#14526));
#14526 = SURFACE_STYLE_FILL_AREA(#14527);
#14527 = FILL_AREA_STYLE('',(#14528));
#14528 = FILL_AREA_STYLE_COLOUR('',#12715);
#14529 = STYLED_ITEM('color',(#14530),#252);
#14530 = PRESENTATION_STYLE_ASSIGNMENT((#14531));
#14531 = SURFACE_STYLE_USAGE(.BOTH.,#14532);
#14532 = SURFACE_SIDE_STYLE('',(#14533));
#14533 = SURFACE_STYLE_FILL_AREA(#14534);
#14534 = FILL_AREA_STYLE('',(#14535));
#14535 = FILL_AREA_STYLE_COLOUR('',#12715);
#14536 = STYLED_ITEM('color',(#14537),#276);
#14537 = PRESENTATION_STYLE_ASSIGNMENT((#14538));
#14538 = SURFACE_STYLE_USAGE(.BOTH.,#14539);
#14539 = SURFACE_SIDE_STYLE('',(#14540));
#14540 = SURFACE_STYLE_FILL_AREA(#14541);
#14541 = FILL_AREA_STYLE('',(#14542));
#14542 = FILL_AREA_STYLE_COLOUR('',#12715);
#14543 = STYLED_ITEM('color',(#14544),#300);
#14544 = PRESENTATION_STYLE_ASSIGNMENT((#14545));
#14545 = SURFACE_STYLE_USAGE(.BOTH.,#14546);
#14546 = SURFACE_SIDE_STYLE('',(#14547));
#14547 = SURFACE_STYLE_FILL_AREA(#14548);
#14548 = FILL_AREA_STYLE('',(#14549));
#14549 = FILL_AREA_STYLE_COLOUR('',#12715);
#14550 = STYLED_ITEM('color',(#14551),#325);
#14551 = PRESENTATION_STYLE_ASSIGNMENT((#14552));
#14552 = SURFACE_STYLE_USAGE(.BOTH.,#14553);
#14553 = SURFACE_SIDE_STYLE('',(#14554));
#14554 = SURFACE_STYLE_FILL_AREA(#14555);
#14555 = FILL_AREA_STYLE('',(#14556));
#14556 = FILL_AREA_STYLE_COLOUR('',#12715);
#14557 = STYLED_ITEM('color',(#14558),#350);
#14558 = PRESENTATION_STYLE_ASSIGNMENT((#14559));
#14559 = SURFACE_STYLE_USAGE(.BOTH.,#14560);
#14560 = SURFACE_SIDE_STYLE('',(#14561));
#14561 = SURFACE_STYLE_FILL_AREA(#14562);
#14562 = FILL_AREA_STYLE('',(#14563));
#14563 = FILL_AREA_STYLE_COLOUR('',#12715);
#14564 = STYLED_ITEM('color',(#14565),#367);
#14565 = PRESENTATION_STYLE_ASSIGNMENT((#14566));
#14566 = SURFACE_STYLE_USAGE(.BOTH.,#14567);
#14567 = SURFACE_SIDE_STYLE('',(#14568));
#14568 = SURFACE_STYLE_FILL_AREA(#14569);
#14569 = FILL_AREA_STYLE('',(#14570));
#14570 = FILL_AREA_STYLE_COLOUR('',#12715);
#14571 = STYLED_ITEM('color',(#14572),#453);
#14572 = PRESENTATION_STYLE_ASSIGNMENT((#14573));
#14573 = SURFACE_STYLE_USAGE(.BOTH.,#14574);
#14574 = SURFACE_SIDE_STYLE('',(#14575));
#14575 = SURFACE_STYLE_FILL_AREA(#14576);
#14576 = FILL_AREA_STYLE('',(#14577));
#14577 = FILL_AREA_STYLE_COLOUR('',#14578);
#14578 = COLOUR_RGB('',0.379000005575,0.270000008848,0.214999999939);
#14579 = STYLED_ITEM('color',(#14580),#485);
#14580 = PRESENTATION_STYLE_ASSIGNMENT((#14581));
#14581 = SURFACE_STYLE_USAGE(.BOTH.,#14582);
#14582 = SURFACE_SIDE_STYLE('',(#14583));
#14583 = SURFACE_STYLE_FILL_AREA(#14584);
#14584 = FILL_AREA_STYLE('',(#14585));
#14585 = FILL_AREA_STYLE_COLOUR('',#14578);
#14586 = STYLED_ITEM('color',(#14587),#509);
#14587 = PRESENTATION_STYLE_ASSIGNMENT((#14588));
#14588 = SURFACE_STYLE_USAGE(.BOTH.,#14589);
#14589 = SURFACE_SIDE_STYLE('',(#14590));
#14590 = SURFACE_STYLE_FILL_AREA(#14591);
#14591 = FILL_AREA_STYLE('',(#14592));
#14592 = FILL_AREA_STYLE_COLOUR('',#14578);
#14593 = STYLED_ITEM('color',(#14594),#534);
#14594 = PRESENTATION_STYLE_ASSIGNMENT((#14595));
#14595 = SURFACE_STYLE_USAGE(.BOTH.,#14596);
#14596 = SURFACE_SIDE_STYLE('',(#14597));
#14597 = SURFACE_STYLE_FILL_AREA(#14598);
#14598 = FILL_AREA_STYLE('',(#14599));
#14599 = FILL_AREA_STYLE_COLOUR('',#14578);
#14600 = STYLED_ITEM('color',(#14601),#558);
#14601 = PRESENTATION_STYLE_ASSIGNMENT((#14602));
#14602 = SURFACE_STYLE_USAGE(.BOTH.,#14603);
#14603 = SURFACE_SIDE_STYLE('',(#14604));
#14604 = SURFACE_STYLE_FILL_AREA(#14605);
#14605 = FILL_AREA_STYLE('',(#14606));
#14606 = FILL_AREA_STYLE_COLOUR('',#14578);
#14607 = STYLED_ITEM('color',(#14608),#583);
#14608 = PRESENTATION_STYLE_ASSIGNMENT((#14609));
#14609 = SURFACE_STYLE_USAGE(.BOTH.,#14610);
#14610 = SURFACE_SIDE_STYLE('',(#14611));
#14611 = SURFACE_STYLE_FILL_AREA(#14612);
#14612 = FILL_AREA_STYLE('',(#14613));
#14613 = FILL_AREA_STYLE_COLOUR('',#14578);
#14614 = STYLED_ITEM('color',(#14615),#607);
#14615 = PRESENTATION_STYLE_ASSIGNMENT((#14616));
#14616 = SURFACE_STYLE_USAGE(.BOTH.,#14617);
#14617 = SURFACE_SIDE_STYLE('',(#14618));
#14618 = SURFACE_STYLE_FILL_AREA(#14619);
#14619 = FILL_AREA_STYLE('',(#14620));
#14620 = FILL_AREA_STYLE_COLOUR('',#14578);
#14621 = STYLED_ITEM('color',(#14622),#632);
#14622 = PRESENTATION_STYLE_ASSIGNMENT((#14623));
#14623 = SURFACE_STYLE_USAGE(.BOTH.,#14624);
#14624 = SURFACE_SIDE_STYLE('',(#14625));
#14625 = SURFACE_STYLE_FILL_AREA(#14626);
#14626 = FILL_AREA_STYLE('',(#14627));
#14627 = FILL_AREA_STYLE_COLOUR('',#14578);
#14628 = STYLED_ITEM('color',(#14629),#649);
#14629 = PRESENTATION_STYLE_ASSIGNMENT((#14630));
#14630 = SURFACE_STYLE_USAGE(.BOTH.,#14631);
#14631 = SURFACE_SIDE_STYLE('',(#14632));
#14632 = SURFACE_STYLE_FILL_AREA(#14633);
#14633 = FILL_AREA_STYLE('',(#14634));
#14634 = FILL_AREA_STYLE_COLOUR('',#12715);
#14635 = STYLED_ITEM('color',(#14636),#735);
#14636 = PRESENTATION_STYLE_ASSIGNMENT((#14637));
#14637 = SURFACE_STYLE_USAGE(.BOTH.,#14638);
#14638 = SURFACE_SIDE_STYLE('',(#14639));
#14639 = SURFACE_STYLE_FILL_AREA(#14640);
#14640 = FILL_AREA_STYLE('',(#14641));
#14641 = FILL_AREA_STYLE_COLOUR('',#12715);
#14642 = STYLED_ITEM('color',(#14643),#766);
#14643 = PRESENTATION_STYLE_ASSIGNMENT((#14644));
#14644 = SURFACE_STYLE_USAGE(.BOTH.,#14645);
#14645 = SURFACE_SIDE_STYLE('',(#14646));
#14646 = SURFACE_STYLE_FILL_AREA(#14647);
#14647 = FILL_AREA_STYLE('',(#14648));
#14648 = FILL_AREA_STYLE_COLOUR('',#12715);
#14649 = STYLED_ITEM('color',(#14650),#791);
#14650 = PRESENTATION_STYLE_ASSIGNMENT((#14651));
#14651 = SURFACE_STYLE_USAGE(.BOTH.,#14652);
#14652 = SURFACE_SIDE_STYLE('',(#14653));
#14653 = SURFACE_STYLE_FILL_AREA(#14654);
#14654 = FILL_AREA_STYLE('',(#14655));
#14655 = FILL_AREA_STYLE_COLOUR('',#12715);
#14656 = STYLED_ITEM('color',(#14657),#816);
#14657 = PRESENTATION_STYLE_ASSIGNMENT((#14658));
#14658 = SURFACE_STYLE_USAGE(.BOTH.,#14659);
#14659 = SURFACE_SIDE_STYLE('',(#14660));
#14660 = SURFACE_STYLE_FILL_AREA(#14661);
#14661 = FILL_AREA_STYLE('',(#14662));
#14662 = FILL_AREA_STYLE_COLOUR('',#12715);
#14663 = STYLED_ITEM('color',(#14664),#840);
#14664 = PRESENTATION_STYLE_ASSIGNMENT((#14665));
#14665 = SURFACE_STYLE_USAGE(.BOTH.,#14666);
#14666 = SURFACE_SIDE_STYLE('',(#14667));
#14667 = SURFACE_STYLE_FILL_AREA(#14668);
#14668 = FILL_AREA_STYLE('',(#14669));
#14669 = FILL_AREA_STYLE_COLOUR('',#12715);
#14670 = STYLED_ITEM('color',(#14671),#864);
#14671 = PRESENTATION_STYLE_ASSIGNMENT((#14672));
#14672 = SURFACE_STYLE_USAGE(.BOTH.,#14673);
#14673 = SURFACE_SIDE_STYLE('',(#14674));
#14674 = SURFACE_STYLE_FILL_AREA(#14675);
#14675 = FILL_AREA_STYLE('',(#14676));
#14676 = FILL_AREA_STYLE_COLOUR('',#12715);
#14677 = STYLED_ITEM('color',(#14678),#889);
#14678 = PRESENTATION_STYLE_ASSIGNMENT((#14679));
#14679 = SURFACE_STYLE_USAGE(.BOTH.,#14680);
#14680 = SURFACE_SIDE_STYLE('',(#14681));
#14681 = SURFACE_STYLE_FILL_AREA(#14682);
#14682 = FILL_AREA_STYLE('',(#14683));
#14683 = FILL_AREA_STYLE_COLOUR('',#12715);
#14684 = STYLED_ITEM('color',(#14685),#914);
#14685 = PRESENTATION_STYLE_ASSIGNMENT((#14686));
#14686 = SURFACE_STYLE_USAGE(.BOTH.,#14687);
#14687 = SURFACE_SIDE_STYLE('',(#14688));
#14688 = SURFACE_STYLE_FILL_AREA(#14689);
#14689 = FILL_AREA_STYLE('',(#14690));
#14690 = FILL_AREA_STYLE_COLOUR('',#12715);
#14691 = STYLED_ITEM('color',(#14692),#931);
#14692 = PRESENTATION_STYLE_ASSIGNMENT((#14693));
#14693 = SURFACE_STYLE_USAGE(.BOTH.,#14694);
#14694 = SURFACE_SIDE_STYLE('',(#14695));
#14695 = SURFACE_STYLE_FILL_AREA(#14696);
#14696 = FILL_AREA_STYLE('',(#14697));
#14697 = FILL_AREA_STYLE_COLOUR('',#12715);
#14698 = MECHANICAL_DESIGN_GEOMETRIC_PRESENTATION_REPRESENTATION('',(
    #14699),#12673);
#14699 = STYLED_ITEM('color',(#14700),#9791);
#14700 = PRESENTATION_STYLE_ASSIGNMENT((#14701));
#14701 = SURFACE_STYLE_USAGE(.BOTH.,#14702);
#14702 = SURFACE_SIDE_STYLE('',(#14703));
#14703 = SURFACE_STYLE_FILL_AREA(#14704);
#14704 = FILL_AREA_STYLE('',(#14705));
#14705 = FILL_AREA_STYLE_COLOUR('',#14706);
#14706 = COLOUR_RGB('',0.313304153717,0.484529207832,0.410020903123);
#14707 = MECHANICAL_DESIGN_GEOMETRIC_PRESENTATION_REPRESENTATION('',(
    #14708),#9429);
#14708 = STYLED_ITEM('color',(#14709),#9246);
#14709 = PRESENTATION_STYLE_ASSIGNMENT((#14710,#14715));
#14710 = SURFACE_STYLE_USAGE(.BOTH.,#14711);
#14711 = SURFACE_SIDE_STYLE('',(#14712));
#14712 = SURFACE_STYLE_FILL_AREA(#14713);
#14713 = FILL_AREA_STYLE('',(#14714));
#14714 = FILL_AREA_STYLE_COLOUR('',#12692);
#14715 = CURVE_STYLE('',#14716,POSITIVE_LENGTH_MEASURE(0.1),#12695);
#14716 = DRAUGHTING_PRE_DEFINED_CURVE_FONT('continuous');
ENDSEC;
END-ISO-10303-21;
